Bank	Address	Name	CallingConvention	RegisterInputs	RegisterOutputs	DirectMemoryWrites	Calls
08	803C	Bank08_MapTileServices	Direct call from $08:$84EF	A,X	A,P,X	$6F20+X,$6F40+X,$7600+X,$761F+X	
08	8055	MapTileSystem_Entry_8055	Direct call from $08:$8509; Direct call from $08:$879D	A,X	A,P,X,Y	$00,$01,$0E,$0F	
08	8082	MapTileSystem_Entry_8082	Direct call from $08:$8473	A,Y	A,P,Y	$000A+Y,$0A,$0B	
08	8097	MapTileSystem_Entry_8097	Pointer $08:$803A (30-entry map and tile service directory)	A	A,P	$0A,$0B	
08	80B7	MapTileSystem_Entry_80B7	Direct call from $08:$851E	A	A,P	$0E,$0F	
08	80C4	MapTileSystem_Entry_80C4	Direct call from $08:$8655	A,Y	A,P,Y	$0A,$0B,$0C	
08	80D5	MapTileSystem_Entry_80D5	Direct call from $08:$8481; Direct call from $08:$8658; Direct call from $08:$8733	A,X,Y	A,P,X,Y	$00,$01,$0100,$0100+Y,$0101,$0102,$0102+X,$0103,$0103+X,$0104,$0105,$0106,$0107,$02,$03,$08,$0C,$72,$73,$75,$76	$C813,$C81D
08	823D	MapTileSystem_Entry_823D	Direct call from $08:$84AB	A,X,Y	A,P,X,Y	($00),Y,$00,$01,$0100+X,$0101+X,$02,$03,$04,$18,$75,$7700+Y,$7701+Y,$79	$C813
08	8340	MapTileSystem_Entry_8340	Direct call from $08:$865B	A,X,Y	A,P,X,Y	($00),Y,$00,$01,$0100+X,$0101+X,$02,$03,$18,$75,$7700+Y,$7701+Y,$79	$C81D
08	8362	MapTileSystem_Entry_8362	Direct call from $08:$8503; Direct call from $08:$864F; Direct call from $08:$8776	A,X	A,P,X,Y	$00,$01,$19,$1A	
08	838D	MapTileSystem_Entry_838D	Direct call from $08:$8506; Direct call from $08:$8652; Direct call from $08:$8779	A	A,P	$2006	
08	839F	MapTileSystem_Entry_839F	Direct call from $08:$8406	A,X	A,P,X	$0300+X,$050A,$050B	
08	83BD	MapTileSystem_Entry_83BD	Direct call from $08:$84AE; Direct call from $08:$865E	A,X	A,P,X	$00,$01	$83F4,$89C9,$C7E1
08	83F4	MapTileSystem_Entry_83F4	Direct call from $08:$83E2; Direct call from $08:$878E	A,X,Y	A,P,X,Y	$0300+X,$050A,$2007	$839F
08	8433	MapTileSystem_Entry_8433	Direct call from $08:$847E; Direct call from $08:$8730	A,X	A,P,X	($00,X),$00,$01	$C813
08	8452	MapTileSystem_Entry_8452	Direct call from $08:$8484; Direct call from $08:$8736	A,X	A,P,X	$6F20+X,$6F40+X	
08	8476	MapTileSystem_Entry_8476	Direct call from $08:$8581; Direct call from $08:$8596	A,X	A,P,X	$0E,$0F,$6E5E+X	$80D5,$823D,$83BD,$8433,$8452
08	84BD	MapTileSystem_Entry_84BD	Direct call from $08:$850F; Direct call from $08:$8524	A,X	A,P,X	$0E,$0F,$16,$6E5E+X	$8082,$80D5,$823D,$83BD,$8433,$8452
08	84C2	MapTileSystem_Entry_84C2	Pointer $08:$802A (30-entry map and tile service directory)	A,X,Y	A,P,X,Y	$0D,$6E5E+X	
08	84C7	MapTileSystem_Entry_84C7	Pointer $08:$8004 (30-entry map and tile service directory)	A,X,Y	A,P,X,Y	$0D,$6E5E+X	
08	853E	MapTileSystem_Entry_853E	Direct call from $08:$852F	A,X,Y	A,P,X,Y	$000A+Y,$16,$7684,$7685,$7686,$7687	$8476
08	859B	MapTileSystem_Entry_859B	Direct call from $08:$85D3	A	A,P	$0E,$7A	
08	85D3	MapTileSystem_Entry_85D3	Pointer $08:$8008 (30-entry map and tile service directory)	A,X,Y	A,P,X,Y	$00+X,$04,$05,$07,$09,$0D,$0E,$0F,$74,$79	$859B,$864B,$C813,$C81D
08	864B	MapTileSystem_Entry_864B	Direct call from $08:$8623	A,X,Y	A,P,X,Y	$16	$80C4,$80D5,$8340,$8362,$838D,$83BD
08	8668	MapTileSystem_Entry_8668	Pointer $08:$801A (30-entry map and tile service directory)	A,X,Y	A,P,X,Y	$00+X,$04,$05,$07,$09,$0D,$0E,$0F,$16,$18,$6BDD,$72,$73,$74,$79,$7A	$864B,$C62D,$C813,$C81D
08	8676	MapTileSystem_Entry_8676	Pointer $08:$8016 (30-entry map and tile service directory)	A,X,Y	A,P,X,Y	$00+X,$04,$05,$07,$09,$0D,$0E,$0F,$16,$18,$6BDD,$72,$73,$74,$79,$7A	$864B,$C813,$C81D
08	86E5	MapTileSystem_Entry_86E5	Pointer $08:$8006 (30-entry map and tile service directory)	A,X	A,P,X	$0609+X,$16,$18,$6BDD	
08	86F2	MapTileSystem_Entry_86F2	Pointer $08:$800E (30-entry map and tile service directory)	A,X	A,P,X	$0609+X	
08	8710	MapTileSystem_Entry_8710	Pointer $08:$8022 (30-entry map and tile service directory)	A,Y	A,P,X,Y	($00),Y,$00,$01,$05,$09,$0A,$0B,$0C,$0D,$16,$18,$79	$80D5,$8433,$8452,$8774,$C813
08	8774	MapTileSystem_Entry_8774	Direct call from $08:$8765; Direct call from $08:$876C	A,X	A,P,X	$00,$01	$8362,$838D,$83F4,$C7E1
08	8796	MapTileSystem_Entry_8796	Pointer $08:$8024 (30-entry map and tile service directory)	A,X,Y	A,P,X,Y	$02,$03,$04,$05,$053E,$053F,$0540,$0541,$06,$07,$08,$09,$0A,$0B,$0C,$51,$52,$53	$8055,$8800,$880E,$893D,$8957,$896F,$D3E6
08	8800	MapTileSystem_Entry_8800	Direct call from $08:$87AE; Direct call from $08:$87EB	A,Y	A,P,Y	$00,$01	
08	880E	MapTileSystem_Entry_880E	Direct call from $08:$87B1; Direct call from $08:$87EE	A,X	A,P,X		
08	893D	MapTileSystem_Entry_893D	Direct call from $08:$8915; Direct call from $08:$8926	A,X,Y	A,P,X,Y		
08	8957	MapTileSystem_Entry_8957	Direct call from $08:$886A; Direct call from $08:$8871; Direct call from $08:$8894; Direct call from $08:$889B; Direct call from $08:$88B2; Direct call from $08:$88B8; Direct call from $08:$88D1; Direct call from $08:$88D7; Direct call from $08:$8919	A,X,Y	A,P,X,Y	$03	$D3E6
08	896F	MapTileSystem_Entry_896F	Direct call from $08:$8847; Direct call from $08:$8902; Direct call from $08:$8908; Direct call from $08:$890B	A,Y	A,P,Y		
08	89C9	MapTileSystem_Entry_89C9	Direct call from $08:$83DF	A,X	A,P,X	$0108+X,$02,$75	$8A00,$8A15
08	8A00	MapTileSystem_Entry_8A00	Direct call from $08:$89DC	A,X	A,P,X	$03	
08	8A15	MapTileSystem_Entry_8A15	Direct call from $08:$89E8	A,X	A,P,X	$03	
08	8A2A	MapTileSystem_Entry_8A2A	Direct call from $08:$8535	A,X,Y	A,P,X,Y	$6F40+Y,$6F41,$6F54	
08	8A85	MapTileSystem_Entry_8A85	Direct call from $08:$8538	A,X	A,P,X	$058C	
08	AEE3	MapTileSystem_Entry_AEE3	Direct call from $08:$B639; Pointer $08:$8010 (30-entry map and tile service directory)		P,X		
08	AF13	MapTileSystem_Entry_AF13	Direct call from $08:$B2DA	A,Y	A,P,X,Y	$44,$45,$62AA,$63,$64	$AF82,$AF89,$AF99,$B5F1
08	AF82	MapTileSystem_Entry_AF82	Direct call from $08:$AF79; Direct call from $08:$AFB1; Direct call from $08:$AFDB; Direct call from $08:$B001; Direct call from $08:$B02C; Direct call from $08:$B229	A,X,Y	P	$44,$45,$64	
08	AF89	MapTileSystem_Entry_AF89	Direct call from $08:$AF32; Direct call from $08:$B08D	A,Y	A,P,Y	$65	$B037
08	AF99	MapTileSystem_Entry_AF99	Direct call from $08:$AF35	A,X,Y	A,P,X,Y	$44,$45,$64	$AF82,$B5E2,$B5F1
08	B037	MapTileSystem_Entry_B037	Direct call from $08:$AF89; Direct call from $08:$B5F2	A,Y	A,P,Y	$DA,$DB	
08	B05C	MapTileSystem_Entry_B05C	Direct call from $08:$AEEA; Direct call from $08:$AEEE; Direct call from $08:$AEF6; Direct call from $08:$AEFF; Direct call from $08:$B071; Direct call from $08:$B090; Direct call from $08:$B096	A,X	A,P,X	$E9	$C3EA
08	B06A	MapTileSystem_Entry_B06A	Direct call from $08:$B2E7; Pointer $08:$8012 (30-entry map and tile service directory)		P,X		
08	B135	MapTileSystem_Entry_B135	Direct call from $08:$B0A7; Direct call from $08:$B0B4; Direct call from $08:$B0C1; Direct call from $08:$B0CA; Direct call from $08:$B0DF; Direct call from $08:$B0F8; Direct call from $08:$B10A; Direct call from $08:$B114; Direct call from $08:$B126; Direct call from $08:$B12E; Direct call from $08:$B318		P		
08	B188	MapTileSystem_Entry_B188	Pointer $08:$8000 (30-entry map and tile service directory)	A,X,Y	A,P,X,Y		$AF82
08	B22E	MapTileSystem_Entry_B22E	Pointer $08:$8014 (30-entry map and tile service directory)	A	A,P,X,Y		$AF82,$B246,$B323,$B397,$B48E,$B554,$B59F,$B5E8
08	B246	MapTileSystem_Entry_B246	Direct call from $08:$B231	A,X,Y	A,P,X,Y	$00,$01,$42,$43,$63,$64,$DE,$DF,$E4,$E5,$E6,$E7	$AF13,$B06A,$B135,$B4C1,$B4ED
08	B304	MapTileSystem_Entry_B304	Pointer $08:$8034 (30-entry map and tile service directory)	A,X,Y	A,P,X,Y	$00,$42,$43	$B135
08	B323	MapTileSystem_Entry_B323	Direct call from $08:$B22E	A,Y	A,P,X,Y	$00,$44,$45,$63,$64	$AF82,$B376,$B5E8
08	B376	MapTileSystem_Entry_B376	Direct call from $08:$B368	A,Y	A,P	$7928,$79F1,$7A5F,$7A6A	
08	B397	MapTileSystem_Entry_B397	Direct call from $08:$B234	A,Y	A,P,Y	$00,$64	$B5E2
08	B48E	MapTileSystem_Entry_B48E	Direct call from $08:$B23D; Direct call from $08:$B2E0	A	A,P	$00	
08	B4C1	MapTileSystem_Entry_B4C1	Direct call from $08:$B28E; Direct call from $08:$B2A0	A	A,P	$DE,$DF	
08	B4E5	MapTileSystem_Entry_B4E5	Pointer $08:$8026 (30-entry map and tile service directory)	A,X,Y	A,P,X,Y	$00,$01,$04,$05,$08,$09,$DC,$DD	$C827
08	B4ED	MapTileSystem_Entry_B4ED	Direct call from $08:$B256	A,X,Y	A,P,X,Y	$00,$01,$04,$05,$08,$09,$DC,$DD	$C827
08	B554	MapTileSystem_Entry_B554	Direct call from $08:$B23A	A,X,Y	A,P,X,Y	$04,$05,$08,$09,$44,$45,$DC,$DD	$C851
08	B59F	MapTileSystem_Entry_B59F	Direct call from $08:$B240	A	A,P	$62AA	
08	B5E2	MapTileSystem_Entry_B5E2	Direct call from $08:$AFE5; Direct call from $08:$B442; Direct call from $08:$B457	A	A,P		
08	B5E8	MapTileSystem_Entry_B5E8	Direct call from $08:$B183; Direct call from $08:$B237; Direct call from $08:$B364	A	P		$B5F1
08	B5F1	MapTileSystem_Entry_B5F1	Direct call from $08:$AF4E; Direct call from $08:$B5E9; Pointer $08:$8002 (30-entry map and tile service directory)	A,Y	A,P,Y	$07BA	$B037
08	B60E	MapTileSystem_Entry_B60E	Pointer $08:$8020 (30-entry map and tile service directory)	A,X	A,P,X		$AEE3,$B644
08	B644	MapTileSystem_Entry_B644	Direct call from $08:$B634	A	A,P		
08	B6B8	MapTileSystem_Entry_B6B8	Pointer $08:$800A (30-entry map and tile service directory)	A	A,P	$6289	
08	B70E	MapTileSystem_Entry_B70E	Pointer $08:$801C (30-entry map and tile service directory)	A	A,P		
08	B71C	MapTileSystem_Entry_B71C	Pointer $08:$801E (30-entry map and tile service directory)		P		
08	B725	MapTileSystem_Entry_B725	Pointer $08:$8038 (30-entry map and tile service directory)	A	A,P,X	$DE,$DF	$C851,$C891
08	B75D	MapTileSystem_Entry_B75D	Pointer $08:$800C (30-entry map and tile service directory)	A	A,P		
08	B7AE	MapTileSystem_Entry_B7AE	Pointer $08:$8028 (30-entry map and tile service directory)	A	A,P		
0E	8008	Bank0E_EntryCode	Direct call from $0E:$802D; Supplied ROM map: Documented code region $8008-$8090	A	P	$06,$07	$BAF7
0E	8010	GraphicsPaletteSystem_Entry_8010	Pointer $0E:$8000 (Four-entry graphics and palette service directory)	A	A,P		$802D
0E	802D	GraphicsPaletteSystem_Entry_802D	Direct call from $0E:$8017; Pointer $0E:$8002 (Four-entry graphics and palette service directory)	A,Y	A,P,X,Y	($1A),Y,$05FC,$16,$17,$18,$19,$1A,$1B	$8008,$C813,$C81D
0E	BAF7	Bank0E_SelectMapPalette	Direct call from $0E:$800A; Supplied ROM map: Documented map-palette code region $BAF7-$BB52	A,X,Y	A,P,X,Y		
0E	BEEA	GraphicsPaletteSystem_Entry_BEEA	Pointer $0E:$8006 (Four-entry graphics and palette service directory)	A,X,Y	A,P,X,Y	$00+X,$01+X,$02+X,$72,$73,$74	$BF41
0E	BF41	GraphicsPaletteSystem_Entry_BF41	Direct call from $0E:$BF02; Direct call from $0E:$BF11; Direct call from $0E:$BF14	A,X	A,P	$00+X,$01+X,$02+X	
0F	C001	LowerFixedEngine_Entry_C001	Direct ROM analysis: Lower-half fixed-bank JMP trampoline 00; Direct call from $0F:$C9FF	A,Y	A,P,Y	$052F,$3E	$EA03
0F	C004	LowerFixedEngine_Entry_C004	Direct ROM analysis: Lower-half fixed-bank JMP trampoline 01	A	A,P	$0507	$E584,$E5A5,$FF91
0F	C007	LowerFixedEngine_Entry_C007	Direct ROM analysis: Lower-half fixed-bank JMP trampoline 02; Direct call from $0F:$CDD5	A,X	A,P,X	$0201+X,$0202+X,$0205+X,$0206+X,$0209+X,$020A+X,$020D+X,$020E+X	$C78C,$D864,$D876,$F1B7,$F1C1
0F	C00A	LowerFixedEngine_Entry_C00A	Direct ROM analysis: Lower-half fixed-bank JMP trampoline 03	A	A,P	$29	$C58F,$C5AF,$EFF5,$F15B,$F194
0F	C00D	LowerFixedEngine_Entry_C00D	Direct ROM analysis: Lower-half fixed-bank JMP trampoline 04	A	A,P	$29	$C58F,$C5AF,$EFF5,$F15B,$F194
0F	C010	LowerFixedEngine_Entry_C010	Direct ROM analysis: Lower-half fixed-bank JMP trampoline 05	A,X	A,P,X	$7001+X,$7021+X	
0F	C013	LowerFixedEngine_Entry_C013	Direct ROM analysis: Lower-half fixed-bank JMP trampoline 06	A,X,Y	A,P,X,Y	$052A,$052B,$052C,$052D,$51,$52,$58,$7004+X,$7024+X,$7144+Y	$D251,$D3E6,$F243,$F2D7,$F372,$F38D,$F3A5,$F3AE,$F3B9,$F3C4,$F3F3,$F40C,$F433,$F467,$F489
0F	C016	LowerFixedEngine_Entry_C016	Direct ROM analysis: Lower-half fixed-bank JMP trampoline 07	A	A,P	$0507	
0F	C019	LowerFixedEngine_Entry_C019	Direct ROM analysis: Lower-half fixed-bank JMP trampoline 08; Direct call from $0F:$C1AD		P		
0F	C01C	LowerFixedEngine_Entry_C01C	Direct ROM analysis: Lower-half fixed-bank JMP trampoline 09		P		
0F	C01F	LowerFixedEngine_Entry_C01F	Direct ROM analysis: Lower-half fixed-bank JMP trampoline 0A		P		
0F	C022	LowerFixedEngine_Entry_C022	Direct ROM analysis: Lower-half fixed-bank JMP trampoline 0B		P		
0F	C025	LowerFixedEngine_Entry_C025	Direct ROM analysis: Lower-half fixed-bank JMP trampoline 0C		P		
0F	C028	LowerFixedEngine_Entry_C028	Direct ROM analysis: Lower-half fixed-bank JMP trampoline 0D		P		
0F	C02B	LowerFixedEngine_Entry_C02B	Direct ROM analysis: Lower-half fixed-bank JMP trampoline 0E		P		
0F	C02E	LowerFixedEngine_Entry_C02E	Direct ROM analysis: Lower-half fixed-bank JMP trampoline 0F	A	A,P	$0300,$0302,$050B,$1F,$7E,$7F,$82	$C62D,$F4FD,$F510,$FF91
0F	C031	LowerFixedEngine_Entry_C031	Direct ROM analysis: Lower-half fixed-bank JMP trampoline 10		P		
0F	C034	LowerFixedEngine_Entry_C034	Direct ROM analysis: Lower-half fixed-bank JMP trampoline 11	A,X,Y	A,P,X,Y	($00),Y,$00,$00+X,$01,$02,$03	
0F	C037	LowerFixedEngine_Entry_C037	Direct ROM analysis: Lower-half fixed-bank JMP trampoline 12	A,X,Y	A,P,X,Y	$00,$01,$02,$2006,$2007	$C58F,$C5AF
0F	C03A	LowerFixedEngine_Entry_C03A	Direct ROM analysis: Lower-half fixed-bank JMP trampoline 13	A,X,Y	A,P,X,Y	$00,$01,$02,$2006,$2007	$C58F,$C5AF
0F	C104	LowerFixedEngine_Entry_C104	Direct call from $0F:$C09E; Direct call from $0F:$C198	A	A,P	$DFFF,$FFDF	$C118,$C12F
0F	C118	LowerFixedEngine_Entry_C118	Direct call from $0F:$C10A	A	A,P	$0500,$9FFF	
0F	C12F	LowerFixedEngine_Entry_C12F	Direct call from $0F:$C110; Direct call from $0F:$C1A5; Direct call from $0F:$C1AA; Direct call from $0F:$C1D7; Direct call from $0F:$C1EC	A	A,P	$0501,$BFFF	
0F	C15A	LowerFixedEngine_Entry_C15A	Direct ROM analysis: Lower-half NMI body installed at RAM $0502	A,X,Y	A,P,X,Y	$00+X,$01+X,$0103+X,$0104+X,$0105+X,$0508,$0509,$050A,$050B,$050C,$0513,$0517,$10,$11,$1F,$20,$21,$22,$23,$24,$26,$27,$627B+X,$76,$77,$78,$C221	$0023,$C019,$C104,$C12F,$C222,$C2EA,$C303,$C3BA,$FF91
0F	C222	LowerFixedEngine_Entry_C222	Direct call from $0F:$C178	A,X,Y	A,P,X,Y	$050A,$050B,$1F,$2000,$2006,$2007	
0F	C2EA	LowerFixedEngine_Entry_C2EA	Direct call from $0F:$C17E	A	A,P	$2000,$2001,$2005	
0F	C303	LowerFixedEngine_Entry_C303	Direct call from $0F:$C17B	A	A,P	$2001,$4014	
0F	C3BA	LowerFixedEngine_Entry_C3BA	Direct call from $0F:$C39A; Direct call from $0F:$C3D6	A,X	A,P,X	$24,$25	$FF91
0F	C3EA	LowerFixedEngine_Entry_C3EA	Direct call from $08:$B062; Direct call from $08:$B6DC; Direct call from $08:$B6E4; Direct call from $08:$B6F4; Direct call from $08:$B6FC; Direct call from $08:$B705; Direct call from $0F:$DAE0; Direct call from $0F:$DB56; Direct call from $0F:$DB7F	A,X,Y	A,P	$20,$23,$24	$FF91
0F	C408	LowerFixedEngine_Entry_C408	CPU vector: Lower-half IRQ/BRK vector target	A,X,Y	A,P,X,Y	$00+X,$01+X,$0103+X,$0104+X,$0508,$0509,$050A,$050B,$0513,$0517,$1F,$20,$21,$22,$23,$24,$26,$27,$627B+X,$76,$77,$78	$0023,$C3BA,$FF91
0F	C52F	LowerFixedEngine_Entry_C52F	Direct call from $0F:$C96B	A	A,P	$0508,$0509,$050A,$050B,$0513,$1F	
0F	C543	LowerFixedEngine_Entry_C543	Direct call from $0F:$C0C1	A,X	A,P,X	$0200+X	
0F	C569	LowerFixedEngine_Entry_C569	Direct call from $0F:$C0BE	A,X	P,X	$0400+X	$C575
0F	C575	LowerFixedEngine_Entry_C575	Direct call from $0F:$C569	A,X,Y	A,P,X,Y	$2006,$2007	
0F	C58F	LowerFixedEngine_Entry_C58F	Direct call from $0F:$EFF1; Direct call from $0F:$FB68	A,Y	A,P,Y	$0506,$2001	$C5A8
0F	C596	LowerFixedEngine_Entry_C596	Direct call from $0F:$C5AF	A,Y	A,P,Y	$0506,$2001	
0F	C5A8	LowerFixedEngine_Entry_C5A8	Direct call from $0F:$C58F	A	A,P	$1F	
0F	C5AF	LowerFixedEngine_Entry_C5AF	Direct call from $0F:$EFE1; Direct call from $0F:$FABE	A	A,P	$1F	$C596
0F	C62D	LowerFixedEngine_Entry_C62D	Direct call from $08:$866F; Direct call from $0F:$F4CB; Direct call from $0F:$F4F3	A	A,P	$12,$1F	$C913
0F	C662	LowerFixedEngine_Entry_C662	Direct call from $0F:$C72B; Direct call from $0F:$EDCF; Direct call from $0F:$EE0C	A	A,P	$1C,$1D	
0F	C6BF	LowerFixedEngine_Entry_C6BF	Direct call from $0F:$F0B5; Direct call from $0F:$F0E9	A,X	A,P,X	$0400+X,$0B,$0C,$0D,$0E,$0F,$1C,$1D	
0F	C6C3	LowerFixedEngine_Entry_C6C3	Direct call from $0F:$C72E	A,X	A,P,X	$0400+X,$0B,$0C,$0D,$0E,$0F,$1C,$1D	
0F	C727	LowerFixedEngine_Entry_C727	Direct call from $0F:$EF8C; Direct call from $0F:$EFAE	A,X	A,P,X	$0300+X,$050A,$050B,$0D,$1C,$1D,$1E	$C662,$C6C3
0F	C78C	LowerFixedEngine_Entry_C78C	Direct call from $0F:$D812; Direct call from $0F:$E1A9; Direct call from $0F:$E205; Direct call from $0F:$E20E; Direct call from $0F:$E260; Direct call from $0F:$E269; Direct call from $0F:$E336	A,X,Y	A,P,X,Y	$16	
0F	C7E1	LowerFixedEngine_Entry_C7E1	Direct call from $08:$83DC; Direct call from $08:$878B	A,X,Y	A,P,X,Y	$0108+Y,$0501,$0507,$BFFF,$FFFF	$FF91
0F	C813	LowerFixedEngine_Entry_C813	Direct call from $08:$8178; Direct call from $08:$8251; Direct call from $08:$8441; Direct call from $08:$861A; Direct call from $08:$862C; Direct call from $08:$8749; Direct call from $0E:$8086; Direct call from $0F:$C81D	A,X	A,P	$00+X,$01+X	
0F	C81D	LowerFixedEngine_Entry_C81D	Direct call from $08:$80F1; Direct call from $08:$80FC; Direct call from $08:$8162; Direct call from $08:$81AD; Direct call from $08:$81DA; Direct call from $08:$81F8; Direct call from $08:$835C; Direct call from $08:$8611; Direct call from $08:$86B9; Direct call from $0E:$8057; Direct call from $0E:$8075; Direct call from $0F:$D401; Direct call from $0F:$D408; Direct call from $0F:$E5F4; Direct call from $0F:$E6D1; Direct call from $0F:$E93C	A,X,Y	A,P	$01+X	$C813
0F	C827	LowerFixedEngine_Entry_C827	Direct call from $08:$B50D; Direct call from $0F:$D3FB; Direct call from $0F:$E96C	A,X	A,P	$00+X,$01+X,$16,$17,$18	
0F	C851	LowerFixedEngine_Entry_C851	Direct call from $08:$B595; Direct call from $08:$B732; Direct call from $0F:$E6B2; Direct call from $0F:$E6C2	A,X,Y	A,P,Y	$00+X,$01+X,$16,$17,$18,$19	
0F	C891	LowerFixedEngine_Entry_C891	Direct call from $08:$B725; Direct call from $0F:$D49A; Direct call from $0F:$D8ED; Direct call from $0F:$DCF3; Direct call from $0F:$DD90; Direct call from $0F:$EBE1; Direct call from $0F:$ED64	A,Y	A,P,Y	$050D,$16	$C8AD
0F	C8AD	LowerFixedEngine_Entry_C8AD	Direct call from $0F:$C897; Direct call from $0F:$C89E	A,Y	A,P,Y	$12,$13,$16	
0F	C8CC	LowerFixedEngine_Entry_C8CC	Direct call from $0F:$D1F0	A,X	A,P,X		$C8EC,$FF74
0F	C8EC	LowerFixedEngine_Entry_C8EC	Direct call from $0F:$C8D0; Direct call from $0F:$C8E4; Direct call from $0F:$D233	A,X,Y	A,P,X,Y	$14+X,$4016	$C8F3
0F	C8F3	LowerFixedEngine_Entry_C8F3	Direct call from $0F:$C8EE	A,X,Y	A,P,Y	$14+X,$4016	
0F	C90C	LowerFixedEngine_Entry_C90C	Direct call from $0F:$CA0B	X	P,X		$FF74
0F	C913	LowerFixedEngine_Entry_C913	Direct call from $0F:$FF82	A,X,Y	A,P,X,Y		$C91F
0F	C91F	LowerFixedEngine_Entry_C91F	Direct call from $0F:$C917	A,X	A,P,X	$0513	$C94E
0F	C94E	LowerFixedEngine_Entry_C94E	Direct call from $0F:$C934; Direct call from $0F:$C93A	A,X,Y	A,P,X,Y	$0200+X,$0200+Y,$10	
0F	C983	LowerFixedEngine_Entry_C983	Direct call from $0F:$C968	A,X	A,P,X	$6CAD+X	
0F	C9ED	LowerFixedEngine_Entry_C9ED	Direct call from $0F:$C97D		P		$CA21,$CB98,$CBB4,$D542,$E06E
0F	CA17	LowerFixedEngine_Entry_CA17	Direct call from $0F:$CA0E	A	A,P		$D241
0F	CA21	LowerFixedEngine_Entry_CA21	Direct call from $0F:$C9F3	A,X	A,P,X	$052F	$CA41,$CB1E,$CB71,$CBF8
0F	CA41	LowerFixedEngine_Entry_CA41	Direct call from $0F:$CA30	A,X,Y	A,P,X,Y	$0529,$058E,$058F,$0597,$14,$14+X,$4016,$56,$70E0+X	$C8F3,$D241,$DB18
0F	CB1E	LowerFixedEngine_Entry_CB1E	Direct call from $0F:$CA33	A,X	A,P,X		$CBBE,$CBCA,$CBD6,$CBE4
0F	CB71	LowerFixedEngine_Entry_CB71	Direct call from $0F:$CA39	A	A,P	$0539	
0F	CB98	LowerFixedEngine_Entry_CB98	Direct call from $0F:$C9F0	A,X	A,P,X	$0529,$052E,$4016	
0F	CBB4	LowerFixedEngine_Entry_CBB4	Direct call from $0F:$C9ED	A	A,P	$0526	
0F	CBBE	LowerFixedEngine_Entry_CBBE	Direct call from $0F:$CB46; Direct call from $0F:$CB4D; Direct call from $0F:$CB5D; Direct call from $0F:$CB64	A	A,P	$3D	$CC88,$CD85
0F	CBCA	LowerFixedEngine_Entry_CBCA	Direct call from $0F:$CB3D; Direct call from $0F:$CB50; Direct call from $0F:$CB5A; Direct call from $0F:$CB6D	A	A,P	$3D	$CC88,$CD85
0F	CBD6	LowerFixedEngine_Entry_CBD6	Direct call from $0F:$CB40; Direct call from $0F:$CB4A; Direct call from $0F:$CB60; Direct call from $0F:$CB6A	A	A,P	$3D	$CC88,$CD85
0F	CBE4	LowerFixedEngine_Entry_CBE4	Direct call from $0F:$CB43; Direct call from $0F:$CB53; Direct call from $0F:$CB57; Direct call from $0F:$CB67	A	A,P	$3D	$CC88,$CD85
0F	CBF8	LowerFixedEngine_Entry_CBF8	Direct call from $0F:$CA36	A,X	A,P,X,Y	$0529,$0539	$C8CC,$D1FD,$D251
0F	CC88	LowerFixedEngine_Entry_CC88	Direct call from $0F:$CBF1	A	A,P	$0528,$3E	$C007,$CC91,$CDDC,$CF91
0F	CC91	LowerFixedEngine_Entry_CC91	Direct call from $0F:$CC8B	A,X,Y	A,P,X,Y	$0201+X,$0202+X,$0205+X,$0206+X,$0209+X,$020A+X,$020D+X,$020E+X,$054E,$054F,$42+X,$43+X,$6195+X,$6196+X,$6F60,$6F60+X,$6F66+Y,$6F67+Y,$6F68+Y,$6F80,$6F80+X,$6F86+Y,$6F87+Y,$6F88+Y,$7000+X	$C78C,$CD0F,$CD52,$CD78,$D16F,$D7FC,$D864,$D876
0F	CD0F	LowerFixedEngine_Entry_CD0F	Direct call from $0F:$CCE6	A,X,Y	A,P,X,Y	$6FA7+X,$EC+X	$CD52,$D7FC
0F	CD52	LowerFixedEngine_Entry_CD52	Direct call from $0F:$CD4E	A,X	A,P,X	$6FE9	
0F	CD78	LowerFixedEngine_Entry_CD78	Direct call from $0F:$CCD5; Direct call from $0F:$CCDD; Direct call from $0F:$CCE1	A,Y	A,P	$7006+Y	
0F	CD85	LowerFixedEngine_Entry_CD85	Direct call from $0F:$CBC2; Direct call from $0F:$CBCE; Direct call from $0F:$CBDC; Direct call from $0F:$CBEA	A,Y	A,P,X,Y	$0539	$D1FD
0F	CDDC	LowerFixedEngine_Entry_CDDC	Direct call from $0F:$CDD8	A	A,P	$0516,$628C,$628D,$62ED	
0F	CE09	LowerFixedEngine_Entry_CE09	Direct call from $0F:$CA02	A,X	A,P,X	$0515,$0527,$0539,$6FA0,$6FC0,$7001+X,$7021+X	$CE72,$CEA9,$CF03,$CF38,$CF41,$CF56,$D1FD,$D218
0F	CE72	LowerFixedEngine_Entry_CE72	Direct call from $0F:$CE2E	A	A,P,X	$0527,$0539	$D1FD,$D218
0F	CEA9	LowerFixedEngine_Entry_CEA9	Direct call from $0F:$CE4A; Direct call from $0F:$CEA3	A,X	A,P,X	$051B	
0F	CEBE	LowerFixedEngine_Entry_CEBE	Direct call from $0F:$CE3C	A,X	A,P,X		
0F	CF03	LowerFixedEngine_Entry_CF03	Direct call from $0F:$CE9A	A,X,Y	A,P,X,Y	$42	
0F	CF38	LowerFixedEngine_Entry_CF38	Direct call from $0F:$CE9D		P		
0F	CF41	LowerFixedEngine_Entry_CF41	Direct call from $0F:$CEA0	A	A,P,X		$D207
0F	CF56	LowerFixedEngine_Entry_CF56	Direct call from $0F:$CE31; Direct call from $0F:$CE47; Direct call from $0F:$CE80		A,P		
0F	CF5F	LowerFixedEngine_Entry_CF5F	Direct call from $0F:$CE39	A,X	A,P,X	$46,$47,$627D	
0F	CF8D	LowerFixedEngine_Entry_CF8D	Direct call from $0F:$CE41		P		
0F	CF91	LowerFixedEngine_Entry_CF91	Direct call from $0F:$CC88	A,X,Y	A,P,X,Y	$0515,$0527,$052F,$0534,$059E,$51,$54,$7000,$7000+X,$70E0+X,$7D,$7E	$D16F,$D1C9,$D251,$D3E6,$D53B,$D724,$D7FC
0F	D16F	LowerFixedEngine_Entry_D16F	Direct call from $0F:$CC91; Direct call from $0F:$CFA5	A,X,Y	A,P,X,Y	$52,$52+X,$53,$57,$58	
0F	D1C9	LowerFixedEngine_Entry_D1C9	Direct call from $0F:$D00C; Direct call from $0F:$D0B9	A	A,P	$7140,$7141,$7142,$7143	
0F	D1E1	LowerFixedEngine_Entry_D1E1	Direct call from $0F:$CA11		A,P		$E3E2,$FF74
0F	D1F3	LowerFixedEngine_Entry_D1F3	Direct call from $08:$B7A9	A	A,P	$0539	
0F	D1FD	LowerFixedEngine_Entry_D1FD	Direct call from $0F:$CDB9; Direct call from $0F:$D1ED; Direct call from $0F:$D207	A	P		
0F	D207	LowerFixedEngine_Entry_D207	Direct call from $0F:$CF52	A	A,P	$0539	$D1FD,$D218
0F	D218	LowerFixedEngine_Entry_D218	Direct call from $08:$B7A6; Direct call from $0F:$D20A	A	A,P	$00	$D230
0F	D230	LowerFixedEngine_Entry_D230	Direct call from $0F:$D21C; Direct call from $0F:$D226		A,P		$C8EC,$FF74
0F	D241	LowerFixedEngine_Entry_D241	Direct call from $0F:$CA17; Direct call from $0F:$CA5C	A,X,Y	A,P,X,Y	$0529,$14,$14+X,$4016	$C8F3
0F	D251	LowerFixedEngine_Entry_D251	Direct call from $0F:$CC39; Direct call from $0F:$CFB3; Direct call from $0F:$D4DD; Direct call from $0F:$F14F; Direct call from $0F:$F286	A	A,P	$04	$D266,$FF91
0F	D266	LowerFixedEngine_Entry_D266	Direct call from $0F:$D25B; Direct call from $0F:$ED27; Direct call from $0F:$ED42	X,Y	P	$00,$01	$D2B7,$D2E9,$D333,$D523
0F	D28C	LowerFixedEngine_Entry_D28C	Direct call from $0F:$EBB1; Direct call from $0F:$F51C	A,X,Y	A,P,X,Y	$00,$01	$D2B7,$D2E9,$D333,$D35F,$D523
0F	D2B7	LowerFixedEngine_Entry_D2B7	Direct call from $0F:$D26A; Direct call from $0F:$D290	A,X,Y	A,P,X,Y	$49,$4A	
0F	D2E9	LowerFixedEngine_Entry_D2E9	Direct call from $0F:$D26D; Direct call from $0F:$D293	A,X,Y	A,P,X,Y	$02,$49,$4A	
0F	D333	LowerFixedEngine_Entry_D333	Direct call from $0F:$D270; Direct call from $0F:$D296	A,Y	A,P,Y	$02,$03	$D38B
0F	D35F	LowerFixedEngine_Entry_D35F	Direct call from $0F:$D2A1; Direct call from $0F:$D2AC	A,Y	A,P,Y	$02,$03	
0F	D38B	LowerFixedEngine_Entry_D38B	Direct call from $0F:$D386	A,X,Y	A,P,X,Y	$02,$03	
0F	D3E6	LowerFixedEngine_Entry_D3E6	Direct call from $08:$87A9; Direct call from $08:$87E6; Direct call from $08:$88F5; Direct call from $08:$895B; Direct call from $0F:$D084; Direct call from $0F:$D699; Direct call from $0F:$DBEA; Direct call from $0F:$EAE5; Direct call from $0F:$EB00; Direct call from $0F:$EC79; Direct call from $0F:$EC94; Direct call from $0F:$F155; Direct call from $0F:$F28D	A,X,Y	A,P,X,Y	$00,$01	$C81D,$C827,$D459
0F	D41A	LowerFixedEngine_Entry_D41A	Direct call from $0F:$EB0F	A,X,Y	A,P,Y	$00,$01	$D459
0F	D426	LowerFixedEngine_Entry_D426	Direct call from $0F:$EAEE; Direct call from $0F:$EB09	A	A,P	$00,$01	
0F	D437	LowerFixedEngine_Entry_D437	Direct call from $0F:$ECA3; Direct call from $0F:$F03B	A,X,Y	A,P,Y	$00,$01	$D459
0F	D443	LowerFixedEngine_Entry_D443	Direct call from $0F:$EC82; Direct call from $0F:$EC9D; Direct call from $0F:$F01D; Direct call from $0F:$F031	A	A,P	$00,$01	
0F	D459	LowerFixedEngine_Entry_D459	Direct call from $0F:$D416	A,X,Y	A,P,X,Y		
0F	D4B5	LowerFixedEngine_Entry_D4B5	Direct call from $0F:$D48A	A	A,P	$53,$54,$59	$D4D9
0F	D4D9	LowerFixedEngine_Entry_D4D9	Direct call from $0F:$D4B9; Direct call from $0F:$D4C0; Direct call from $0F:$D4C7; Direct call from $0F:$D4CE	A	A,P,X,Y	$59	$D251
0F	D4F3	LowerFixedEngine_Entry_D4F3	Direct call from $0F:$EAE8; Direct call from $0F:$EB03; Direct call from $0F:$EB12; Direct call from $0F:$EC7C; Direct call from $0F:$EC97; Direct call from $0F:$ECA6; Direct call from $0F:$F03E	A,X	A,P,X		
0F	D523	LowerFixedEngine_Entry_D523	Direct call from $0F:$D273; Direct call from $0F:$D299; Direct call from $0F:$D2A4; Direct call from $0F:$D2AF	A	A,P		
0F	D53B	LowerFixedEngine_Entry_D53B	Direct call from $0F:$D112	A,X,Y	A,P,X,Y	$052A,$052B,$052C,$052D,$51,$52,$56,$58,$7004+X,$7024+X,$7144+Y,$7B,$7C	$D251,$D3E6,$D57F,$D59D,$D5AD,$D5C0,$F243,$F2D7,$F372,$F38D,$F3A5,$F3AE,$F3B9,$F3C4,$F3F3,$F40C,$F433,$F467,$F489,$FF91
0F	D542	LowerFixedEngine_Entry_D542	Direct call from $0F:$C9F6	A,X,Y	A,P,X,Y	$052A,$052B,$052C,$052D,$51,$52,$56,$58,$7004+X,$7024+X,$7144+Y,$7B,$7C	$D251,$D3E6,$D57F,$D59D,$D5AD,$D5C0,$F243,$F2D7,$F372,$F38D,$F3A5,$F3AE,$F3B9,$F3C4,$F3F3,$F40C,$F433,$F467,$F489,$FF91
0F	D57F	LowerFixedEngine_Entry_D57F	Direct call from $0F:$D571		P		$D5EE,$D607
0F	D59D	LowerFixedEngine_Entry_D59D	Direct call from $0F:$D59A	A,X	A,P,X	$7004+X	
0F	D5AD	LowerFixedEngine_Entry_D5AD	Direct call from $0F:$D595		A,P		$D5EE,$D5FE,$FF91
0F	D5C0	LowerFixedEngine_Entry_D5C0	Direct call from $0F:$D589	A,X	A,P,X	$51,$57	$D5EA,$D9CB
0F	D5EA	LowerFixedEngine_Entry_D5EA	Direct call from $0F:$D5D4		P		$D94B
0F	D5EE	LowerFixedEngine_Entry_D5EE	Direct call from $0F:$D582; Direct call from $0F:$D5B5	A	A,P	$51	$FF91
0F	D5FE	LowerFixedEngine_Entry_D5FE	Direct call from $0F:$D5B2	A,X,Y	A,P,X,Y	$0201+X,$0202+X,$0205+X,$0206+X,$0209+X,$020A+X,$020D+X,$020E+X,$54,$6F60+X,$6F80+X,$6FA0+X,$6FC0+X,$7000+X,$71E0+X	$C78C,$D621,$D63B,$D684,$D864,$D876,$D891,$FF91
0F	D607	LowerFixedEngine_Entry_D607	Direct call from $0F:$D57F	A,X,Y	A,P,X,Y	$0201+X,$0202+X,$0205+X,$0206+X,$0209+X,$020A+X,$020D+X,$020E+X,$54,$6F60+X,$6F80+X,$6FA0+X,$6FC0+X,$7000+X,$71E0+X	$C78C,$D621,$D63B,$D684,$D864,$D876,$D891,$FF91
0F	D621	LowerFixedEngine_Entry_D621	Direct call from $0F:$D615	A,X	A,P,X	$52,$53,$7020+X	$D6F4
0F	D63B	LowerFixedEngine_Entry_D63B	Direct call from $0F:$D610	A,X	A,P	$7040+X,$70E0+X	
0F	D684	LowerFixedEngine_Entry_D684	Direct call from $0F:$D61B	A,X	A,P,X,Y	$54,$55,$7140+X	$D3E6,$D6B6,$D6DB,$D6E8,$D6F4,$D722,$D752
0F	D6B6	LowerFixedEngine_Entry_D6B6	Direct call from $0F:$D6A2	A,X,Y	A,P,X,Y		
0F	D6DB	LowerFixedEngine_Entry_D6DB	Direct call from $0F:$D6A5	A	A,P		
0F	D6E8	LowerFixedEngine_Entry_D6E8	Direct call from $0F:$D6A8	A,X	A,P,X		
0F	D6F4	LowerFixedEngine_Entry_D6F4	Direct call from $0F:$D62B; Direct call from $0F:$D6AB	A	A,P	$5F,$60	
0F	D722	LowerFixedEngine_Entry_D722	Direct call from $0F:$D690	A,X	A,P,X		
0F	D724	LowerFixedEngine_Entry_D724	Direct call from $0F:$D07B	A,X	A,P,X		
0F	D752	LowerFixedEngine_Entry_D752	Direct call from $0F:$D685	A,X,Y	A,P,X,Y	$52,$53	
0F	D7D5	LowerFixedEngine_Entry_D7D5	Direct call from $0F:$CA05	A	A,P,X		$D7F1
0F	D7F1	LowerFixedEngine_Entry_D7F1	Direct call from $0F:$D7E1; Direct call from $0F:$D7E4; Direct call from $0F:$D7E7; Direct call from $0F:$D7EA; Direct call from $0F:$D7ED	A,X	A,P,X	$0201+X,$0202+X,$0205+X,$0206+X,$0209+X,$020A+X,$020D+X,$020E+X	$C78C,$D864,$D876
0F	D7FC	LowerFixedEngine_Entry_D7FC	Direct call from $0F:$CD42; Direct call from $0F:$CD4B; Direct call from $0F:$CFA2	A,X	A,P,X	$0201+X,$0202+X,$0205+X,$0206+X,$0209+X,$020A+X,$020D+X,$020E+X	$C78C,$D864,$D876
0F	D864	LowerFixedEngine_Entry_D864	Direct call from $0F:$D81A	A	A,P	$4F,$50	
0F	D876	LowerFixedEngine_Entry_D876	Direct call from $0F:$D822	A,X,Y	A,P,X,Y	$00+X	
0F	D891	LowerFixedEngine_Entry_D891	Direct call from $0F:$D618	A,X,Y	A,P,X,Y	$4D,$4E,$52,$53,$57	
0F	D8CB	LowerFixedEngine_Entry_D8CB	Pointer $0F:$DF02 (49-entry map-object command table selected at $D8A3-$D8B7; out-of-range values use entry zero)		A,P		$DA59,$DDE3
0F	D8CE	LowerFixedEngine_Entry_D8CE	Pointer $0F:$DF60 (49-entry map-object command table selected at $D8A3-$D8B7; out-of-range values use entry zero)		A,P		$DA59
0F	D8D4	LowerFixedEngine_Entry_D8D4	Pointer $0F:$DF04 (49-entry map-object command table selected at $D8A3-$D8B7; out-of-range values use entry zero)		A,P		$DA47,$DDE3
0F	D8D7	LowerFixedEngine_Entry_D8D7	Pointer $0F:$DF56 (49-entry map-object command table selected at $D8A3-$D8B7; out-of-range values use entry zero)		A,P		$DA47
0F	D8DD	LowerFixedEngine_Entry_D8DD	Pointer $0F:$DF06 (49-entry map-object command table selected at $D8A3-$D8B7; out-of-range values use entry zero)	A,X	A,P	$68,$7000+X	$C891,$DDE3
0F	D8E0	LowerFixedEngine_Entry_D8E0	Pointer $0F:$DF58 (49-entry map-object command table selected at $D8A3-$D8B7; out-of-range values use entry zero)	A,X	A,P	$68,$7000+X	$C891
0F	D90A	LowerFixedEngine_Entry_D90A	Pointer $0F:$DF0C (49-entry map-object command table selected at $D8A3-$D8B7; out-of-range values use entry zero)	A,X	A,P	$7000+X	$DDE3
0F	D928	LowerFixedEngine_Entry_D928	Pointer $0F:$DF0E (49-entry map-object command table selected at $D8A3-$D8B7; out-of-range values use entry zero)	A,X	A,P	$7000+X	$DDE3
0F	D931	LowerFixedEngine_Entry_D931	Pointer $0F:$DF10 (49-entry map-object command table selected at $D8A3-$D8B7; out-of-range values use entry zero)		A,P		$D9AB
0F	D937	LowerFixedEngine_Entry_D937	Pointer $0F:$DF12 (49-entry map-object command table selected at $D8A3-$D8B7; out-of-range values use entry zero)	A,X	A,P	$6F60+X,$6F80+X,$6FA0+X,$6FC0+X	$D9AB
0F	D94B	LowerFixedEngine_Entry_D94B	Direct call from $0F:$D5EA; Pointer $0F:$DF14 (49-entry map-object command table selected at $D8A3-$D8B7; out-of-range values use entry zero); Pointer $0F:$DF16 (49-entry map-object command table selected at $D8A3-$D8B7; out-of-range values use entry zero)	A,X	A,P,X	$7020+X,$7160+X	$DDE3
0F	D9AB	LowerFixedEngine_Entry_D9AB	Direct call from $0F:$D931; Direct call from $0F:$D937	A,X	A,P,X	$7020+X	$DDE7
0F	D9B8	LowerFixedEngine_Entry_D9B8	Pointer $0F:$DF18 (49-entry map-object command table selected at $D8A3-$D8B7; out-of-range values use entry zero)	A,X	A,P,X	$7020+X	$DA11,$DDE3
0F	D9CB	LowerFixedEngine_Entry_D9CB	Direct call from $0F:$D5DA; Pointer $0F:$DF1A (49-entry map-object command table selected at $D8A3-$D8B7; out-of-range values use entry zero)	A,X	A,P,X	$7020+X,$7160+X	$DA11,$DDE3
0F	DA11	LowerFixedEngine_Entry_DA11	Direct call from $0F:$D9C2; Direct call from $0F:$DA0B	A,X	A,P	$6FA0+X,$6FC0+X	
0F	DA1E	LowerFixedEngine_Entry_DA1E	Pointer $0F:$DF1C (49-entry map-object command table selected at $D8A3-$D8B7; out-of-range values use entry zero)		A,P,X		$DDF3
0F	DA2E	LowerFixedEngine_Entry_DA2E	Pointer $0F:$DF1E (49-entry map-object command table selected at $D8A3-$D8B7; out-of-range values use entry zero)	A,X	A,P,X	$70E0+X	$DDE3
0F	DA3E	LowerFixedEngine_Entry_DA3E	Pointer $0F:$DF20 (49-entry map-object command table selected at $D8A3-$D8B7; out-of-range values use entry zero)	A,X,Y	A,P,X,Y	$4D,$4E,$52,$53,$57	$DA47,$DDE3
0F	DA47	LowerFixedEngine_Entry_DA47	Direct call from $0F:$D8D7; Direct call from $0F:$DA3E	A,X	A,P	$70E0+X	
0F	DA50	LowerFixedEngine_Entry_DA50	Pointer $0F:$DF22 (49-entry map-object command table selected at $D8A3-$D8B7; out-of-range values use entry zero)	A,X,Y	A,P,X,Y	$4D,$4E,$52,$53,$57	$DA59,$DDE3
0F	DA59	LowerFixedEngine_Entry_DA59	Direct call from $0F:$D8CE; Direct call from $0F:$DA50	A,X	A,P	$70E0+X	
0F	DA62	LowerFixedEngine_Entry_DA62	Pointer $0F:$DF24 (49-entry map-object command table selected at $D8A3-$D8B7; out-of-range values use entry zero)	A,X,Y	A,P,X,Y	$4D,$4E,$52,$53,$57,$7040+X,$70E0+X	$DDE3
0F	DA75	LowerFixedEngine_Entry_DA75	Pointer $0F:$DF26 (49-entry map-object command table selected at $D8A3-$D8B7; out-of-range values use entry zero); Pointer $0F:$DF28 (49-entry map-object command table selected at $D8A3-$D8B7; out-of-range values use entry zero); Pointer $0F:$DF2A (49-entry map-object command table selected at $D8A3-$D8B7; out-of-range values use entry zero); Pointer $0F:$DF2C (49-entry map-object command table selected at $D8A3-$D8B7; out-of-range values use entry zero); Pointer $0F:$DF2E (49-entry map-object command table selected at $D8A3-$D8B7; out-of-range values use entry zero); Pointer $0F:$DF30 (49-entry map-object command table selected at $D8A3-$D8B7; out-of-range values use entry zero); Pointer $0F:$DF32 (49-entry map-object command table selected at $D8A3-$D8B7; out-of-range values use entry zero); Pointer $0F:$DF34 (49-entry map-object command table selected at $D8A3-$D8B7; out-of-range values use entry zero); Pointer $0F:$DF36 (49-entry map-object command table selected at $D8A3-$D8B7; out-of-range values use entry zero); Pointer $0F:$DF38 (49-entry map-object command table selected at $D8A3-$D8B7; out-of-range values use entry zero); Pointer $0F:$DF3A (49-entry map-object command table selected at $D8A3-$D8B7; out-of-range values use entry zero); Pointer $0F:$DF3C (49-entry map-object command table selected at $D8A3-$D8B7; out-of-range values use entry zero); Pointer $0F:$DF3E (49-entry map-object command table selected at $D8A3-$D8B7; out-of-range values use entry zero); Pointer $0F:$DF40 (49-entry map-object command table selected at $D8A3-$D8B7; out-of-range values use entry zero); Pointer $0F:$DF42 (49-entry map-object command table selected at $D8A3-$D8B7; out-of-range values use entry zero)	A,X,Y	A,P,X,Y	$4D,$4E,$52,$53,$57,$7040+X,$70E0+X	$DDE3
0F	DA97	LowerFixedEngine_Entry_DA97	Pointer $0F:$DF44 (49-entry map-object command table selected at $D8A3-$D8B7; out-of-range values use entry zero)	Y	A,P,Y		$DDE0
0F	DAA4	LowerFixedEngine_Entry_DAA4	Pointer $0F:$DF46 (49-entry map-object command table selected at $D8A3-$D8B7; out-of-range values use entry zero)	A	A,P,X		$DAC6,$DDE0,$FF91
0F	DAC6	LowerFixedEngine_Entry_DAC6	Direct call from $0F:$DAB4	A,X,Y	A,P,X,Y	$00,$01,$0530,$0531,$0532,$0533,$55,$56	$C3EA,$DB6A
0F	DB18	LowerFixedEngine_Entry_DB18	Direct call from $0F:$CA4A	A	A,P,X,Y	$00,$01,$0530,$0531,$0532,$0533	$C3EA,$DB6A
0F	DB6A	LowerFixedEngine_Entry_DB6A	Direct call from $0F:$DB0D; Direct call from $0F:$DB18	A	A,P,X,Y	$00,$01	$C3EA
0F	DB83	LowerFixedEngine_Entry_DB83	Pointer $0F:$DF48 (49-entry map-object command table selected at $D8A3-$D8B7; out-of-range values use entry zero)	A,X,Y	A,P,X,Y	$4D,$4E,$52,$53,$57,$6FE0+X	$DDE0,$DDF3
0F	DBAD	LowerFixedEngine_Entry_DBAD	Pointer $0F:$DF4A (49-entry map-object command table selected at $D8A3-$D8B7; out-of-range values use entry zero)	A,X,Y	A,P,X,Y	$4D,$4E,$52,$53,$57,$71A0+X,$71C0+X	$DDDD
0F	DBD0	LowerFixedEngine_Entry_DBD0	Pointer $0F:$DF4C (49-entry map-object command table selected at $D8A3-$D8B7; out-of-range values use entry zero)	A,X,Y	A,P,X,Y	$4D,$4E,$52,$53,$57,$6F60+X,$6F80+X,$6FA0+X,$6FC0+X,$7140+X	$D3E6,$DDDD
0F	DBF5	LowerFixedEngine_Entry_DBF5	Pointer $0F:$DF4E (49-entry map-object command table selected at $D8A3-$D8B7; out-of-range values use entry zero)	A,X,Y	A,P,X,Y	$0527,$0593,$0594,$059C	$DDDD
0F	DC16	LowerFixedEngine_Entry_DC16	Pointer $0F:$DF50 (49-entry map-object command table selected at $D8A3-$D8B7; out-of-range values use entry zero)	A,X,Y	A,P,X,Y	($52),Y,$4D,$4E,$52,$53,$57	$DC3B,$DDDA
0F	DC23	LowerFixedEngine_Entry_DC23	Pointer $0F:$DF52 (49-entry map-object command table selected at $D8A3-$D8B7; out-of-range values use entry zero)	A,X,Y	A,P,X,Y	($52),Y,$4D,$4E,$52,$53,$57	$DC3B,$DDDA
0F	DC30	LowerFixedEngine_Entry_DC30	Pointer $0F:$DF54 (49-entry map-object command table selected at $D8A3-$D8B7; out-of-range values use entry zero)	A,X,Y	A,P,X,Y	($52),Y,$4D,$4E,$52,$53,$57	$DC3B,$DDDA
0F	DC3B	LowerFixedEngine_Entry_DC3B	Direct call from $0F:$DC16; Direct call from $0F:$DC23; Direct call from $0F:$DC30	A,Y	A,P,Y	$52,$53	
0F	DC4B	LowerFixedEngine_Entry_DC4B	Pointer $0F:$DF08 (49-entry map-object command table selected at $D8A3-$D8B7; out-of-range values use entry zero)	A,X,Y	A,P,X,Y	$4D,$4E,$52,$53,$54,$57	$C891,$DDE3,$DDF3
0F	DCFF	LowerFixedEngine_Entry_DCFF	Pointer $0F:$DF0A (49-entry map-object command table selected at $D8A3-$D8B7; out-of-range values use entry zero)	A,X,Y	A,P,X,Y	$4D,$4E,$52,$53,$54,$57	$C891,$DDE3,$DDF3
0F	DD06	LowerFixedEngine_Entry_DD06	Pointer $0F:$DF5A (49-entry map-object command table selected at $D8A3-$D8B7; out-of-range values use entry zero)	A,Y	A,P,X,Y		
0F	DD1F	LowerFixedEngine_Entry_DD1F	Pointer $0F:$DF5C (49-entry map-object command table selected at $D8A3-$D8B7; out-of-range values use entry zero)	A,X,Y	A,P,X,Y	$53,$54	$C891,$DDF3
0F	DDAF	LowerFixedEngine_Entry_DDAF	Pointer $0F:$DF5E (49-entry map-object command table selected at $D8A3-$D8B7; out-of-range values use entry zero)	A,X,Y	A,P,X,Y	$4D,$4E,$52,$53,$57	$DDDA
0F	DDCB	LowerFixedEngine_Entry_DDCB	Pointer $0F:$DF62 (49-entry map-object command table selected at $D8A3-$D8B7; out-of-range values use entry zero)	Y	A,P,Y		
0F	DDDA	LowerFixedEngine_Entry_DDDA	Direct call from $0F:$DC1D; Direct call from $0F:$DC2A; Direct call from $0F:$DC35; Direct call from $0F:$DDBE		P		$DDE7
0F	DDDD	LowerFixedEngine_Entry_DDDD	Direct call from $0F:$DBBB; Direct call from $0F:$DBCA; Direct call from $0F:$DBE5; Direct call from $0F:$DBFE; Direct call from $0F:$DE78; Direct call from $0F:$DECF		P		$DDE7
0F	DDE0	LowerFixedEngine_Entry_DDE0	Direct call from $0F:$DA9B; Direct call from $0F:$DAB9; Direct call from $0F:$DBA7; Direct call from $0F:$DE30; Direct call from $0F:$DEFC		P		$DDE7
0F	DDE3	LowerFixedEngine_Entry_DDE3	Direct call from $0F:$D8CB; Direct call from $0F:$D8D4; Direct call from $0F:$D8DD; Direct call from $0F:$D922; Direct call from $0F:$D97F; Direct call from $0F:$D9C5; Direct call from $0F:$D9FB; Direct call from $0F:$DA38; Direct call from $0F:$DA41; Direct call from $0F:$DA53; Direct call from $0F:$DA6F; Direct call from $0F:$DA91; Direct call from $0F:$DCF9; Direct call from $0F:$DE21		P		$DDE7
0F	DDE7	LowerFixedEngine_Entry_DDE7	Direct call from $0F:$DDDA; Direct call from $0F:$DDDD; Direct call from $0F:$DDE0; Direct call from $0F:$DDE3	X	P	$7060+X,$7080+X	
0F	DDF3	LowerFixedEngine_Entry_DDF3	Direct call from $0F:$DA26; Direct call from $0F:$DB8A; Direct call from $0F:$DCEA; Direct call from $0F:$DDAA; Direct call from $0F:$DEE0	A,X	A,P	$7000+X	
0F	DE06	LowerFixedEngine_Entry_DE06	Pointer $0F:$DF64 (Eleven-entry high-bit map-object command table selected and dispatched at $D8BA-$D8C8)	A,X,Y	A,P,X,Y	$4D,$4E,$52,$53,$57,$7060+X,$7080+X	
0F	DE0B	LowerFixedEngine_Entry_DE0B	Pointer $0F:$DF66 (Eleven-entry high-bit map-object command table selected and dispatched at $D8BA-$D8C8)	A,X,Y	A,P,X,Y	$4D,$4E,$52,$53,$57,$7060+X,$7080+X,$7180+X	$DDE3
0F	DE27	LowerFixedEngine_Entry_DE27	Pointer $0F:$DF68 (Eleven-entry high-bit map-object command table selected and dispatched at $D8BA-$D8C8)	A,X,Y	A,P,X,Y	$4D,$4E,$52,$53,$57,$70A0+X,$70C0+X,$7180+X	$DDE0
0F	DE42	LowerFixedEngine_Entry_DE42	Pointer $0F:$DF6A (Eleven-entry high-bit map-object command table selected and dispatched at $D8BA-$D8C8)	A,X,Y	A,P,X,Y	$4D,$4E,$52,$53,$57,$7060+X,$7080+X	
0F	DE5D	LowerFixedEngine_Entry_DE5D	Pointer $0F:$DF6C (Eleven-entry high-bit map-object command table selected and dispatched at $D8BA-$D8C8)	A,X,Y	A,P,X,Y	$4D,$4E,$52,$53,$57,$7060+X,$7080+X	
0F	DE6D	LowerFixedEngine_Entry_DE6D	Pointer $0F:$DF6E (Eleven-entry high-bit map-object command table selected and dispatched at $D8BA-$D8C8)	A,X,Y	A,P,X,Y	$4D,$4E,$52,$53,$57,$7060+X,$7080+X,$70A0+X,$70C0+X	$DDDD
0F	DE92	LowerFixedEngine_Entry_DE92	Pointer $0F:$DF70 (Eleven-entry high-bit map-object command table selected and dispatched at $D8BA-$D8C8)	A,Y	A,P,Y	$52,$53	
0F	DEA9	LowerFixedEngine_Entry_DEA9	Pointer $0F:$DEA5 (Two-entry map-object operation table selected and dispatched at $DE92-$DEA2)	A,X,Y	A,P,X,Y	$4D,$4E,$52,$53,$57,$7060+X,$7080+X	
0F	DECE	LowerFixedEngine_Entry_DECE	Pointer $0F:$DEA7 (Two-entry map-object operation table selected and dispatched at $DE92-$DEA2)		P		
0F	DECF	LowerFixedEngine_Entry_DECF	Pointer $0F:$DF72 (Eleven-entry high-bit map-object command table selected and dispatched at $D8BA-$D8C8)	A	A,P		$DDDD,$DDF3
0F	DEE5	LowerFixedEngine_Entry_DEE5	Pointer $0F:$DF74 (Eleven-entry high-bit map-object command table selected and dispatched at $D8BA-$D8C8); Pointer $0F:$DF76 (Eleven-entry high-bit map-object command table selected and dispatched at $D8BA-$D8C8); Pointer $0F:$DF78 (Eleven-entry high-bit map-object command table selected and dispatched at $D8BA-$D8C8)	A,Y	A,P,Y		
0F	DF9F	LowerFixedEngine_Entry_DF9F	Direct call from $0F:$DF89; Direct call from $0F:$DF90; Direct call from $0F:$DF97	A,X	A,P,X	$0507,$49,$4A,$51	$FF91
0F	E06E	LowerFixedEngine_Entry_E06E	Direct call from $0F:$C9F9	A,X,Y	A,P,X,Y	$00ED,$7000+X,$E2,$E3,$E4,$E5,$EA,$EB,$EC,$ED	$E147,$E160,$E169,$E2EE
0F	E147	LowerFixedEngine_Entry_E147	Direct call from $0F:$E06E	A,Y	A,P,X,Y	$00,$01,$0200+Y,$0203+Y,$0204+Y,$0207+Y,$0208+Y,$020B+Y,$020C+Y,$020F+Y	$C78C
0F	E160	LowerFixedEngine_Entry_E160	Direct call from $0F:$E060; Direct call from $0F:$E0D6; Direct call from $0F:$E106	A,Y	A,P	$0200+Y,$0203+Y,$0204+Y,$0207+Y,$0208+Y,$020B+Y,$020C+Y,$020F+Y,$E2,$E4	$C78C,$E4BB
0F	E169	LowerFixedEngine_Entry_E169	Direct call from $0F:$E050; Direct call from $0F:$E0DC; Direct call from $0F:$E128	A,X,Y	A,P	$0200+Y,$0203+Y,$0204+Y,$0207+Y,$0208+Y,$020B+Y,$020C+Y,$020F+Y,$DE,$DF,$E0,$E1,$E2,$E4,$E6	$C78C,$E368,$E45C,$E4BB
0F	E178	LowerFixedEngine_Entry_E178	Direct call from $0F:$E44E	A,X,Y	A,P	$0200+Y,$0203+Y,$0204+Y,$0207+Y,$0208+Y,$020B+Y,$020C+Y,$020F+Y,$DE,$DF,$E0,$E1,$E2,$E4,$E6	$C78C,$E368,$E45C,$E4BB
0F	E2EE	LowerFixedEngine_Entry_E2EE	Direct call from $0F:$E10E; Direct call from $0F:$E125	A,X	A,P	$6FA0+X,$6FC0+X,$7100+X,$7120+X	
0F	E368	LowerFixedEngine_Entry_E368	Direct call from $0F:$E05A; Direct call from $0F:$E208; Direct call from $0F:$E263; Direct call from $0F:$E453	A,X,Y	A,P,X,Y	$00,$01,$02,$0201+X,$0202+X,$0205+X,$0206+X,$0209+X,$020A+X,$020D+X,$020E+X,$03	
0F	E3E2	LowerFixedEngine_Entry_E3E2	Direct call from $0F:$D1E6	A,X	A,P,X	$07BB,$70E0+X	$E419
0F	E419	LowerFixedEngine_Entry_E419	Direct call from $0F:$E3FA	A,X,Y	A,P,X,Y	$7000+X,$7000+Y,$70E0+X,$E2,$E4	$E178,$E368,$E4BB
0F	E45C	LowerFixedEngine_Entry_E45C	Direct call from $0F:$E1F6; Direct call from $0F:$E251	A,X	A,P	$00,$01,$07BB,$61,$62,$70E0+X	
0F	E4BB	LowerFixedEngine_Entry_E4BB	Direct call from $0F:$E1AE; Direct call from $0F:$E43A	A	A,P	$00,$01,$61,$62	
0F	E584	LowerFixedEngine_Entry_E584	Direct call from $0F:$E55C	A,X,Y	A,P,X,Y	($07),Y,$03,$04,$05,$06,$07,$08,$09,$54,$56,$57,$58,$59,$5A,$5B	$C81D,$C851,$E5B8,$E5C1,$E5E6,$E5EB,$E600,$E604,$E606,$E61A,$E76D,$E774,$E780,$E782,$E80B,$E867,$E86F,$E8AA,$E8E1
0F	E58A	LowerFixedEngine_Entry_E58A	Direct call from $0F:$E5B4	A,X,Y	A,P,X,Y	($07),Y,$03,$04,$05,$06,$07,$08,$09,$54,$56,$57,$58,$59,$5A,$5B	$C81D,$C851,$E5E6,$E5EB,$E600,$E604,$E606,$E61A,$E76D,$E774,$E780,$E782,$E80B,$E867,$E86F,$E8AA,$E8E1
0F	E5A5	LowerFixedEngine_Entry_E5A5	Direct call from $0F:$E55F	A	A,P	$53,$66	$E58A,$E606
0F	E5B8	LowerFixedEngine_Entry_E5B8	Direct call from $0F:$E584	A	A,P	$52,$53,$5B	
0F	E5C1	LowerFixedEngine_Entry_E5C1	Direct call from $0F:$E587	A,X,Y	A,P,X,Y	($4F),Y,$00,$4F,$50	$E5E6
0F	E5E6	LowerFixedEngine_Entry_E5E6	Direct call from $0F:$E5C1; Direct call from $0F:$E678; Direct call from $0F:$E68E; Direct call from $0F:$E693; Direct call from $0F:$E698	A,X	A,P,X	$00,$01	$E61A
0F	E5EB	LowerFixedEngine_Entry_E5EB	Direct call from $0F:$E78C; Direct call from $0F:$E795	A	A,P,X,Y	$08,$09	$C81D,$E604
0F	E600	LowerFixedEngine_Entry_E600	Direct call from $0F:$E58A; Direct call from $0F:$E67D	A,X	A,P,X	$00,$01	$E61A
0F	E604	LowerFixedEngine_Entry_E604	Direct call from $0F:$E5EB; Direct call from $0F:$E6A3; Direct call from $0F:$E6BB	A,X	A,P,X	$00,$01	$E61A
0F	E606	LowerFixedEngine_Entry_E606	Direct call from $0F:$E5AB; Direct call from $0F:$E7A8; Direct call from $0F:$E869	A,X	A,P,X	$00,$01	$E61A
0F	E61A	LowerFixedEngine_Entry_E61A	Direct call from $0F:$E60D; Direct call from $0F:$E684; Direct call from $0F:$E79E; Direct call from $0F:$E7B7; Direct call from $0F:$E7DC	A,Y	A,P,Y	$0F,$52	$E642
0F	E642	LowerFixedEngine_Entry_E642	Direct call from $0F:$E637; Direct call from $0F:$E963; Direct call from $0F:$E98A; Direct call from $0F:$E9A0	A,X	A,P,X	$0507,$49,$4A	$FF91
0F	E76D	LowerFixedEngine_Entry_E76D	Direct call from $0F:$E717; Direct call from $0F:$E738; Direct call from $0F:$E752		P	$07,$08	
0F	E774	LowerFixedEngine_Entry_E774	Direct call from $0F:$E72B	A	A,P	$07,$08	
0F	E780	LowerFixedEngine_Entry_E780	Direct call from $0F:$E724; Direct call from $0F:$E749	A	A,P	$07,$08	
0F	E782	LowerFixedEngine_Entry_E782	Direct call from $0F:$E746	A	A,P	$07,$08	
0F	E80B	LowerFixedEngine_Entry_E80B	Direct call from $0F:$E802	A,X	A,P,X	$08,$09	$E83C,$E848,$E84F,$E85B
0F	E83C	LowerFixedEngine_Entry_E83C	Direct call from $0F:$E817	A	A,P	$08,$09	
0F	E848	LowerFixedEngine_Entry_E848	Direct call from $0F:$E821		P	$08,$09	
0F	E84F	LowerFixedEngine_Entry_E84F	Direct call from $0F:$E82A	A	A,P	$08,$09	
0F	E85B	LowerFixedEngine_Entry_E85B	Direct call from $0F:$E833	A	A,P	$08,$09	
0F	E867	LowerFixedEngine_Entry_E867	Direct call from $0F:$E79B	A	A,P	$56	$E606
0F	E86F	LowerFixedEngine_Entry_E86F	Direct call from $0F:$E78F; Direct call from $0F:$E798	A,Y	A,P,Y	($00),Y	$E88E
0F	E88E	LowerFixedEngine_Entry_E88E	Direct call from $0F:$E873; Direct call from $0F:$E87D; Direct call from $0F:$E884	A,Y	A,P	($00),Y	
0F	E8AA	LowerFixedEngine_Entry_E8AA	Direct call from $0F:$E805	A,Y	A,P,Y	($08),Y	$E8C5
0F	E8C5	LowerFixedEngine_Entry_E8C5	Direct call from $0F:$E8AE; Direct call from $0F:$E8B8; Direct call from $0F:$E8BF	A,Y	A,P	($08),Y	
0F	E8E1	LowerFixedEngine_Entry_E8E1	Direct call from $0F:$E7E1; Direct call from $0F:$E7E7	A,X	A,P,X	$5B,$6E8A+X	
0F	E9AD	Bank0F_GetMapDataBank	Direct call from $0F:$E952; Supplied ROM map: Map-data bank selection routine at headerless ROM offset $3E9AD	X,Y	P,X,Y		
0F	EA03	LowerFixedEngine_Entry_EA03	Direct call from $0F:$E9D5	A,X	A,P,X	$0505,$0508,$0509	$EA5A
0F	EA5A	LowerFixedEngine_Entry_EA5A	Direct call from $0F:$EA03	A,X,Y	A,P,X,Y	$00,$01,$02,$03,$0300+Y,$0301+Y,$04,$05,$0501,$0507,$050A,$050B,$0522,$1F,$51,$53,$54,$55,$56,$6EB1+X,$6EC3+X,$6EC6+X,$6ED5+X,$6ED8+X,$6EE7+X,$6EEA+X,$6EF9+X,$6EFC+X,$6F0E+X,$BFFF,$FFFF	$C727,$C891,$D3E6,$D41A,$D426,$D437,$D443,$D4F3,$EB20,$EB25,$EB9B,$EC1A,$ECB4,$ED23,$ED32,$ED3E,$EDA7,$EDC7,$EE05,$EEB7,$EF42,$EFBF,$EFCA,$FF91
0F	EB20	LowerFixedEngine_Entry_EB20	Direct call from $0F:$EAF1; Direct call from $0F:$EB18		P	$02,$03	
0F	EB25	LowerFixedEngine_Entry_EB25	Direct call from $0F:$EAEB; Direct call from $0F:$EB06; Direct call from $0F:$EB15; Direct call from $0F:$EC7F; Direct call from $0F:$EC9A; Direct call from $0F:$ECA9	A,X,Y	A,P,Y	$6EC6+Y,$6ED8+Y,$6EEA+Y,$6EFC+Y,$6F0E+Y	
0F	EB9B	LowerFixedEngine_Entry_EB9B	Direct call from $0F:$EB8C	A,X	P	$53,$54,$56	$EBAD
0F	EBAD	LowerFixedEngine_Entry_EBAD	Direct call from $0F:$EB9F; Direct call from $0F:$ED32	A,X,Y	A,P,X,Y	$51,$53,$6E8A+X	$D28C
0F	EC1A	LowerFixedEngine_Entry_EC1A	Direct call from $0F:$EBD1	A,X	A,P	$53	$EC3A
0F	EC3A	LowerFixedEngine_Entry_EC3A	Direct call from $0F:$EC1F; Direct call from $0F:$EC25; Direct call from $0F:$EC2B; Direct call from $0F:$EC31; Direct call from $0F:$EDAC; Direct call from $0F:$EDB2; Direct call from $0F:$EDB8; Direct call from $0F:$EDBE	A	A,P	$53	
0F	ECB4	LowerFixedEngine_Entry_ECB4	Direct call from $0F:$EC85; Direct call from $0F:$ECAC		P	$02,$04	
0F	ED23	LowerFixedEngine_Entry_ED23	Direct call from $0F:$ECFC	A	P,X,Y	$54,$55,$6E8B	$D266
0F	ED32	LowerFixedEngine_Entry_ED32	Direct call from $0F:$ED10		P	$54,$55,$56	$EBAD
0F	ED3E	LowerFixedEngine_Entry_ED3E	Direct call from $0F:$ED18	A	P,X,Y	$6EBB	$D266
0F	EDA7	LowerFixedEngine_Entry_EDA7	Direct call from $0F:$ED54	A,X	A,P	$53	$EC3A
0F	EDC7	LowerFixedEngine_Entry_EDC7	Direct call from $0F:$EA9F	A,X	A,P,X	$00,$01,$0521,$0522,$0523,$0524,$0525	$C662
0F	EE05	LowerFixedEngine_Entry_EE05	Direct call from $0F:$EA8D	A	A,P	$01,$0521,$0522,$0523,$0525	$C662,$EE2F
0F	EE2F	LowerFixedEngine_Entry_EE2F	Direct call from $0F:$EE09	A,X	A,P,X	$00	
0F	EEB7	LowerFixedEngine_Entry_EEB7	Direct call from $0F:$EE71; Direct call from $0F:$EE93	A,X,Y	A,P,X,Y	$00,$0300+Y,$050A,$1F	
0F	EF42	LowerFixedEngine_Entry_EF42	Direct call from $0F:$EF1C	A,X,Y	A,P,X,Y	$00,$0300+Y,$050A,$1F	
0F	EFBF	LowerFixedEngine_Entry_EFBF	Direct call from $0F:$EF78	X	A,P,X	$01	
0F	EFCA	LowerFixedEngine_Entry_EFCA	Direct call from $0F:$EF9C	A,X	A,P,X	$00	
0F	EFF5	LowerFixedEngine_Entry_EFF5	Direct call from $0F:$EFE7	A	A,P,X,Y	$1F,$55,$58	$D437,$D443,$D4F3,$F06D,$F09E,$F147,$F17A,$F18D,$FF74
0F	F06D	LowerFixedEngine_Entry_F06D	Direct call from $0F:$F006; Direct call from $0F:$F020; Direct call from $0F:$F044	A	A,P	$53,$54,$56,$57,$58	
0F	F09E	LowerFixedEngine_Entry_F09E	Direct call from $0F:$F003; Direct call from $0F:$F01A; Direct call from $0F:$F02E; Direct call from $0F:$F041	A,Y	A,P,Y	$0300+Y,$0301+Y,$0302+Y,$050A,$050B,$1C,$1D,$2006,$2007,$56,$57	$C6BF,$F0CA,$F108,$F117,$F12B
0F	F0CA	LowerFixedEngine_Entry_F0CA	Direct call from $0F:$F0A6; Direct call from $0F:$F0DA	A	A,P	$56,$57	
0F	F108	LowerFixedEngine_Entry_F108	Direct call from $0F:$F0D7	A,X,Y	A,P,X,Y	$0300+Y,$050A	
0F	F117	LowerFixedEngine_Entry_F117	Direct call from $0F:$F0DD	A,X,Y	A,P,X,Y	$0300+Y,$050A	
0F	F12B	LowerFixedEngine_Entry_F12B	Direct call from $0F:$F0A3; Direct call from $0F:$F0A9	A,X	A,P,X	$2006,$2007	
0F	F147	LowerFixedEngine_Entry_F147	Direct call from $0F:$F000; Direct call from $0F:$F017; Direct call from $0F:$F02B	A,X	A,P,X,Y		$C891,$D251,$D3E6,$D4B5
0F	F15B	LowerFixedEngine_Entry_F15B	Direct call from $0F:$EFE4	A	A,P	$0505,$0508,$0509,$55,$56,$57	
0F	F17A	LowerFixedEngine_Entry_F17A	Direct call from $0F:$F010	A,X,Y	A,P,X,Y	$53,$54	
0F	F18D	LowerFixedEngine_Entry_F18D	Direct call from $0F:$EFF9	A,X,Y	A,P,X,Y	$53,$54	
0F	F194	LowerFixedEngine_Entry_F194	Direct call from $0F:$EFEA	A,X	A,P,X	$076A+X,$7020+X	
0F	F1B7	LowerFixedEngine_Entry_F1B7	Direct call from $0F:$F1AD; Direct call from $0F:$F1B2	A,X	A,P,X	$0201+X,$0202+X,$0205+X,$0206+X,$0209+X,$020A+X,$020D+X,$020E+X	$C78C,$D864,$D876,$F1C1
0F	F1C1	LowerFixedEngine_Entry_F1C1	Direct call from $0F:$F1B8	A,X,Y	A,P,X,Y	$6F60+Y,$6F80+Y,$7000+Y	
0F	F243	LowerFixedEngine_Entry_F243	Direct call from $0F:$F23B	A,X,Y	A,P,X,Y	$51,$52,$7004+X,$7024+X,$7144+Y	$D251,$D3E6,$F372,$F38D,$F3A5,$F3AE,$F3B9,$F3C4,$F3F3,$F40C,$F433
0F	F2D7	LowerFixedEngine_Entry_F2D7	Direct call from $0F:$F276	A,X,Y	A,P,X,Y	$51,$52,$7004+X,$7024+X,$7144+Y	$F372,$F38D,$F3A5,$F3AE,$F3B9,$F3C4,$F3F3,$F40C,$F433
0F	F372	LowerFixedEngine_Entry_F372	Direct call from $0F:$F2EC; Direct call from $0F:$F302; Direct call from $0F:$F311; Direct call from $0F:$F329; Direct call from $0F:$F346; Direct call from $0F:$F357	A,X,Y	A,P,X,Y	$052C+X,$7004+X	$F3D8
0F	F38D	LowerFixedEngine_Entry_F38D	Direct call from $0F:$F319; Direct call from $0F:$F331; Direct call from $0F:$F34E; Direct call from $0F:$F35F	A,X,Y	A,P,X,Y	$7024+X	$F3D8
0F	F3A5	LowerFixedEngine_Entry_F3A5	Direct call from $0F:$F2F5; Direct call from $0F:$F30B; Direct call from $0F:$F31C; Direct call from $0F:$F334; Direct call from $0F:$F351; Direct call from $0F:$F362	A,X	A,P,X	$0201+X,$0202+X,$0205+X,$0206+X,$0209+X,$020A+X,$020D+X,$020E+X	$C78C,$D864,$D876
0F	F3AE	LowerFixedEngine_Entry_F3AE	Direct call from $0F:$F2EF; Direct call from $0F:$F308	A,X	A,P,X	$7024+X	
0F	F3B9	LowerFixedEngine_Entry_F3B9	Direct call from $0F:$F2F2; Direct call from $0F:$F314	A,X	A,P,X	$70E4+X	
0F	F3C4	LowerFixedEngine_Entry_F3C4	Direct call from $0F:$F305; Direct call from $0F:$F32C; Direct call from $0F:$F349; Direct call from $0F:$F35A	A,X	A,P,X	$052A+X,$70E4+X	$F3D8
0F	F3D8	LowerFixedEngine_Entry_F3D8	Direct call from $0F:$F389; Direct call from $0F:$F3A1; Direct call from $0F:$F3D4	A,X,Y	A,P,X,Y	$6F64+X,$6F84+X	
0F	F3F3	LowerFixedEngine_Entry_F3F3	Direct call from $0F:$F2E7; Direct call from $0F:$F2F9; Direct call from $0F:$F320	X,Y	A,P,X,Y	$5A,$5B,$5C	
0F	F40C	LowerFixedEngine_Entry_F40C	Direct call from $0F:$F2AE	A,X	A,P,X	$5A	
0F	F433	LowerFixedEngine_Entry_F433	Direct call from $0F:$F2A8; Direct call from $0F:$F2AB	A,X,Y	A,P,X,Y	$5D+X	
0F	F467	LowerFixedEngine_Entry_F467	Direct call from $0F:$F238	A,X	A,P,X	$51,$52	
0F	F489	LowerFixedEngine_Entry_F489	Direct call from $0F:$F23E	A,X	A,P,X	$51,$52	
0F	F4FD	LowerFixedEngine_Entry_F4FD	Direct call from $0F:$F4B9	A,X,Y	A,P,X,Y	$0303+Y,$82	
0F	F510	LowerFixedEngine_Entry_F510	Direct call from $0F:$F4B6	A,X,Y	A,P,X,Y	$7B,$7C,$7D,$7E,$80,$81	$D28C,$F566
0F	F566	LowerFixedEngine_Entry_F566	Direct call from $0F:$F525; Direct call from $0F:$F52A; Direct call from $0F:$F535	A,X,Y	A,P,Y	$053E+X,$0546+X	
0F	FF74	LowerFixedEngine_Entry_FF74	Direct call from $0F:$C0C4; Direct call from $0F:$C8D3; Direct call from $0F:$C8E1; Direct call from $0F:$C90C; Direct call from $0F:$D1E9; Direct call from $0F:$D230; Direct call from $0F:$F059	A	A,P	$12	$C913
0F	FF91	LowerFixedEngine_Entry_FF91	Direct call from $0F:$C1B3; Direct call from $0F:$C3B0; Direct call from $0F:$C3BC; Direct call from $0F:$C3DA; Direct call from $0F:$C3F2; Direct call from $0F:$C402; Direct call from $0F:$C7E7; Direct call from $0F:$D258; Direct call from $0F:$D261; Direct call from $0F:$D56E; Direct call from $0F:$D5AF; Direct call from $0F:$D5F8; Direct call from $0F:$DAAF; Direct call from $0F:$DAC0; Direct call from $0F:$DF9B; Direct call from $0F:$DFBB; Direct call from $0F:$DFC9; Direct call from $0F:$DFE2; Direct call from $0F:$E559; Direct call from $0F:$E57B; Direct call from $0F:$E65E; Direct call from $0F:$E956; Direct call from $0F:$EB7E; Direct call from $0F:$ECF1; Direct call from $0F:$F4AD	A	A,P	$0501,$0507,$BFFF,$FFFF	
0F	FFD8	LowerFixedEngine_Entry_FFD8	CPU vector: Lower-half RESET vector target	A,X	A,P,X	$00+X,$0300+X,$0400+X,$0500,$0501,$0502,$0503,$0504,$0505,$0505+X,$0506,$0600+X,$0700+X,$2000,$2001,$2006,$2007,$39,$FFDF,$FFFF	$C104,$C52F,$C543,$C569,$C983,$FF74
10	8080	Bank10_BattlePartyServices	Direct ROM analysis: Wrapper immediately following the 64-entry bank service directory	A,X,Y	A,P,X,Y	$00+X,$6E0A,$6E0B	$8196,$8214,$8221,$8301,$8313,$831E,$A077
10	808A	BattlePartyServices_Entry_808A	Pointer $10:$8000 (64-entry code dispatch table followed by code at $8080)	A,X,Y	A,P,X,Y	$00+X,$0106+X,$0107+X,$6E0A,$6E0B	$809D,$8196,$8214,$8221,$8301,$8313,$831E,$A077
10	809D	BattlePartyServices_Entry_809D	Direct call from $10:$8091; Direct call from $10:$80D5; Direct call from $10:$80F3; Direct call from $10:$8113; Direct call from $10:$8131	A,X,Y	A,P,X,Y	$6E0A,$79,$7A	
10	80C5	BattlePartyServices_Entry_80C5	Pointer $10:$8002 (64-entry code dispatch table followed by code at $8080)	A,X,Y	A,P,X,Y	$00+X,$0106+X,$0107+X,$6E,$6E0A,$6E0B	$809D,$8196,$8214,$8221,$8301,$8313,$831E,$A077
10	80D1	BattlePartyServices_Entry_80D1	Pointer $10:$8004 (64-entry code dispatch table followed by code at $8080); Pointer $10:$8006 (64-entry code dispatch table followed by code at $8080)	A,X,Y	A,P,X,Y	$00+X,$0106+X,$0107+X,$6E0A,$6E0B	$809D,$8196,$8214,$8221,$8301,$8313,$831E,$A077
10	80ED	BattlePartyServices_Entry_80ED	Pointer $10:$8008 (64-entry code dispatch table followed by code at $8080); Pointer $10:$800A (64-entry code dispatch table followed by code at $8080)	A,X,Y	A,P,X,Y	$00+X,$0106+X,$0107+X,$6E,$6E0A,$6E0B	$809D,$8196,$8214,$8221,$8301,$8313,$831E,$A077
10	810B	BattlePartyServices_Entry_810B	Pointer $10:$800C (64-entry code dispatch table followed by code at $8080); Pointer $10:$800E (64-entry code dispatch table followed by code at $8080)	A,X,Y	A,P,X,Y	$00+X,$0106+X,$0107+X,$6E,$6E0A,$6E0B,$6F	$809D,$8196,$8214,$8221,$8301,$8313,$831E,$A077
10	812B	BattlePartyServices_Entry_812B	Pointer $10:$8010 (64-entry code dispatch table followed by code at $8080); Pointer $10:$8012 (64-entry code dispatch table followed by code at $8080)	A,X,Y	A,P,X,Y	$00+X,$0106+X,$0107+X,$6E,$6E0A,$6E0B,$6F	$809D,$8157,$8196,$8214,$8221,$8301,$8313,$831E,$A077
10	8157	BattlePartyServices_Entry_8157	Direct call from $10:$8146		A,P,X		
10	8196	BattlePartyServices_Entry_8196	Direct call from $10:$816B; Direct call from $10:$9CEE; Direct call from $10:$9DAE	A,X,Y	A,P,X	$6BDD,$6E0C	$8241,$825F,$8278,$82F0
10	8198	BattlePartyServices_Entry_8198	Direct call from $10:$9911; Direct call from $10:$994C; Direct call from $10:$9987	A,X,Y	A,P,X	$6BDD,$6E0C	$8241,$825F,$8278,$82F0
10	81B9	BattlePartyServices_Entry_81B9	Direct call from $10:$854D	A	A,P	$6BDD	
10	8214	BattlePartyServices_Entry_8214	Direct call from $10:$8171	A	A,P	$76,$77,$78	
10	8221	BattlePartyServices_Entry_8221	Direct call from $10:$817A	A,X	A,P,X,Y	$00,$01,$6BDD	$8392
10	8241	BattlePartyServices_Entry_8241	Direct call from $10:$81A1; Direct call from $10:$92EC; Direct call from $10:$932A; Direct call from $10:$9830; Direct call from $10:$986F; Direct call from $10:$9A22; Direct call from $10:$9AEA; Direct call from $10:$9C14; Direct call from $10:$9C7F; Direct call from $10:$9CFD; Direct call from $10:$9D51; Direct call from $10:$A0D6; Direct call from $10:$A14E	A,Y	A,P,Y		
10	825F	BattlePartyServices_Entry_825F	Direct call from $10:$81AB; Direct call from $10:$9838; Direct call from $10:$9879; Direct call from $10:$9A93; Direct call from $10:$9AD7; Direct call from $10:$9AFF; Direct call from $10:$9D11; Direct call from $10:$9D5B	A	A,P,Y		$8498
10	8278	BattlePartyServices_Entry_8278	Direct call from $10:$81A6; Direct call from $10:$81B0; Direct call from $10:$92EF; Direct call from $10:$9835; Direct call from $10:$983D; Direct call from $10:$9874; Direct call from $10:$987E; Direct call from $10:$9AEF; Direct call from $10:$9B04	A,X,Y	A,P,X,Y	$00,$01,$02,$6E0C	$8301
10	82F0	BattlePartyServices_Entry_82F0	Direct call from $10:$819C; Direct call from $10:$831E; Direct call from $10:$8394; Direct call from $10:$986A	A,X	A,P,X		
10	8301	BattlePartyServices_Entry_8301	Direct call from $10:$816E; Direct call from $10:$828F; Direct call from $10:$9399; Direct call from $10:$93E9; Direct call from $10:$97ED; Direct call from $10:$9886; Direct call from $10:$98E0; Direct call from $10:$A08C; Direct call from $10:$A0EB	A,X,Y	A,P,X	$79,$7A	
10	8306	BattlePartyServices_Entry_8306	Direct call from $10:$A2FA	A,X	A,P,X	$79,$7A	
10	8313	BattlePartyServices_Entry_8313	Direct call from $10:$8174	A	A,P	$72,$73,$74,$75	
10	831E	BattlePartyServices_Entry_831E	Direct call from $10:$8177; Direct call from $10:$9889	A,X,Y	A,P,X,Y	$6E0D,$6E0E,$79,$7A	$82F0,$835C
10	835C	BattlePartyServices_Entry_835C	Direct call from $10:$8337; Direct call from $10:$9806; Direct call from $10:$9D92	A,X	A,P,X	$79,$7A	
10	8387	BattlePartyServices_Entry_8387	Direct call from $10:$87E8; Direct call from $10:$8815; Direct call from $10:$8934	A,X	A,P,X		
10	8392	BattlePartyServices_Entry_8392	Direct call from $10:$8226	A,X,Y	A,P,X,Y	$72+X	$82F0
10	83BA	BattlePartyServices_Entry_83BA	Direct call from $10:$8449	X	P,X	$06	
10	83BD	BattlePartyServices_Entry_83BD	Direct call from $10:$8421; Direct call from $10:$842F; Direct call from $10:$8463; Direct call from $10:$86B4	X	P,X	$06	
10	83C6	BattlePartyServices_Entry_83C6	Direct call from $10:$871B; Direct call from $10:$9602	A	A,P	$03,$04	
10	83CF	BattlePartyServices_Entry_83CF	Direct call from $10:$841E	A,X,Y	A,P,X,Y	$03+X,$6BDD,$72,$73,$74	$8403,$86D5,$86F6,$87D7
10	8403	BattlePartyServices_Entry_8403	Direct call from $10:$83E9; Direct call from $10:$83F8	A	A,P	$03,$04,$05	
10	8460	BattlePartyServices_Entry_8460	Direct call from $10:$9608	A,X,Y	A,P,X,Y	($79),Y,$0071+X,$06	$83BD
10	8490	BattlePartyServices_Entry_8490	Direct call from $10:$8B47; Direct call from $10:$8C3E; Direct call from $10:$906A; Direct call from $10:$910D; Direct call from $10:$97F7; Direct call from $10:$9817; Pointer $10:$8052 (64-entry code dispatch table followed by code at $8080)	A,X	A,P,X		
10	8498	BattlePartyServices_Entry_8498	Direct call from $10:$8268; Direct call from $10:$93A0; Direct call from $10:$99E2; Direct call from $10:$9A5D; Direct call from $10:$9B75; Direct call from $10:$9BF8	A,X,Y	A,P,X,Y		
10	84E9	BattlePartyServices_Entry_84E9	Pointer $10:$9E30 (113-entry battle-action handler table selected by $6E0B and dispatched at $822E-$823B); Pointer $10:$9E3E (113-entry battle-action handler table selected by $6E0B and dispatched at $822E-$823B); Pointer $10:$9EC4 (113-entry battle-action handler table selected by $6E0B and dispatched at $822E-$823B); Pointer $10:$9ECA (113-entry battle-action handler table selected by $6E0B and dispatched at $822E-$823B); Pointer $10:$9ECE (113-entry battle-action handler table selected by $6E0B and dispatched at $822E-$823B)		P		
10	84EA	BattlePartyServices_Entry_84EA	Direct call from $10:$850C; Pointer $10:$9F10 (113-entry battle-action handler table selected by $6E0B and dispatched at $822E-$823B)	A	A,P	$72	$870C,$87D7
10	84F7	BattlePartyServices_Entry_84F7	Direct call from $10:$8516; Direct call from $10:$8632	A,X	A,P,X	$72,$73,$76	$88BF
10	850C	BattlePartyServices_Entry_850C	Pointer $10:$9E54 (113-entry battle-action handler table selected by $6E0B and dispatched at $822E-$823B)	A	A,P	$72,$73	$84EA,$84F7,$87D7
10	852D	BattlePartyServices_Entry_852D	Pointer $10:$9E50 (113-entry battle-action handler table selected by $6E0B and dispatched at $822E-$823B)	A,X,Y	A,P,X,Y	$72	$87D7
10	853F	BattlePartyServices_Entry_853F	Pointer $10:$9E76 (113-entry battle-action handler table selected by $6E0B and dispatched at $822E-$823B)		P		
10	8548	BattlePartyServices_Entry_8548	Pointer $10:$9E6E (113-entry battle-action handler table selected by $6E0B and dispatched at $822E-$823B); Pointer $10:$9E72 (113-entry battle-action handler table selected by $6E0B and dispatched at $822E-$823B); Pointer $10:$9E7A (113-entry battle-action handler table selected by $6E0B and dispatched at $822E-$823B)		P		$81B9,$87D7
10	8551	BattlePartyServices_Entry_8551	Pointer $10:$9E4E (113-entry battle-action handler table selected by $6E0B and dispatched at $822E-$823B)	A	A,P	$72,$75	$87D7,$9613
10	856A	BattlePartyServices_Entry_856A	Pointer $10:$9E84 (113-entry battle-action handler table selected by $6E0B and dispatched at $822E-$823B)	A,X,Y	A,P,X,Y	$03E3+X,$72+X	$87D7
10	85BB	BattlePartyServices_Entry_85BB	Pointer $10:$9E5E (113-entry battle-action handler table selected by $6E0B and dispatched at $822E-$823B)	A	A,P,X,Y	$00,$72,$73,$74,$75,$76	$870C,$87D7,$8A25,$8C04,$C3EA
10	85FE	BattlePartyServices_Entry_85FE	Pointer $10:$9E66 (113-entry battle-action handler table selected by $6E0B and dispatched at $822E-$823B)	A,X	A,P,X,Y	$00,$01,$72,$73,$74,$75,$76	$84F7,$870C,$87D7,$8A25,$8C04,$C3EA
10	865B	BattlePartyServices_Entry_865B	Pointer $10:$9E34 (113-entry battle-action handler table selected by $6E0B and dispatched at $822E-$823B)	A,X,Y	A,P,X,Y	($79),Y,$00+X,$0075+X,$06,$72+X	$83BA,$83BD,$83CF
10	8660	BattlePartyServices_Entry_8660	Pointer $10:$9E42 (113-entry battle-action handler table selected by $6E0B and dispatched at $822E-$823B)	A,X,Y	A,P,X,Y	($79),Y,$00+X,$0075+X,$06,$72+X,$77	$83BA,$83BD,$83CF
10	8669	BattlePartyServices_Entry_8669	Pointer $10:$9E52 (113-entry battle-action handler table selected by $6E0B and dispatched at $822E-$823B); Pointer $10:$9E56 (113-entry battle-action handler table selected by $6E0B and dispatched at $822E-$823B); Pointer $10:$9E70 (113-entry battle-action handler table selected by $6E0B and dispatched at $822E-$823B); Pointer $10:$9E74 (113-entry battle-action handler table selected by $6E0B and dispatched at $822E-$823B); Pointer $10:$9E78 (113-entry battle-action handler table selected by $6E0B and dispatched at $822E-$823B)	A,X,Y	A,P,X,Y	($79),Y,$00+X,$0075+X,$03,$06,$72+X,$76	$83BA,$83BD
10	866D	BattlePartyServices_Entry_866D	Pointer $10:$9F08 (113-entry battle-action handler table selected by $6E0B and dispatched at $822E-$823B)	A,X,Y	A,P,X,Y	($79),Y,$00+X,$0075+X,$03,$06,$72+X,$76	$83BA,$83BD
10	867B	BattlePartyServices_Entry_867B	Pointer $10:$9E7E (113-entry battle-action handler table selected by $6E0B and dispatched at $822E-$823B)	A,X,Y	A,P,X,Y	($79),Y,$00+X,$0075+X,$03,$04,$05,$06,$72+X	$83BA,$83BD
10	868D	BattlePartyServices_Entry_868D	Pointer $10:$9EC6 (113-entry battle-action handler table selected by $6E0B and dispatched at $822E-$823B)	A,X,Y	A,P,X,Y	($79),Y,$00+X,$0075+X,$03,$04,$05,$06,$72,$72+X,$73,$74	$83BA,$83BD
10	86AD	BattlePartyServices_Entry_86AD	Pointer $10:$9E46 (113-entry battle-action handler table selected by $6E0B and dispatched at $822E-$823B)	A,X,Y	A,P,X,Y	($79),Y,$0071+X,$06,$77	$83BD
10	86B1	BattlePartyServices_Entry_86B1	Pointer $10:$9E38 (113-entry battle-action handler table selected by $6E0B and dispatched at $822E-$823B)	A,X,Y	A,P,X,Y	($79),Y,$0071+X,$06	$83BD
10	86B4	BattlePartyServices_Entry_86B4	Pointer $10:$9EC8 (113-entry battle-action handler table selected by $6E0B and dispatched at $822E-$823B)	A,X,Y	A,P,X,Y	($79),Y,$00+X,$06	$83BD
10	86D5	BattlePartyServices_Entry_86D5	Direct call from $10:$83E6; Direct call from $10:$87BE; Pointer $10:$9E32 (113-entry battle-action handler table selected by $6E0B and dispatched at $822E-$823B)	A	A,P,X,Y	$72,$73,$74,$75	$870C,$87D7,$C3EA
10	86F6	BattlePartyServices_Entry_86F6	Direct call from $10:$83F5; Pointer $10:$9E40 (113-entry battle-action handler table selected by $6E0B and dispatched at $822E-$823B)	A	A,P	$72,$73,$74,$75	$870C,$87D7
10	870C	BattlePartyServices_Entry_870C	Direct call from $10:$84F1; Direct call from $10:$85E5; Direct call from $10:$8642; Direct call from $10:$86DD; Direct call from $10:$86FE; Direct call from $10:$8750; Direct call from $10:$8781	A,Y	A,P,Y	$6E59	$A6A2
10	8717	BattlePartyServices_Entry_8717	Pointer $10:$9E36 (113-entry battle-action handler table selected by $6E0B and dispatched at $822E-$823B)	A,X,Y	A,P,X,Y	($79),Y,$00+X,$0075+X,$06,$72+X,$77	$83BA,$83BD,$83C6
10	8721	BattlePartyServices_Entry_8721	Pointer $10:$9E44 (113-entry battle-action handler table selected by $6E0B and dispatched at $822E-$823B)	A,X,Y	A,P,X,Y	($79),Y,$00+X,$0075+X,$06,$72+X,$77	$83BA,$83BD,$83C6
10	872E	BattlePartyServices_Entry_872E	Direct call from $10:$8788; Direct call from $10:$93F9; Pointer $10:$9E3A (113-entry battle-action handler table selected by $6E0B and dispatched at $822E-$823B)	A,X,Y	A,P,X,Y	($79),Y,$00,$01	$874E,$87D7
10	874E	BattlePartyServices_Entry_874E	Direct call from $10:$8733	A	A,P,X,Y	$72	$870C,$C3EA
10	8763	BattlePartyServices_Entry_8763	Direct call from $10:$93FC; Pointer $10:$9E4C (113-entry battle-action handler table selected by $6E0B and dispatched at $822E-$823B)	A,X,Y	A,P,X,Y	($79),Y	$877F,$87D7
10	877F	BattlePartyServices_Entry_877F	Direct call from $10:$8768	A	A,P,X		$870C
10	8788	BattlePartyServices_Entry_8788	Pointer $10:$9E3C (113-entry battle-action handler table selected by $6E0B and dispatched at $822E-$823B)	A,Y	A,P,Y	($79),Y,$00,$01	$872E
10	879B	BattlePartyServices_Entry_879B	Pointer $10:$9ECC (113-entry battle-action handler table selected by $6E0B and dispatched at $822E-$823B)	A	A,P	$615B	
10	87A1	BattlePartyServices_Entry_87A1	Pointer $10:$9E48 (113-entry battle-action handler table selected by $6E0B and dispatched at $822E-$823B)	A,Y	A,P,Y		
10	87AE	BattlePartyServices_Entry_87AE	Pointer $10:$9E4A (113-entry battle-action handler table selected by $6E0B and dispatched at $822E-$823B)	A,Y	A,P,Y	($79),Y	
10	87B9	BattlePartyServices_Entry_87B9	Pointer $10:$9F06 (113-entry battle-action handler table selected by $6E0B and dispatched at $822E-$823B)	A,Y	A,P,X,Y		$86D5,$87D7,$C851
10	87D7	BattlePartyServices_Entry_87D7	Direct call from $10:$83CF; Direct call from $10:$84EA; Direct call from $10:$850F; Direct call from $10:$852D; Direct call from $10:$8548; Direct call from $10:$855B; Direct call from $10:$8574; Direct call from $10:$85BB; Direct call from $10:$85FE; Direct call from $10:$86D5; Direct call from $10:$86F6; Direct call from $10:$872E; Direct call from $10:$8763; Direct call from $10:$87B9; Direct call from $10:$885B; Direct call from $10:$89E1; Direct call from $10:$8A25	A,Y	A,P,Y		
10	87E8	BattlePartyServices_Entry_87E8	Pointer $10:$9E82 (113-entry battle-action handler table selected by $6E0B and dispatched at $822E-$823B)	A,X,Y	A,P,X,Y	$72	$8387
10	8815	BattlePartyServices_Entry_8815	Direct call from $10:$8EE0; Direct call from $10:$8F30; Direct call from $10:$8F5C; Direct call from $10:$8F79; Direct call from $10:$8FF5; Direct call from $10:$9031; Direct call from $10:$90D3; Direct call from $10:$90E9; Direct call from $10:$988C; Pointer $10:$9E86 (113-entry battle-action handler table selected by $6E0B and dispatched at $822E-$823B)	A,Y	A,P,Y	$72	$8387
10	883B	BattlePartyServices_Entry_883B	Direct call from $10:$888D; Direct call from $10:$88B9; Direct call from $10:$890C; Pointer $10:$9E88 (113-entry battle-action handler table selected by $6E0B and dispatched at $822E-$823B)	A,X,Y	A,P,X,Y	$6BDD,$72,$73,$75	$87D7,$8A97,$8AA6,$8AD7
10	8873	BattlePartyServices_Entry_8873	Pointer $10:$9E8A (113-entry battle-action handler table selected by $6E0B and dispatched at $822E-$823B)	X	P	$72	$8AD7
10	8879	BattlePartyServices_Entry_8879	Pointer $10:$9E8C (113-entry battle-action handler table selected by $6E0B and dispatched at $822E-$823B)	A,Y	A,P,Y	($79),Y	$8A97
10	888D	BattlePartyServices_Entry_888D	Pointer $10:$9E8E (113-entry battle-action handler table selected by $6E0B and dispatched at $822E-$823B)	A,Y	A,P,Y	($79),Y	$883B,$8B63,$8B68
10	88A4	BattlePartyServices_Entry_88A4	Direct call from $10:$972C	A,Y	A,P,Y	($79),Y	
10	88B9	BattlePartyServices_Entry_88B9	Pointer $10:$9E90 (113-entry battle-action handler table selected by $6E0B and dispatched at $822E-$823B)	A,Y	A,P,Y	($79),Y	$883B
10	88BF	BattlePartyServices_Entry_88BF	Direct call from $10:$84FF; Pointer $10:$9E92 (113-entry battle-action handler table selected by $6E0B and dispatched at $822E-$823B)	A,X,Y	A,P,X,Y	$07,$08,$09,$72,$73	$8A97
10	890C	BattlePartyServices_Entry_890C	Pointer $10:$9E94 (113-entry battle-action handler table selected by $6E0B and dispatched at $822E-$823B)	A,X,Y	A,P,X,Y	($79),Y,$07,$6BDD,$72,$76	$8387,$883B,$89AA,$8A25,$8AE7,$8B04,$8B59
10	8966	BattlePartyServices_Entry_8966	Pointer $10:$9E96 (113-entry battle-action handler table selected by $6E0B and dispatched at $822E-$823B)	A,Y	A,P,X	($79),Y,$07,$72,$76	$8387,$89AA,$8A25,$8A5D,$8A97,$8AE7,$8B04,$8B59
10	896A	BattlePartyServices_Entry_896A	Pointer $10:$9E98 (113-entry battle-action handler table selected by $6E0B and dispatched at $822E-$823B)	A,Y	A,P,X	($79),Y,$07,$72,$76	$8387,$89AA,$8A25,$8A5D,$8A97,$8AE7,$8B04,$8B59
10	896E	BattlePartyServices_Entry_896E	Pointer $10:$9E9A (113-entry battle-action handler table selected by $6E0B and dispatched at $822E-$823B)	A,Y	A,P,X	($79),Y,$07,$72,$76	$8387,$89AA,$8A25,$8A5D,$8A97,$8AE7,$8B04,$8B59
10	8972	BattlePartyServices_Entry_8972	Pointer $10:$9E9C (113-entry battle-action handler table selected by $6E0B and dispatched at $822E-$823B)	A,Y	A,P,X	($79),Y,$07,$72,$76	$8387,$89AA,$8A25,$8A5D,$8A97,$8AE7,$8B04,$8B59
10	89AA	BattlePartyServices_Entry_89AA	Direct call from $10:$8944; Direct call from $10:$8993	A,X,Y	A,P,X,Y	($79),Y,$07	$8AE7
10	89CD	BattlePartyServices_Entry_89CD	Pointer $10:$9E9E (113-entry battle-action handler table selected by $6E0B and dispatched at $822E-$823B)	A,X,Y	A,P,Y	$07,$08,$72,$75	$87D7,$8A5D,$8A7A,$8A97,$8A9E,$8AA6,$8AE7
10	89D1	BattlePartyServices_Entry_89D1	Pointer $10:$9EA0 (113-entry battle-action handler table selected by $6E0B and dispatched at $822E-$823B)	A,X,Y	A,P,Y	$07,$08,$72,$75	$87D7,$8A5D,$8A7A,$8A97,$8A9E,$8AA6,$8AE7
10	89D5	BattlePartyServices_Entry_89D5	Pointer $10:$9EA2 (113-entry battle-action handler table selected by $6E0B and dispatched at $822E-$823B)	A,X,Y	A,P,Y	$07,$08,$72,$75	$87D7,$8A5D,$8A7A,$8A97,$8A9E,$8AA6,$8AE7
10	89D9	BattlePartyServices_Entry_89D9	Pointer $10:$9EA4 (113-entry battle-action handler table selected by $6E0B and dispatched at $822E-$823B)	A,X,Y	A,P,Y	$07,$08,$72,$75	$87D7,$8A5D,$8A7A,$8A97,$8A9E,$8AA6,$8AE7
10	8A25	BattlePartyServices_Entry_8A25	Direct call from $10:$85CA; Direct call from $10:$860F; Direct call from $10:$8923; Direct call from $10:$897D; Pointer $10:$9EA6 (113-entry battle-action handler table selected by $6E0B and dispatched at $822E-$823B)	A,X,Y	A,P,Y	$72	$87D7,$8AA6,$8AE7
10	8A5D	BattlePartyServices_Entry_8A5D	Direct call from $10:$898C; Direct call from $10:$89FD	X,Y	P,X,Y	$76	$8A97,$8AE7
10	8A7A	BattlePartyServices_Entry_8A7A	Direct call from $10:$8A1C	X,Y	P,X,Y	$76	$8A9E,$8AE7
10	8A97	BattlePartyServices_Entry_8A97	Direct call from $10:$884C; Direct call from $10:$887B; Direct call from $10:$88F4; Direct call from $10:$899C; Direct call from $10:$89E8; Direct call from $10:$8A61; Direct call from $10:$8ADB	A,Y	A,P		
10	8A9E	BattlePartyServices_Entry_8A9E	Direct call from $10:$8A07; Direct call from $10:$8A7E	A	A,P		$8AA6
10	8AA6	BattlePartyServices_Entry_8AA6	Direct call from $10:$886D; Direct call from $10:$8A1F; Direct call from $10:$8A44; Direct call from $10:$8A9E	A,X,Y	A,P,X,Y	$17,$18	$C81D
10	8AD7	BattlePartyServices_Entry_8AD7	Direct call from $10:$883B; Direct call from $10:$8873; Direct call from $10:$994F	X,Y	P,X,Y		$8A97
10	8AE7	BattlePartyServices_Entry_8AE7	Direct call from $10:$8911; Direct call from $10:$8941; Direct call from $10:$89B7; Direct call from $10:$89EB; Direct call from $10:$8A0A; Direct call from $10:$8A30; Direct call from $10:$8A4B; Direct call from $10:$8A66; Direct call from $10:$8A83; Pointer $10:$8016 (64-entry code dispatch table followed by code at $8080)	A,X	A,P,X		
10	8B04	BattlePartyServices_Entry_8B04	Direct call from $10:$893C; Pointer $10:$8014 (64-entry code dispatch table followed by code at $8080)	A,X	A,P,X	$6E0F	$8490,$8C58
10	8B59	BattlePartyServices_Entry_8B59	Direct call from $10:$892F; Direct call from $10:$894B; Direct call from $10:$8987; Direct call from $10:$976F; Pointer $10:$8018 (64-entry code dispatch table followed by code at $8080)		P		$8C18
10	8B5E	BattlePartyServices_Entry_8B5E	Pointer $10:$801A (64-entry code dispatch table followed by code at $8080)		P		$8C18
10	8B63	BattlePartyServices_Entry_8B63	Direct call from $10:$8894; Pointer $10:$801C (64-entry code dispatch table followed by code at $8080)		P		$8C18
10	8B68	BattlePartyServices_Entry_8B68	Direct call from $10:$8899; Pointer $10:$801E (64-entry code dispatch table followed by code at $8080)		P		$8C18
10	8B6D	BattlePartyServices_Entry_8B6D	Pointer $10:$8020 (64-entry code dispatch table followed by code at $8080)		P		$8C18
10	8B72	BattlePartyServices_Entry_8B72	Pointer $10:$806A (64-entry code dispatch table followed by code at $8080)	A,X	A,P,X	$6E0F	$8C18,$8C58,$8C5E
10	8B77	BattlePartyServices_Entry_8B77	Pointer $10:$8028 (64-entry code dispatch table followed by code at $8080)	A,X	A,P,X	$6E0F	$8C58,$8C5E
10	8B8C	BattlePartyServices_Entry_8B8C	Pointer $10:$802A (64-entry code dispatch table followed by code at $8080)	A,X	A,P,X	$6E0F	$8C58,$8C5E
10	8BA1	BattlePartyServices_Entry_8BA1	Pointer $10:$802C (64-entry code dispatch table followed by code at $8080)	A,X	A,P,X	$6E0F	$8C58,$8C5E
10	8BB6	BattlePartyServices_Entry_8BB6	Pointer $10:$8022 (64-entry code dispatch table followed by code at $8080)	A,X,Y	A,P,X,Y	$00+X,$01+X,$02+X,$6E0F	$A035,$C827
10	8BEE	BattlePartyServices_Entry_8BEE	Pointer $10:$8024 (64-entry code dispatch table followed by code at $8080)	A,X	A,P,X	$6E0F	$8C5E
10	8C04	BattlePartyServices_Entry_8C04	Direct call from $10:$85D1; Direct call from $10:$8614; Pointer $10:$8026 (64-entry code dispatch table followed by code at $8080)	A,X	A,P,X	$6E0F	$8C5E
10	8C18	BattlePartyServices_Entry_8C18	Direct call from $10:$8B59; Direct call from $10:$8B5E; Direct call from $10:$8B63; Direct call from $10:$8B68; Direct call from $10:$8B6D; Direct call from $10:$8B72	A,X	A,P,X	$00,$01,$0104+X,$0105+X,$6E0F	$8490,$8C58,$8C5E
10	8C58	BattlePartyServices_Entry_8C58	Direct call from $10:$8B4D; Direct call from $10:$8B85; Direct call from $10:$8B9A; Direct call from $10:$8BAF; Direct call from $10:$8C49; Direct call from $10:$9800; Direct call from $10:$9825		P		
10	8C5E	BattlePartyServices_Entry_8C5E	Direct call from $10:$8B7D; Direct call from $10:$8B92; Direct call from $10:$8BA7; Direct call from $10:$8BF3; Direct call from $10:$8C09; Direct call from $10:$8C42	A	A,P,X		
10	8DE2	BattlePartyServices_Entry_8DE2	Pointer $10:$8040 (64-entry code dispatch table followed by code at $8080)	A,X	A,P	$0F64+X	
10	8E61	BattlePartyServices_Entry_8E61	Pointer $10:$8042 (64-entry code dispatch table followed by code at $8080)	A,X,Y	A,P	($90),Y,$3C+X	
10	8EE0	BattlePartyServices_Entry_8EE0	Direct call from $10:$8FB5; Pointer $10:$9EA8 (113-entry battle-action handler table selected by $6E0B and dispatched at $822E-$823B)	A,X,Y	A,P,X,Y	$07,$6BDD,$72	$8815,$905A
10	8F30	BattlePartyServices_Entry_8F30	Pointer $10:$9EAA (113-entry battle-action handler table selected by $6E0B and dispatched at $822E-$823B)	A,X,Y	A,P,X,Y	$72	$8815,$9052,$905A
10	8F5C	BattlePartyServices_Entry_8F5C	Pointer $10:$9EAC (113-entry battle-action handler table selected by $6E0B and dispatched at $822E-$823B)	A,X	A,P,X	$72	$8815
10	8F79	BattlePartyServices_Entry_8F79	Pointer $10:$9EAE (113-entry battle-action handler table selected by $6E0B and dispatched at $822E-$823B)	A,X	A,P,X	$07,$08,$6BDD,$72	$8815,$8EE0,$905A
10	8FF5	BattlePartyServices_Entry_8FF5	Pointer $10:$9EB0 (113-entry battle-action handler table selected by $6E0B and dispatched at $822E-$823B)	A,X,Y	A,P,X,Y	$07,$72	$8815,$9052,$905A
10	902B	BattlePartyServices_Entry_902B	Pointer $10:$9EB2 (113-entry battle-action handler table selected by $6E0B and dispatched at $822E-$823B)	A,X	A,P,X	$07,$6BDD,$72	$8815,$9052,$905A
10	9052	BattlePartyServices_Entry_9052	Direct call from $10:$8F3D; Direct call from $10:$9002; Direct call from $10:$9040	A	P,X,Y		
10	905A	BattlePartyServices_Entry_905A	Direct call from $10:$8F08; Direct call from $10:$8F42; Direct call from $10:$8F92; Direct call from $10:$9007; Direct call from $10:$9048; Direct call from $10:$90DB; Direct call from $10:$90E5	A,X,Y	A,P,X,Y		$8490
10	9078	BattlePartyServices_Entry_9078	Direct call from $10:$90D6; Direct call from $10:$90EC	A,X,Y	A,P,X,Y		
10	90A4	BattlePartyServices_Entry_90A4	Direct call from $10:$90E0; Direct call from $10:$90F4	A,X,Y	A,P,X,Y		
10	90D3	BattlePartyServices_Entry_90D3	Pointer $10:$9F0A (113-entry battle-action handler table selected by $6E0B and dispatched at $822E-$823B)		P		$8815,$905A,$9078,$90A4
10	90E9	BattlePartyServices_Entry_90E9	Pointer $10:$9F0C (113-entry battle-action handler table selected by $6E0B and dispatched at $822E-$823B)		P		$8815,$9078,$90A4,$90FD
10	90EC	BattlePartyServices_Entry_90EC	Pointer $10:$8070 (64-entry code dispatch table followed by code at $8080)		P		$9078,$90A4,$90FD
10	90FD	BattlePartyServices_Entry_90FD	Direct call from $10:$90F1; Direct call from $10:$90F9	A,X,Y	A,P,X,Y	($79),Y	$8490
10	9183	BattlePartyServices_Entry_9183	Pointer $10:$9EDC (113-entry battle-action handler table selected by $6E0B and dispatched at $822E-$823B)	A	A,P	$618E,$618F,$6191,$6192	$91B8,$958A
10	91B8	BattlePartyServices_Entry_91B8	Direct call from $10:$9183; Direct call from $10:$91C4; Direct call from $10:$9207; Direct call from $10:$921A; Direct call from $10:$924A; Direct call from $10:$9289; Direct call from $10:$92AC	A	A,P		
10	91BF	BattlePartyServices_Entry_91BF	Pointer $10:$9EDE (113-entry battle-action handler table selected by $6E0B and dispatched at $822E-$823B)	A,X	A,P,X	$618E	$91B8
10	91F8	BattlePartyServices_Entry_91F8	Direct call from $10:$9216	A	A,P	$618E	
10	9207	BattlePartyServices_Entry_9207	Pointer $10:$9F0E (113-entry battle-action handler table selected by $6E0B and dispatched at $822E-$823B)	A	A,P	$6191,$6192	$91B8,$91F8
10	921A	BattlePartyServices_Entry_921A	Pointer $10:$9EE0 (113-entry battle-action handler table selected by $6E0B and dispatched at $822E-$823B)	A	A,P	$618E	$91B8
10	924A	BattlePartyServices_Entry_924A	Pointer $10:$9EE2 (113-entry battle-action handler table selected by $6E0B and dispatched at $822E-$823B)	A	A,P	$618E,$6191,$6192,$6193,$6194	$91B8
10	9289	BattlePartyServices_Entry_9289	Pointer $10:$9EE4 (113-entry battle-action handler table selected by $6E0B and dispatched at $822E-$823B)	A	A,P	$618E	$91B8
10	92AC	BattlePartyServices_Entry_92AC	Pointer $10:$9EE6 (113-entry battle-action handler table selected by $6E0B and dispatched at $822E-$823B)	A	A,P	$618E	$91B8
10	92C5	BattlePartyServices_Entry_92C5	Pointer $10:$9EE8 (113-entry battle-action handler table selected by $6E0B and dispatched at $822E-$823B)	A	A,P	$618E,$618F,$6191,$6192	
10	92DF	BattlePartyServices_Entry_92DF	Pointer $10:$9EEA (113-entry battle-action handler table selected by $6E0B and dispatched at $822E-$823B)	A,X,Y	A,P,X,Y		
10	92E2	BattlePartyServices_Entry_92E2	Pointer $10:$9F04 (113-entry battle-action handler table selected by $6E0B and dispatched at $822E-$823B)	A,X	A,P,X	$6E0C,$72	$8241,$8278
10	92F7	BattlePartyServices_Entry_92F7	Pointer $10:$9ED2 (113-entry battle-action handler table selected by $6E0B and dispatched at $822E-$823B)	A,Y	A,P,Y	($79),Y,$616A+Y	$9A90,$9C7C
10	931C	BattlePartyServices_Entry_931C	Pointer $10:$9ED4 (113-entry battle-action handler table selected by $6E0B and dispatched at $822E-$823B)	A,X,Y	A,P,X,Y	($79),Y,$00,$01,$08,$09,$0F,$616A+Y,$6BDD,$6E0A,$6E0C,$76	$8241,$8301,$8498,$872E,$8763,$9660,$9849,$9A90,$9AC3,$9ACD,$9AE0,$9B15,$9B58
10	9409	BattlePartyServices_Entry_9409	Pointer $10:$9ED6 (113-entry battle-action handler table selected by $6E0B and dispatched at $822E-$823B)	A,Y	A,P,Y	$616A+Y,$616E,$618E,$6BDD	
10	9426	BattlePartyServices_Entry_9426	Pointer $10:$9ED8 (113-entry battle-action handler table selected by $6E0B and dispatched at $822E-$823B)	A,X,Y	A,P,X,Y	($08),Y,$08,$09,$0F,$616A+Y,$616E+Y,$618E,$6BDD,$6E0A	$982B,$9A90,$9AC3,$9ACD,$9AE0,$9B15,$9B58,$C7FB,$C813
10	94D0	BattlePartyServices_Entry_94D0	Pointer $10:$9EDA (113-entry battle-action handler table selected by $6E0B and dispatched at $822E-$823B)	A	A,P	$72	
10	94DC	BattlePartyServices_Entry_94DC	Pointer $10:$9EBE (113-entry battle-action handler table selected by $6E0B and dispatched at $822E-$823B)	A,X,Y	A,P,X,Y	$07,$09,$6BDD,$72,$75	
10	9540	BattlePartyServices_Entry_9540	Pointer $10:$9EC2 (113-entry battle-action handler table selected by $6E0B and dispatched at $822E-$823B)	A,X,Y	A,P,X,Y	$6BDD	$9572
10	9572	BattlePartyServices_Entry_9572	Direct call from $10:$955E; Direct call from $10:$95A6	A,X	A,P,X	$07,$08	
10	958A	BattlePartyServices_Entry_958A	Direct call from $10:$91B4; Pointer $10:$9EC0 (113-entry battle-action handler table selected by $6E0B and dispatched at $822E-$823B)	A,X,Y	A,P,X,Y	$6165+Y	$9572
10	9601	BattlePartyServices_Entry_9601	Pointer $10:$9E58 (113-entry battle-action handler table selected by $6E0B and dispatched at $822E-$823B); Pointer $10:$9E60 (113-entry battle-action handler table selected by $6E0B and dispatched at $822E-$823B); Pointer $10:$9E68 (113-entry battle-action handler table selected by $6E0B and dispatched at $822E-$823B)		P		
10	9602	BattlePartyServices_Entry_9602	Pointer $10:$9E62 (113-entry battle-action handler table selected by $6E0B and dispatched at $822E-$823B); Pointer $10:$9E6A (113-entry battle-action handler table selected by $6E0B and dispatched at $822E-$823B)	A,X,Y	A,P,X,Y	($79),Y,$00+X,$0075+X,$06,$72+X	$83BA,$83BD,$83C6
10	9608	BattlePartyServices_Entry_9608	Pointer $10:$9E5C (113-entry battle-action handler table selected by $6E0B and dispatched at $822E-$823B); Pointer $10:$9E64 (113-entry battle-action handler table selected by $6E0B and dispatched at $822E-$823B); Pointer $10:$9E6C (113-entry battle-action handler table selected by $6E0B and dispatched at $822E-$823B)		P		$8460
10	960C	BattlePartyServices_Entry_960C	Pointer $10:$9E5A (113-entry battle-action handler table selected by $6E0B and dispatched at $822E-$823B)	A,X,Y	A,P,X,Y	($79),Y,$00+X,$0075+X,$03,$06,$72+X	$83BA,$83BD
10	9613	BattlePartyServices_Entry_9613	Direct call from $10:$8554; Pointer $10:$9EB4 (113-entry battle-action handler table selected by $6E0B and dispatched at $822E-$823B)	A,X	A,P,X	$72,$76	$9731
10	964A	BattlePartyServices_Entry_964A	Pointer $10:$9EB6 (113-entry battle-action handler table selected by $6E0B and dispatched at $822E-$823B)	A	A,P	$76	$96E4,$9731
10	9660	BattlePartyServices_Entry_9660	Direct call from $10:$9403; Pointer $10:$9EB8 (113-entry battle-action handler table selected by $6E0B and dispatched at $822E-$823B)	A,Y	A,P,Y	($79),Y,$72E6,$77	$97EA
10	96E4	BattlePartyServices_Entry_96E4	Direct call from $10:$9659; Pointer $10:$9EBA (113-entry battle-action handler table selected by $6E0B and dispatched at $822E-$823B)	A,Y	A,P,Y	($79),Y,$76	$88A4,$9765,$97EA
10	9731	BattlePartyServices_Entry_9731	Direct call from $10:$9617; Direct call from $10:$9632; Direct call from $10:$9654; Pointer $10:$9EBC (113-entry battle-action handler table selected by $6E0B and dispatched at $822E-$823B)	A,Y	A,P,Y	$73	$8B59,$97BC,$97EA
10	9765	BattlePartyServices_Entry_9765	Direct call from $10:$9721	A,Y	A,P,Y	$73	$8B59
10	97BC	BattlePartyServices_Entry_97BC	Direct call from $10:$9783; Direct call from $10:$9799; Direct call from $10:$97D0	Y	A,P,Y		
10	97C1	BattlePartyServices_Entry_97C1	Pointer $10:$9F02 (113-entry battle-action handler table selected by $6E0B and dispatched at $822E-$823B)	A,Y	A,P	($79),Y,$00	$97BC,$97EA
10	97EA	BattlePartyServices_Entry_97EA	Direct call from $10:$966A; Direct call from $10:$96EA; Direct call from $10:$9710; Direct call from $10:$9737; Direct call from $10:$975C; Direct call from $10:$97C1	A,Y	A,P,X,Y	$00	$8301,$835C,$8490,$8C58
10	982B	BattlePartyServices_Entry_982B	Direct call from $10:$9445; Direct call from $10:$946A; Direct call from $10:$9857; Direct call from $10:$9900; Direct call from $10:$993F; Direct call from $10:$9975; Direct call from $10:$99E7; Direct call from $10:$99FD; Direct call from $10:$9B82; Direct call from $10:$9BEF; Pointer $10:$9EF4 (113-entry battle-action handler table selected by $6E0B and dispatched at $822E-$823B)	A	A,P	$6E0C,$72	$8241,$825F,$8278
10	9849	BattlePartyServices_Entry_9849	Direct call from $10:$9325; Pointer $10:$9EF6 (113-entry battle-action handler table selected by $6E0B and dispatched at $822E-$823B)	A,X,Y	A,P,X,Y	$07,$08,$0A,$0B,$0C,$0D,$6E,$6E0B,$6E0C,$72,$75,$76	$8198,$8241,$825F,$8278,$82F0,$8301,$831E,$8815,$982B
10	98F7	BattlePartyServices_Entry_98F7	Pointer $10:$9EF8 (113-entry battle-action handler table selected by $6E0B and dispatched at $822E-$823B)	A,Y	A,P,X,Y	$0A,$0B,$0C,$0D,$6E0B,$72,$75	$8198,$982B
10	9936	BattlePartyServices_Entry_9936	Pointer $10:$9EFA (113-entry battle-action handler table selected by $6E0B and dispatched at $822E-$823B)	A,X	A,P,X	$0A,$0C,$6E0B,$72	$8198,$8AD7,$982B
10	996C	BattlePartyServices_Entry_996C	Pointer $10:$9EFC (113-entry battle-action handler table selected by $6E0B and dispatched at $822E-$823B)	A,Y	A,P,X,Y	$0A,$0C,$6E0B,$72,$73	$8198,$982B
10	99B5	BattlePartyServices_Entry_99B5	Pointer $10:$9EEC (113-entry battle-action handler table selected by $6E0B and dispatched at $822E-$823B)	A,X,Y	A,P,X,Y	($0C),Y,$08,$09,$0A,$0C,$0D,$6BDD,$6E0A	$8241,$8498,$982B,$9A87,$9A90,$9AC3,$9ACD,$9AE0,$9B15,$9B58,$9C7C,$C813
10	9A87	BattlePartyServices_Entry_9A87	Direct call from $10:$9A4B; Direct call from $10:$9A50; Direct call from $10:$9A55; Direct call from $10:$9A5A	A,Y	A,P	($08),Y	
10	9A90	BattlePartyServices_Entry_9A90	Direct call from $10:$9303; Direct call from $10:$93C7; Direct call from $10:$94A1; Direct call from $10:$9A6B; Direct call from $10:$9BCA; Direct call from $10:$9C6A	A,X,Y	A,P,X,Y	$0F,$616A+Y	$825F
10	9AC3	BattlePartyServices_Entry_9AC3	Direct call from $10:$93C1; Direct call from $10:$9483; Direct call from $10:$9A65; Direct call from $10:$9BC4	A,Y	A,P,Y	($0C),Y	
10	9ACD	BattlePartyServices_Entry_9ACD	Direct call from $10:$93BE; Direct call from $10:$947D; Direct call from $10:$9A62; Direct call from $10:$9BB5; Direct call from $10:$9C67	A,Y	A,P,X	$0C,$0D	$825F
10	9AE0	BattlePartyServices_Entry_9AE0	Direct call from $10:$93BB; Direct call from $10:$9480; Direct call from $10:$9A15; Direct call from $10:$9BBB; Direct call from $10:$9C30	A,X,Y	A,P,X,Y	($08),Y,$0B,$6E0C	$8241,$825F,$8278
10	9B15	BattlePartyServices_Entry_9B15	Direct call from $10:$93C4; Direct call from $10:$949E; Direct call from $10:$9A68; Direct call from $10:$9BC7	A,X,Y	A,P,X,Y	($08),Y,($0C),Y	
10	9B58	BattlePartyServices_Entry_9B58	Direct call from $10:$93B8; Direct call from $10:$9442; Direct call from $10:$9A12; Direct call from $10:$9BB8; Direct call from $10:$9C2D	A,Y	A,P,Y	($08),Y	
10	9B6D	BattlePartyServices_Entry_9B6D	Pointer $10:$9EEE (113-entry battle-action handler table selected by $6E0B and dispatched at $822E-$823B)	A,X,Y	A,P,X,Y	($08),Y,$08,$09,$0F,$616A+Y,$6BDD,$6E0A,$6E0C	$8498,$982B,$9A90,$9AC3,$9ACD,$9AE0,$9B15,$9B58,$9C7C
10	9BE1	BattlePartyServices_Entry_9BE1	Pointer $10:$9EF0 (113-entry battle-action handler table selected by $6E0B and dispatched at $822E-$823B)	A,X,Y	A,P,X,Y	$08,$09,$0C,$0D,$0E,$0F,$616A+X,$616A+Y,$6E0A,$6E0C	$8241,$8498,$982B,$9A90,$9ACD,$9AE0,$9B58,$9C7C
10	9C7C	BattlePartyServices_Entry_9C7C	Direct call from $10:$9306; Direct call from $10:$9A6E; Direct call from $10:$9BD2; Direct call from $10:$9C6D	A,X,Y	A,P,X,Y	$0F,$616A+Y	$8241
10	9CDA	BattlePartyServices_Entry_9CDA	Pointer $10:$805A (64-entry code dispatch table followed by code at $8080)	A,X,Y	A,P,X,Y	$00,$00+X,$6BDD,$6E0A,$6E0B,$72	$8196,$8241,$825F
10	9CDD	BattlePartyServices_Entry_9CDD	Pointer $10:$805C (64-entry code dispatch table followed by code at $8080)	A,X,Y	A,P,X,Y	$00,$00+X,$6BDD,$6E0B,$72	$8196,$8241,$825F
10	9D44	BattlePartyServices_Entry_9D44	Pointer $10:$9EFE (113-entry battle-action handler table selected by $6E0B and dispatched at $822E-$823B)	A,X	A,P,X	$00,$72	$8241,$825F,$9D76
10	9D76	BattlePartyServices_Entry_9D76	Direct call from $10:$9D56; Direct call from $10:$9D60	A,X,Y	A,P,X,Y	$01	
10	9D92	BattlePartyServices_Entry_9D92	Pointer $10:$9F00 (113-entry battle-action handler table selected by $6E0B and dispatched at $822E-$823B)	A,X	A,P	$72	$835C
10	9D9C	BattlePartyServices_Entry_9D9C	Pointer $10:$9EF2 (113-entry battle-action handler table selected by $6E0B and dispatched at $822E-$823B)		P		
10	9D9D	BattlePartyServices_Entry_9D9D	Pointer $10:$806E (64-entry code dispatch table followed by code at $8080)	A,X,Y	A,P,X,Y	$00+X,$6E,$6E0B	$8196
10	9DC4	BattlePartyServices_Entry_9DC4	Pointer $10:$9E7C (113-entry battle-action handler table selected by $6E0B and dispatched at $822E-$823B)		P		
10	9DC5	BattlePartyServices_Entry_9DC5	Pointer $10:$9E80 (113-entry battle-action handler table selected by $6E0B and dispatched at $822E-$823B)		P		
10	9DC6	BattlePartyServices_Entry_9DC6	Pointer $10:$9ED0 (113-entry battle-action handler table selected by $6E0B and dispatched at $822E-$823B)		P		
10	9DC7	BattlePartyServices_Entry_9DC7	Pointer $10:$8058 (64-entry code dispatch table followed by code at $8080)	A	P	$6F	
10	A035	BattlePartyServices_Entry_A035	Direct call from $10:$8BE6; Pointer $10:$806C (64-entry code dispatch table followed by code at $8080)	A,X	A,P	$00+X,$01+X,$02+X,$6E11,$6E12,$6E13,$6E14	
10	A077	BattlePartyServices_Entry_A077	Direct call from $10:$817D	A,X,Y	A,P,X,Y	$0F	$8301,$A0CA,$A19E
10	A0C0	BattlePartyServices_Entry_A0C0	Pointer $10:$804C (64-entry code dispatch table followed by code at $8080)		P		$A0CA
10	A0CA	BattlePartyServices_Entry_A0CA	Direct call from $10:$A0C0; Direct call from $10:$A0C4	A,X,Y	A,P,X,Y	$6E0A,$6E0C	$8241,$8301,$A114,$A129,$A14E,$A164,$A19E
10	A114	BattlePartyServices_Entry_A114	Direct call from $10:$A0F4	A,X,Y	A,P,X,Y	$6BE7+X	
10	A129	BattlePartyServices_Entry_A129	Direct call from $10:$A0F1	A,X,Y	A,P,X,Y	$0D,$6BE7+X	
10	A14E	BattlePartyServices_Entry_A14E	Direct call from $10:$A0D3	A,X,Y	A,P,X,Y	$6BE7+X	$8241
10	A164	BattlePartyServices_Entry_A164	Direct call from $10:$A0EE	A,X,Y	A,P,X,Y	$0D,$6BE7+X,$76	
10	A19E	BattlePartyServices_Entry_A19E	Direct call from $10:$A092; Direct call from $10:$A0E8	A	A,P	$0E	
10	A1BF	BattlePartyServices_Entry_A1BF	Direct call from $10:$A1DA; Direct call from $10:$A1E5; Direct call from $10:$A1FC; Pointer $10:$802E (64-entry code dispatch table followed by code at $8080)	A,X	A,P,X	$8A,$8B	$A23D,$C827
10	A1D4	BattlePartyServices_Entry_A1D4	Pointer $10:$8030 (64-entry code dispatch table followed by code at $8080)	A,X	A,P	$00+X,$01+X	$A1BF,$A23D
10	A202	BattlePartyServices_Entry_A202	Pointer $10:$8032 (64-entry code dispatch table followed by code at $8080)	A,X	A,P,X	$0F,$8A,$8B	$A23D
10	A20A	BattlePartyServices_Entry_A20A	Pointer $10:$8034 (64-entry code dispatch table followed by code at $8080)	A,X	A,P,X	$0F,$8A,$8B	$A23D
10	A23D	BattlePartyServices_Entry_A23D	Direct call from $10:$A1C7; Direct call from $10:$A1EE; Direct call from $10:$A21A; Direct call from $10:$A280; Pointer $10:$8036 (64-entry code dispatch table followed by code at $8080)		P		
10	A240	BattlePartyServices_Entry_A240	Pointer $10:$8054 (64-entry code dispatch table followed by code at $8080)	A,X	A,P,X	$0F	$A268
10	A256	BattlePartyServices_Entry_A256	Pointer $10:$8056 (64-entry code dispatch table followed by code at $8080)	A,X	A,P,X	$0F	$A268
10	A268	BattlePartyServices_Entry_A268	Direct call from $10:$A24A; Direct call from $10:$A260	A,X,Y	A,P,X,Y	$0C,$0D,$0E,$0F	$A23D,$C851
10	A2A0	BattlePartyServices_Entry_A2A0	Pointer $10:$8038 (64-entry code dispatch table followed by code at $8080)	A,X	A,P,X		
10	A2DB	BattlePartyServices_Entry_A2DB	Pointer $10:$8074 (64-entry code dispatch table followed by code at $8080)	A,X,Y	A,P,X,Y	$72	$A2EB
10	A2EB	BattlePartyServices_Entry_A2EB	Direct call from $10:$A2E3	A,X,Y	A,P,X,Y		$8306
10	A393	BattlePartyServices_Entry_A393	Direct call from $10:$A351	A,X,Y	A,P,X,Y	$7274+X,$7B,$7C,$81,$82	$A3D5
10	A3D5	BattlePartyServices_Entry_A3D5	Direct call from $10:$A35B; Direct call from $10:$A3B7	A,X,Y	A,P,X,Y	($84),Y,$00,$01,$02,$6E59,$7E,$7F,$81,$82	$A4F9,$A55F,$A5BC,$A5F7,$A62D
10	A4F9	BattlePartyServices_Entry_A4F9	Direct call from $10:$A401; Direct call from $10:$A437	A,X	A,P,X	$00,$01,$02,$6E59,$81,$82	$A51C,$A5BC,$A5F7
10	A51C	BattlePartyServices_Entry_A51C	Direct call from $10:$A4FE	A,X	A,P,X	$00,$01,$02,$6E59,$81	$A5F7
10	A55F	BattlePartyServices_Entry_A55F	Direct call from $10:$A476; Direct call from $10:$A487; Direct call from $10:$A4E3	A,Y	A,P,Y	($84),Y	
10	A569	BattlePartyServices_Entry_A569	Direct call from $10:$A365	A,X,Y	A,P,X,Y	$6E59,$7E,$82,$83	$A5BC
10	A5A9	BattlePartyServices_Entry_A5A9	Direct call from $10:$A378	A,X	A,P,X	$7E	$A5BC
10	A5BC	BattlePartyServices_Entry_A5BC	Direct call from $10:$A37E; Direct call from $10:$A3FA; Direct call from $10:$A427; Direct call from $10:$A511; Direct call from $10:$A572; Direct call from $10:$A588; Direct call from $10:$A5A9	A	A,P	$6BDD,$7E,$81	$A5F7
10	A5F7	BattlePartyServices_Entry_A5F7	Direct call from $10:$A36F; Direct call from $10:$A45F; Direct call from $10:$A471; Direct call from $10:$A482; Direct call from $10:$A493; Direct call from $10:$A4EF; Direct call from $10:$A53C; Direct call from $10:$A5CE; Direct call from $10:$A5E1	A,Y	A,P,Y		$A622,$A62D,$A63C,$A650,$A668
10	A622	BattlePartyServices_Entry_A622	Direct call from $10:$A5F7	Y	A,P,Y		
10	A62D	BattlePartyServices_Entry_A62D	Direct call from $10:$A3D5; Direct call from $10:$A44B; Direct call from $10:$A5FA	A,X	A,P,X	$84,$85	
10	A63C	BattlePartyServices_Entry_A63C	Direct call from $10:$A5FD	A	A,P	$7E,$7F,$80	
10	A645	BattlePartyServices_Entry_A645	Direct call from $10:$A6A5	A,X,Y	A,P,X,Y	$6E5A,$6E5B	
10	A650	BattlePartyServices_Entry_A650	Direct call from $10:$A600; Direct call from $10:$A697	A,X,Y	A,P,X,Y	$6E5A,$6E5B	
10	A65A	BattlePartyServices_Entry_A65A	Direct call from $10:$A9DC	A,X,Y	A,P,X,Y	$6E5A,$6E5B	
10	A668	BattlePartyServices_Entry_A668	Direct call from $10:$A603	A,X	A,P,X,Y	$00,$01	$A683
10	A683	BattlePartyServices_Entry_A683	Direct call from $10:$A66B	A,X,Y	A,P,X,Y	$7E+X	
10	A697	BattlePartyServices_Entry_A697	Direct call from $10:$A721; Direct call from $10:$A725; Direct call from $10:$A73B; Direct call from $10:$A743; Direct call from $10:$A74D; Direct call from $10:$A763; Direct call from $10:$A773; Direct call from $10:$A799; Direct call from $10:$A7A4; Direct call from $10:$A7AF	A,X,Y	A,P,X,Y	$7E+X	$A645,$A650,$A6C9,$C3EA
10	A6A2	BattlePartyServices_Entry_A6A2	Direct call from $10:$8713; Pointer $10:$804A (64-entry code dispatch table followed by code at $8080)	A,X,Y	A,P,X,Y	$7E+X	$A645,$A6C9,$C3EA
10	A6C9	BattlePartyServices_Entry_A6C9	Direct call from $10:$A6A2	A,X	A,P,X	$02,$03,$04,$05,$23,$24	$C3CE,$C827
10	A701	BattlePartyServices_Entry_A701	Pointer $10:$AAA6 (48-entry battle-record operation table selected by $6E59 and dispatched at $A66E-$A680); Pointer $10:$AAB4 (48-entry battle-record operation table selected by $6E59 and dispatched at $A66E-$A680); Pointer $10:$AAC2 (48-entry battle-record operation table selected by $6E59 and dispatched at $A66E-$A680); Pointer $10:$AACA (48-entry battle-record operation table selected by $6E59 and dispatched at $A66E-$A680); Pointer $10:$AAD2 (48-entry battle-record operation table selected by $6E59 and dispatched at $A66E-$A680)		P		
10	A702	BattlePartyServices_Entry_A702	Pointer $10:$AB00 (48-entry battle-record operation table selected by $6E59 and dispatched at $A66E-$A680)	A	A,P	$7E	
10	A70A	BattlePartyServices_Entry_A70A	Pointer $10:$AB02 (48-entry battle-record operation table selected by $6E59 and dispatched at $A66E-$A680)	A	A,P	$7E	
10	A713	BattlePartyServices_Entry_A713	Pointer $10:$AB04 (48-entry battle-record operation table selected by $6E59 and dispatched at $A66E-$A680)	A,X	A,P,X	$7E	
10	A721	BattlePartyServices_Entry_A721	Direct call from $10:$A976; Pointer $10:$AAB6 (48-entry battle-record operation table selected by $6E59 and dispatched at $A66E-$A680); Pointer $10:$AAC4 (48-entry battle-record operation table selected by $6E59 and dispatched at $A66E-$A680); Pointer $10:$AADA (48-entry battle-record operation table selected by $6E59 and dispatched at $A66E-$A680)		P		$A697
10	A725	BattlePartyServices_Entry_A725	Direct call from $10:$A966; Direct call from $10:$A9A6; Pointer $10:$AAA8 (48-entry battle-record operation table selected by $6E59 and dispatched at $A66E-$A680); Pointer $10:$AACC (48-entry battle-record operation table selected by $6E59 and dispatched at $A66E-$A680); Pointer $10:$AAD4 (48-entry battle-record operation table selected by $6E59 and dispatched at $A66E-$A680); Pointer $10:$AADC (48-entry battle-record operation table selected by $6E59 and dispatched at $A66E-$A680)	A	A,P,X,Y	$7F	$A697,$C3EA
10	A73B	BattlePartyServices_Entry_A73B	Pointer $10:$AADE (48-entry battle-record operation table selected by $6E59 and dispatched at $A66E-$A680)	A	A,P	$7E	$A697
10	A743	BattlePartyServices_Entry_A743	Pointer $10:$AAE0 (48-entry battle-record operation table selected by $6E59 and dispatched at $A66E-$A680)	A	A,P	$7E	$A697
10	A74D	BattlePartyServices_Entry_A74D	Pointer $10:$AAE2 (48-entry battle-record operation table selected by $6E59 and dispatched at $A66E-$A680)	A	A,P,X,Y	$7E	$A697,$C3EA
10	A763	BattlePartyServices_Entry_A763	Pointer $10:$AAE4 (48-entry battle-record operation table selected by $6E59 and dispatched at $A66E-$A680); Pointer $10:$AAE6 (48-entry battle-record operation table selected by $6E59 and dispatched at $A66E-$A680); Pointer $10:$AAE8 (48-entry battle-record operation table selected by $6E59 and dispatched at $A66E-$A680)	A	A,P	$7E,$7F	$A697
10	A773	BattlePartyServices_Entry_A773	Pointer $10:$AAEA (48-entry battle-record operation table selected by $6E59 and dispatched at $A66E-$A680)	A,Y	A,P,X,Y	$7E	$A697,$C3EA
10	A799	BattlePartyServices_Entry_A799	Pointer $10:$AAEC (48-entry battle-record operation table selected by $6E59 and dispatched at $A66E-$A680); Pointer $10:$AAF2 (48-entry battle-record operation table selected by $6E59 and dispatched at $A66E-$A680)	A	A,P	$7E	$A697
10	A7A4	BattlePartyServices_Entry_A7A4	Pointer $10:$AAEE (48-entry battle-record operation table selected by $6E59 and dispatched at $A66E-$A680); Pointer $10:$AAF4 (48-entry battle-record operation table selected by $6E59 and dispatched at $A66E-$A680)	A	A,P	$7E	$A697
10	A7AF	BattlePartyServices_Entry_A7AF	Pointer $10:$AAF0 (48-entry battle-record operation table selected by $6E59 and dispatched at $A66E-$A680); Pointer $10:$AAF6 (48-entry battle-record operation table selected by $6E59 and dispatched at $A66E-$A680)	A	A,P	$7E	$A697
10	A7B7	BattlePartyServices_Entry_A7B7	Direct call from $10:$A8DE; Pointer $10:$AAF8 (48-entry battle-record operation table selected by $6E59 and dispatched at $A66E-$A680)	A,X,Y	A,P,X,Y	$7E,$7F,$82	$A920
10	A83D	BattlePartyServices_Entry_A83D	Pointer $10:$AAFC (48-entry battle-record operation table selected by $6E59 and dispatched at $A66E-$A680)	A,Y	A,P,Y	($84),Y,$82	$A920
10	A86D	BattlePartyServices_Entry_A86D	Pointer $10:$AAFA (48-entry battle-record operation table selected by $6E59 and dispatched at $A66E-$A680)	A,Y	A,P,Y	($84),Y	$A920
10	A8DB	BattlePartyServices_Entry_A8DB	Pointer $10:$AAFE (48-entry battle-record operation table selected by $6E59 and dispatched at $A66E-$A680)	A,X,Y	A,P,X,Y	($84),Y,$82	$A7B7,$A920
10	A920	BattlePartyServices_Entry_A920	Direct call from $10:$A7BE; Direct call from $10:$A843; Direct call from $10:$A868; Direct call from $10:$A86D	A,X,Y	A,P,X,Y	($84),Y	
10	A95E	BattlePartyServices_Entry_A95E	Direct call from $10:$A9C2; Pointer $10:$AAB0 (48-entry battle-record operation table selected by $6E59 and dispatched at $A66E-$A680)	A,X,Y	A,P,X,Y	($84),Y,$04+X,$05,$7E,$7F,$82,$83	$A65A,$A725
10	A966	BattlePartyServices_Entry_A966	Pointer $10:$AAAA (48-entry battle-record operation table selected by $6E59 and dispatched at $A66E-$A680)	A,X,Y	A,P,X,Y	($84),Y,$04+X,$05,$7E,$7F,$82,$83	$A65A,$A725
10	A96E	BattlePartyServices_Entry_A96E	Pointer $10:$AAC0 (48-entry battle-record operation table selected by $6E59 and dispatched at $A66E-$A680)	A,X,Y	A,P,X,Y	($84),Y,$04+X,$05,$7E,$7F,$82,$83	$A65A,$A721
10	A972	BattlePartyServices_Entry_A972	Pointer $10:$AAB8 (48-entry battle-record operation table selected by $6E59 and dispatched at $A66E-$A680)	A,X,Y	A,P,X,Y	($84),Y,$04+X,$05,$7E,$7F,$82,$83	$A65A,$A721
10	A97E	BattlePartyServices_Entry_A97E	Pointer $10:$AAC6 (48-entry battle-record operation table selected by $6E59 and dispatched at $A66E-$A680)	A,X,Y	A,P,X,Y	($84),Y,$04+X,$05,$7E,$7F,$82,$83	$A65A
10	A98C	BattlePartyServices_Entry_A98C	Pointer $10:$AACE (48-entry battle-record operation table selected by $6E59 and dispatched at $A66E-$A680)	A,X,Y	A,P,X,Y	($84),Y,$04+X,$05,$7E,$7F,$82,$83	$A65A
10	A991	BattlePartyServices_Entry_A991	Pointer $10:$AAD6 (48-entry battle-record operation table selected by $6E59 and dispatched at $A66E-$A680)	A,X,Y	A,P,X,Y	($84),Y,$04+X,$05,$7E,$7F,$82,$83	$A65A
10	A99F	BattlePartyServices_Entry_A99F	Pointer $10:$AABA (48-entry battle-record operation table selected by $6E59 and dispatched at $A66E-$A680); Pointer $10:$AAC8 (48-entry battle-record operation table selected by $6E59 and dispatched at $A66E-$A680)	A,X,Y	A,P,X,Y	($84),Y,$02,$7E,$7F,$83	
10	A9A3	BattlePartyServices_Entry_A9A3	Pointer $10:$AAAC (48-entry battle-record operation table selected by $6E59 and dispatched at $A66E-$A680); Pointer $10:$AAD0 (48-entry battle-record operation table selected by $6E59 and dispatched at $A66E-$A680); Pointer $10:$AAD8 (48-entry battle-record operation table selected by $6E59 and dispatched at $A66E-$A680)	A,X,Y	A,P,X,Y	($84),Y,$02,$7E,$7F	
10	A9A6	BattlePartyServices_Entry_A9A6	Pointer $10:$AAAE (48-entry battle-record operation table selected by $6E59 and dispatched at $A66E-$A680)	A,Y	A,P,X,Y		$A725,$C851
10	A9BD	BattlePartyServices_Entry_A9BD	Pointer $10:$AABC (48-entry battle-record operation table selected by $6E59 and dispatched at $A66E-$A680)	A	A,P		
10	A9C2	BattlePartyServices_Entry_A9C2	Pointer $10:$AAB2 (48-entry battle-record operation table selected by $6E59 and dispatched at $A66E-$A680)	A,Y	A,P,Y	($84),Y,$82,$83	$A95E
10	A9D5	BattlePartyServices_Entry_A9D5	Pointer $10:$AABE (48-entry battle-record operation table selected by $6E59 and dispatched at $A66E-$A680)	A,Y	A,P,Y	($84),Y	
10	AB4F	BattlePartyServices_Entry_AB4F	Direct call from $10:$AB7A; Direct call from $10:$AB90; Direct call from $10:$ABA2	A,X	A,P,X,Y	$84,$85	
10	AB74	BattlePartyServices_Entry_AB74	Pointer $10:$8044 (64-entry code dispatch table followed by code at $8080)	A,X,Y	A,P,X,Y	$00+X,$0106+X,$0107+X,$6E59,$7B,$81+X	$A393,$A3D5,$A569,$A5A9,$A5BC,$A5F7,$AB4F
10	AB88	BattlePartyServices_Entry_AB88	Pointer $10:$8046 (64-entry code dispatch table followed by code at $8080)	A,X,Y	A,P,X,Y	$00+X,$0106+X,$0107+X,$6E59,$7B,$7C,$81+X	$A393,$A3D5,$A569,$A5A9,$A5BC,$A5F7,$AB4F
10	AB9C	BattlePartyServices_Entry_AB9C	Pointer $10:$8048 (64-entry code dispatch table followed by code at $8080)	A,X,Y	A,P,X,Y	$00+X,$0106+X,$0107+X,$6E59,$7B,$7C,$81+X	$A393,$A3D5,$A569,$A5A9,$A5BC,$A5F7,$AB4F,$C3EA
10	ABB9	BattlePartyServices_Entry_ABB9	Direct call from $10:$AC21; Pointer $10:$8050 (64-entry code dispatch table followed by code at $8080)	A	A,P	$0514	
10	AC21	BattlePartyServices_Entry_AC21	Pointer $10:$804E (64-entry code dispatch table followed by code at $8080)	A	A,P	$05FD	$ABB9
10	AC2D	BattlePartyServices_Entry_AC2D	Pointer $10:$8060 (64-entry code dispatch table followed by code at $8080)		P		
10	AC70	BattlePartyServices_Entry_AC70	Pointer $10:$8062 (64-entry code dispatch table followed by code at $8080); Pointer $10:$8064 (64-entry code dispatch table followed by code at $8080)		P		
10	AC73	BattlePartyServices_Entry_AC73	Direct call from $10:$AC65	X	A,P,X	$6E59	
10	ACAF	BattlePartyServices_Entry_ACAF	Pointer $10:$8072 (64-entry code dispatch table followed by code at $8080)		P		
10	ACB5	BattlePartyServices_Entry_ACB5	Pointer $10:$8066 (64-entry code dispatch table followed by code at $8080); Pointer $10:$8068 (64-entry code dispatch table followed by code at $8080)		P		
10	ACB8	BattlePartyServices_Entry_ACB8	Direct call from $10:$ACA7		P		
10	ACF0	BattlePartyServices_Entry_ACF0	Direct call from $10:$ADC3; Direct call from $10:$ADEE; Direct call from $10:$AFF4; Direct call from $10:$B0C4; Direct call from $10:$B12B; Direct call from $10:$B25F; Direct call from $10:$B266; Direct call from $10:$B276; Direct call from $10:$B33A; Direct call from $10:$B3AE; Direct call from $10:$B3F4; Direct call from $10:$B490; Direct call from $10:$BC40	A	A,P,X	$01	
10	AD04	BattlePartyServices_Entry_AD04	Direct call from $10:$ACC0; Direct call from $10:$B095; Direct call from $10:$B28D; Direct call from $10:$B2D6; Direct call from $10:$B31D; Direct call from $10:$B327; Direct call from $10:$B3B6	A,X	A,P,X		
10	AD26	BattlePartyServices_Entry_AD26	Direct call from $10:$AD81; Direct call from $10:$AE43; Direct call from $10:$AF03; Direct call from $10:$B078; Direct call from $10:$B0AB; Direct call from $10:$B241; Direct call from $10:$B2D1; Direct call from $10:$B311; Direct call from $10:$B926; Direct call from $10:$BB82	A	A,P		
10	AD2D	BattlePartyServices_Entry_AD2D	Direct call from $10:$AD86; Direct call from $10:$B32C	A,X	A,P,X	$09	$AD32,$AD4E
10	AD32	BattlePartyServices_Entry_AD32	Direct call from $10:$AD2D; Direct call from $10:$BA81	A,X	A,P,X		$AD4E
10	AD3D	BattlePartyServices_Entry_AD3D	Direct call from $10:$B322; Direct call from $10:$B364	A	P	$09	$AD43
10	AD43	BattlePartyServices_Entry_AD43	Direct call from $10:$AD3D; Direct call from $10:$BA28	A,X	A,P,X		$AD4E
10	AD4E	BattlePartyServices_Entry_AD4E	Direct call from $10:$AD32; Direct call from $10:$AD43; Direct call from $10:$B598; Direct call from $10:$B5F2; Direct call from $10:$B7C2; Direct call from $10:$B9E4; Direct call from $10:$BA89; Direct call from $10:$BADD; Direct call from $10:$BAE8; Direct call from $10:$BBA8	A,X	A,P,X		
10	AD57	BattlePartyServices_Entry_AD57	Direct call from $10:$ADA4; Direct call from $10:$ADD5; Direct call from $10:$B0A6; Direct call from $10:$B1D9; Direct call from $10:$B1EF; Direct call from $10:$B202; Direct call from $10:$B228; Direct call from $10:$B251; Direct call from $10:$B258; Direct call from $10:$B27F; Direct call from $10:$B294; Direct call from $10:$B2A9; Direct call from $10:$B2CC; Direct call from $10:$B58B; Direct call from $10:$B921; Direct call from $10:$BAD8; Direct call from $10:$BB87; Direct call from $10:$BBF6; Direct call from $10:$BC34	A,X	A,P,X		
10	AD65	BattlePartyServices_Entry_AD65	Direct call from $10:$B1CB; Direct call from $10:$B48C	A,X,Y	A,P	$6E59	
10	AD81	BattlePartyServices_Entry_AD81	Direct call from $10:$B03D	A,X	A,P,X	$0B,$7324+X	$ACF0,$AD26,$AD2D,$AD57,$C891
10	ADD5	BattlePartyServices_Entry_ADD5	Direct call from $10:$B05B	A,X,Y	A,P,X,Y	$0B,$6F,$7324+X	$ACF0,$AD57,$B1AA,$B23B,$B266,$B272,$B311,$B84E
10	AE43	BattlePartyServices_Entry_AE43	Direct call from $10:$AE87; Direct call from $10:$B1BF	A	A,P		$AD26
10	AEE8	BattlePartyServices_Entry_AEE8	Direct call from $10:$AECE; Direct call from $10:$AEE1; Direct call from $10:$AF32; Direct call from $10:$AF47; Direct call from $10:$AF5A; Direct call from $10:$B014		A,P		$B23B,$B272,$B2B8,$B311,$B460
10	AF61	BattlePartyServices_Entry_AF61	Direct call from $10:$AF2F	A	A,P	$6F,$7374	
10	AFFB	BattlePartyServices_Entry_AFFB	Direct call from $10:$AFBB; Direct call from $10:$AFDA	A	A,P	$09	$B005
10	B005	BattlePartyServices_Entry_B005	Direct call from $10:$AFFE	A,X,Y	A,P,X,Y	$6E,$6F	$AEE8,$B1BF
10	B022	BattlePartyServices_Entry_B022	Direct call from $10:$AFB6; Direct call from $10:$AFD5		P		
10	B06A	BattlePartyServices_Entry_B06A	Direct call from $10:$B04B; Direct call from $10:$B063		A,P,X		$AD26,$B1BF,$B23B,$B272,$B2B8,$B311,$B460
10	B095	BattlePartyServices_Entry_B095	Direct call from $10:$AE97; Direct call from $10:$AEDE; Direct call from $10:$AEFD; Direct call from $10:$AF57; Direct call from $10:$B060	A,X,Y	A,P,X,Y	$06,$08,$0A,$6E59,$7324+X	$ACF0,$AD04,$AD26,$AD57,$B132,$B1A3,$B1AA,$C891
10	B132	BattlePartyServices_Entry_B132	Direct call from $10:$B117	X	A,P,Y		$B146,$B158,$B1A3
10	B146	BattlePartyServices_Entry_B146	Direct call from $10:$B132; Pointer $10:$803A (64-entry code dispatch table followed by code at $8080)	A,X	A,P,X	$06	
10	B158	BattlePartyServices_Entry_B158	Direct call from $10:$B13D; Pointer $10:$803C (64-entry code dispatch table followed by code at $8080)	A,X	A,P,X	$06,$720A+X	
10	B15A	BattlePartyServices_Entry_B15A	Pointer $10:$803E (64-entry code dispatch table followed by code at $8080)	A,X	A,P,X	$06,$720A+X	
10	B183	BattlePartyServices_Entry_B183	Direct call from $10:$AE82; Direct call from $10:$AEC4; Direct call from $10:$AF3D; Direct call from $10:$B046	A,X	A,P	$0A	$B1A3
10	B195	BattlePartyServices_Entry_B195	Direct call from $10:$AE8C; Direct call from $10:$AED3; Direct call from $10:$AF4C; Direct call from $10:$B050	A,X	A,P	$6D8C+X,$6DC2+X	$B1A3
10	B1A3	BattlePartyServices_Entry_B1A3	Direct call from $10:$B11C; Direct call from $10:$B135; Direct call from $10:$B183; Direct call from $10:$B195	A	A,P,X		$B1AA
10	B1AA	BattlePartyServices_Entry_B1AA	Direct call from $10:$ADDA; Direct call from $10:$B0CB; Direct call from $10:$B0FB; Direct call from $10:$B1A3	A,X	A,P,X	$02	
10	B1BF	BattlePartyServices_Entry_B1BF	Direct call from $10:$AEC9; Direct call from $10:$AF42; Direct call from $10:$B00F; Direct call from $10:$B06A		A,P		$AE43
10	B23B	BattlePartyServices_Entry_B23B	Direct call from $10:$ADF8; Direct call from $10:$AE9A; Direct call from $10:$AEE8; Direct call from $10:$AF00; Direct call from $10:$B06F	A,X	A,P	$7300+X	$ACF0,$AD26
10	B266	BattlePartyServices_Entry_B266	Direct call from $10:$ADFB; Direct call from $10:$AF08	A,X	A,P	$7300+X	$ACF0
10	B272	BattlePartyServices_Entry_B272	Direct call from $10:$ADFE; Direct call from $10:$AE9D; Direct call from $10:$AEEB; Direct call from $10:$AF0B; Direct call from $10:$B072	A,X	A,P	$0C,$0F	$ACF0,$AD04,$AD57
10	B2B8	BattlePartyServices_Entry_B2B8	Direct call from $10:$AEA3; Direct call from $10:$AEF1; Direct call from $10:$B089	A	A,P	$6E59	
10	B311	BattlePartyServices_Entry_B311	Direct call from $10:$AE01; Direct call from $10:$AEA0; Direct call from $10:$AEEE; Direct call from $10:$AF0E; Direct call from $10:$B075	A,X	A,P,X	$09	$ACF0,$AD26,$AD3D
10	B3A0	BattlePartyServices_Entry_B3A0	Direct call from $10:$AEBC; Direct call from $10:$AEE4; Direct call from $10:$AF12; Direct call from $10:$AF35; Direct call from $10:$AF5D; Direct call from $10:$B066	A,X,Y	A,P,Y		$ACF0,$AD04
10	B3FF	BattlePartyServices_Entry_B3FF	Direct call from $10:$B3D8		A,P		
10	B426	BattlePartyServices_Entry_B426	Direct call from $10:$B3CC	A	A,P,X	$03	$B43C
10	B43C	BattlePartyServices_Entry_B43C	Direct call from $10:$B430	A,X,Y	A,P,X,Y	$04,$07,$08	
10	B460	BattlePartyServices_Entry_B460	Direct call from $10:$AEB9; Direct call from $10:$AEF4; Direct call from $10:$B08C	A,X,Y	A,P,Y	$02,$03,$04,$05	$ACF0,$AD65
10	B58B	BattlePartyServices_Entry_B58B	Pointer $10:$B51B (120-entry battle-effect handler table selected by $0B and dispatched at $B468-$B496; $F7 is handled as a sentinel)	A	A,P,X	$7C	$AD57
10	B591	BattlePartyServices_Entry_B591	Pointer $10:$B56D (120-entry battle-effect handler table selected by $0B and dispatched at $B468-$B496; $F7 is handled as a sentinel); Pointer $10:$B56F (120-entry battle-effect handler table selected by $0B and dispatched at $B468-$B496; $F7 is handled as a sentinel); Pointer $10:$B571 (120-entry battle-effect handler table selected by $0B and dispatched at $B468-$B496; $F7 is handled as a sentinel); Pointer $10:$B573 (120-entry battle-effect handler table selected by $0B and dispatched at $B468-$B496; $F7 is handled as a sentinel)	A,X	A,P	$C4,$C7	$AD4E
10	B5A2	BattlePartyServices_Entry_B5A2	Direct call from $10:$BB09; Pointer $10:$B4C5 (120-entry battle-effect handler table selected by $0B and dispatched at $B468-$B496; $F7 is handled as a sentinel); Pointer $10:$B575 (120-entry battle-effect handler table selected by $0B and dispatched at $B468-$B496; $F7 is handled as a sentinel)	A,X	A,P,X	$7C	
10	B5C8	BattlePartyServices_Entry_B5C8	Pointer $10:$B4CD (120-entry battle-effect handler table selected by $0B and dispatched at $B468-$B496; $F7 is handled as a sentinel); Pointer $10:$B589 (120-entry battle-effect handler table selected by $0B and dispatched at $B468-$B496; $F7 is handled as a sentinel)	A,X,Y	A,P,X,Y	$0D,$0E,$7C	$B74F,$B8DA,$B957
10	B5EB	BattlePartyServices_Entry_B5EB	Pointer $10:$B4E9 (120-entry battle-effect handler table selected by $0B and dispatched at $B468-$B496; $F7 is handled as a sentinel)	A	A,P		$AD4E
10	B635	BattlePartyServices_Entry_B635	Pointer $10:$B4D9 (120-entry battle-effect handler table selected by $0B and dispatched at $B468-$B496; $F7 is handled as a sentinel)	A,Y	A,P,X,Y	$0D	$B84E
10	B66F	BattlePartyServices_Entry_B66F	Pointer $10:$B4DB (120-entry battle-effect handler table selected by $0B and dispatched at $B468-$B496; $F7 is handled as a sentinel)	A,Y	A,P,X,Y	$0D	$B875
10	B69F	BattlePartyServices_Entry_B69F	Pointer $10:$B4DD (120-entry battle-effect handler table selected by $0B and dispatched at $B468-$B496; $F7 is handled as a sentinel)	A	A,P,X	$0D	
10	B6DC	BattlePartyServices_Entry_B6DC	Pointer $10:$B4DF (120-entry battle-effect handler table selected by $0B and dispatched at $B468-$B496; $F7 is handled as a sentinel)	A,X	A,P,X,Y	$09	
10	B717	BattlePartyServices_Entry_B717	Pointer $10:$B4E1 (120-entry battle-effect handler table selected by $0B and dispatched at $B468-$B496; $F7 is handled as a sentinel)	A,X	A,P,X,Y	$09	
10	B742	BattlePartyServices_Entry_B742	Pointer $10:$B4D3 (120-entry battle-effect handler table selected by $0B and dispatched at $B468-$B496; $F7 is handled as a sentinel)	A,Y	A,P,X,Y	$09,$0D,$6F	$B84E,$B957
10	B74A	BattlePartyServices_Entry_B74A	Pointer $10:$B52D (120-entry battle-effect handler table selected by $0B and dispatched at $B468-$B496; $F7 is handled as a sentinel); Pointer $10:$B52F (120-entry battle-effect handler table selected by $0B and dispatched at $B468-$B496; $F7 is handled as a sentinel); Pointer $10:$B531 (120-entry battle-effect handler table selected by $0B and dispatched at $B468-$B496; $F7 is handled as a sentinel)	A	A,P,X,Y	$09,$0D,$6F	$B957
10	B74F	BattlePartyServices_Entry_B74F	Direct call from $10:$B5D2	A	A,P,X	$0D,$6F	
10	B76F	BattlePartyServices_Entry_B76F	Pointer $10:$B4D7 (120-entry battle-effect handler table selected by $0B and dispatched at $B468-$B496; $F7 is handled as a sentinel)	A,X,Y	A,P,X		$B921
10	B799	BattlePartyServices_Entry_B799	Pointer $10:$B49B (120-entry battle-effect handler table selected by $0B and dispatched at $B468-$B496; $F7 is handled as a sentinel); Pointer $10:$B49D (120-entry battle-effect handler table selected by $0B and dispatched at $B468-$B496; $F7 is handled as a sentinel); Pointer $10:$B49F (120-entry battle-effect handler table selected by $0B and dispatched at $B468-$B496; $F7 is handled as a sentinel); Pointer $10:$B4AD (120-entry battle-effect handler table selected by $0B and dispatched at $B468-$B496; $F7 is handled as a sentinel); Pointer $10:$B4C1 (120-entry battle-effect handler table selected by $0B and dispatched at $B468-$B496; $F7 is handled as a sentinel)	A,X,Y	A,P,X	$0D,$0E	$B903
10	B79F	BattlePartyServices_Entry_B79F	Pointer $10:$B4C9 (120-entry battle-effect handler table selected by $0B and dispatched at $B468-$B496; $F7 is handled as a sentinel)	A,X,Y	A,P,X,Y	$0D,$0E,$7C	$B875,$B903
10	B7A7	BattlePartyServices_Entry_B7A7	Pointer $10:$B541 (120-entry battle-effect handler table selected by $0B and dispatched at $B468-$B496; $F7 is handled as a sentinel)	X	A,P,X	$0D,$0E	$B903
10	B7AF	BattlePartyServices_Entry_B7AF	Pointer $10:$B547 (120-entry battle-effect handler table selected by $0B and dispatched at $B468-$B496; $F7 is handled as a sentinel)	X	A,P,X	$0D,$0E	$B903
10	B7C1	BattlePartyServices_Entry_B7C1	Pointer $10:$B4D5 (120-entry battle-effect handler table selected by $0B and dispatched at $B468-$B496; $F7 is handled as a sentinel)	A	P		$AD4E
10	B7D8	BattlePartyServices_Entry_B7D8	Pointer $10:$B4A1 (120-entry battle-effect handler table selected by $0B and dispatched at $B468-$B496; $F7 is handled as a sentinel); Pointer $10:$B4A3 (120-entry battle-effect handler table selected by $0B and dispatched at $B468-$B496; $F7 is handled as a sentinel); Pointer $10:$B4A5 (120-entry battle-effect handler table selected by $0B and dispatched at $B468-$B496; $F7 is handled as a sentinel); Pointer $10:$B4AF (120-entry battle-effect handler table selected by $0B and dispatched at $B468-$B496; $F7 is handled as a sentinel); Pointer $10:$B4B3 (120-entry battle-effect handler table selected by $0B and dispatched at $B468-$B496; $F7 is handled as a sentinel); Pointer $10:$B4B5 (120-entry battle-effect handler table selected by $0B and dispatched at $B468-$B496; $F7 is handled as a sentinel); Pointer $10:$B4B7 (120-entry battle-effect handler table selected by $0B and dispatched at $B468-$B496; $F7 is handled as a sentinel); Pointer $10:$B4B9 (120-entry battle-effect handler table selected by $0B and dispatched at $B468-$B496; $F7 is handled as a sentinel); Pointer $10:$B4C3 (120-entry battle-effect handler table selected by $0B and dispatched at $B468-$B496; $F7 is handled as a sentinel)	A,Y	A,P,X,Y		
10	B7DF	BattlePartyServices_Entry_B7DF	Pointer $10:$B4A7 (120-entry battle-effect handler table selected by $0B and dispatched at $B468-$B496; $F7 is handled as a sentinel); Pointer $10:$B4A9 (120-entry battle-effect handler table selected by $0B and dispatched at $B468-$B496; $F7 is handled as a sentinel); Pointer $10:$B4AB (120-entry battle-effect handler table selected by $0B and dispatched at $B468-$B496; $F7 is handled as a sentinel); Pointer $10:$B4B1 (120-entry battle-effect handler table selected by $0B and dispatched at $B468-$B496; $F7 is handled as a sentinel)	A,Y	A,P,X,Y		
10	B7F3	BattlePartyServices_Entry_B7F3	Pointer $10:$B4CF (120-entry battle-effect handler table selected by $0B and dispatched at $B468-$B496; $F7 is handled as a sentinel)	A,X,Y	A,P,X,Y	$0D,$0E,$7C	$B875
10	B7FE	BattlePartyServices_Entry_B7FE	Pointer $10:$B4CB (120-entry battle-effect handler table selected by $0B and dispatched at $B468-$B496; $F7 is handled as a sentinel); Pointer $10:$B581 (120-entry battle-effect handler table selected by $0B and dispatched at $B468-$B496; $F7 is handled as a sentinel)	A,X,Y	A,P,X,Y	$0D,$0E,$7C	$B84E
10	B806	BattlePartyServices_Entry_B806	Pointer $10:$B4D1 (120-entry battle-effect handler table selected by $0B and dispatched at $B468-$B496; $F7 is handled as a sentinel)	A,X,Y	A,P,X,Y	$0D,$0E,$7C	$B84E
10	B84E	BattlePartyServices_Entry_B84E	Direct call from $10:$AE04; Direct call from $10:$B639; Direct call from $10:$B746; Direct call from $10:$B812	A,X	A,P,X	$0D,$0E	$B903
10	B875	BattlePartyServices_Entry_B875	Direct call from $10:$B674; Direct call from $10:$B83E	A	A,P,X,Y		
10	B8DA	BattlePartyServices_Entry_B8DA	Direct call from $10:$B5DC	A	A,P	$0E,$7C	
10	B903	BattlePartyServices_Entry_B903	Direct call from $10:$B7B7; Direct call from $10:$B85F; Direct call from $10:$B86B	A	A,P,X,Y	$7C	
10	B91B	BattlePartyServices_Entry_B91B	Direct call from $10:$B618	A	A,P	$09	
10	B91C	BattlePartyServices_Entry_B91C	Direct call from $10:$B8F6	A	A,P	$09	
10	B921	BattlePartyServices_Entry_B921	Direct call from $10:$B773; Direct call from $10:$B7D1	A	A,P,X	$6F	$AD26,$AD57,$B94C,$B957
10	B94C	BattlePartyServices_Entry_B94C	Direct call from $10:$B940		A,P		$B957
10	B957	BattlePartyServices_Entry_B957	Direct call from $10:$B5D9; Direct call from $10:$B767; Direct call from $10:$B94E	A	P,X		
10	B96C	BattlePartyServices_Entry_B96C	Direct call from $10:$B999; Pointer $10:$B4FB (120-entry battle-effect handler table selected by $0B and dispatched at $B468-$B496; $F7 is handled as a sentinel); Pointer $10:$B4FD (120-entry battle-effect handler table selected by $0B and dispatched at $B468-$B496; $F7 is handled as a sentinel); Pointer $10:$B57D (120-entry battle-effect handler table selected by $0B and dispatched at $B468-$B496; $F7 is handled as a sentinel)	A	P,X,Y		
10	B999	BattlePartyServices_Entry_B999	Pointer $10:$B4FF (120-entry battle-effect handler table selected by $0B and dispatched at $B468-$B496; $F7 is handled as a sentinel)	X	A,P,X		$B96C
10	B9AC	BattlePartyServices_Entry_B9AC	Pointer $10:$B57B (120-entry battle-effect handler table selected by $0B and dispatched at $B468-$B496; $F7 is handled as a sentinel); Pointer $10:$B587 (120-entry battle-effect handler table selected by $0B and dispatched at $B468-$B496; $F7 is handled as a sentinel)	A,Y	A,P	$09,$0A	$AD43,$AD4E,$B9E4,$B9F5,$BA02,$BA28,$BA76,$BA7E,$BA97
10	B9B2	BattlePartyServices_Entry_B9B2	Pointer $10:$B4ED (120-entry battle-effect handler table selected by $0B and dispatched at $B468-$B496; $F7 is handled as a sentinel); Pointer $10:$B4EF (120-entry battle-effect handler table selected by $0B and dispatched at $B468-$B496; $F7 is handled as a sentinel); Pointer $10:$B4F1 (120-entry battle-effect handler table selected by $0B and dispatched at $B468-$B496; $F7 is handled as a sentinel)	A,Y	A,P	$09	$AD43,$AD4E,$B9E4,$B9F5,$BA02,$BA28,$BA76,$BA7E,$BA97
10	B9E4	BattlePartyServices_Entry_B9E4	Direct call from $10:$B9C0; Direct call from $10:$B9DD; Direct call from $10:$B9F5		P		$AD4E
10	B9F5	BattlePartyServices_Entry_B9F5	Direct call from $10:$B9C8; Direct call from $10:$B9D5	A	A,P	$09	$B9E4
10	BA02	BattlePartyServices_Entry_BA02	Direct call from $10:$B9C3; Direct call from $10:$B9CB; Direct call from $10:$B9D8; Direct call from $10:$B9E0	A,X	A,P,X	$09	
10	BA28	BattlePartyServices_Entry_BA28	Direct call from $10:$BA34; Direct call from $10:$BA6D	A	A,P	$09	$AD43
10	BA76	BattlePartyServices_Entry_BA76	Direct call from $10:$BA45; Direct call from $10:$BA5C	A	A,P	$09	$BA89
10	BA7E	BattlePartyServices_Entry_BA7E	Direct call from $10:$BA3D; Direct call from $10:$BA65	A	A,P	$09	$AD32,$BA89
10	BA89	BattlePartyServices_Entry_BA89	Direct call from $10:$BA76; Direct call from $10:$BA7E		P		$AD4E
10	BA97	BattlePartyServices_Entry_BA97	Direct call from $10:$BA2E; Direct call from $10:$BA56		P,X		
10	BAA4	BattlePartyServices_Entry_BAA4	Pointer $10:$B4F3 (120-entry battle-effect handler table selected by $0B and dispatched at $B468-$B496; $F7 is handled as a sentinel); Pointer $10:$B4F5 (120-entry battle-effect handler table selected by $0B and dispatched at $B468-$B496; $F7 is handled as a sentinel)	A,X	A,P,X,Y	$09	
10	BAD8	BattlePartyServices_Entry_BAD8	Pointer $10:$B517 (120-entry battle-effect handler table selected by $0B and dispatched at $B468-$B496; $F7 is handled as a sentinel); Pointer $10:$B519 (120-entry battle-effect handler table selected by $0B and dispatched at $B468-$B496; $F7 is handled as a sentinel)		P		$AD4E,$AD57
10	BAF3	BattlePartyServices_Entry_BAF3	Pointer $10:$B543 (120-entry battle-effect handler table selected by $0B and dispatched at $B468-$B496; $F7 is handled as a sentinel)		A,P		
10	BAFF	BattlePartyServices_Entry_BAFF	Pointer $10:$B549 (120-entry battle-effect handler table selected by $0B and dispatched at $B468-$B496; $F7 is handled as a sentinel)	A	A,P		
10	BB06	BattlePartyServices_Entry_BB06	Pointer $10:$B577 (120-entry battle-effect handler table selected by $0B and dispatched at $B468-$B496; $F7 is handled as a sentinel)	A,X,Y	A,P,X,Y	$09,$72,$7E,$7F	$B5A2
10	BB78	BattlePartyServices_Entry_BB78	Pointer $10:$B567 (120-entry battle-effect handler table selected by $0B and dispatched at $B468-$B496; $F7 is handled as a sentinel)	A	A,P,X	$0D	$AD26,$AD57
10	BB7E	BattlePartyServices_Entry_BB7E	Pointer $10:$B569 (120-entry battle-effect handler table selected by $0B and dispatched at $B468-$B496; $F7 is handled as a sentinel); Pointer $10:$B56B (120-entry battle-effect handler table selected by $0B and dispatched at $B468-$B496; $F7 is handled as a sentinel)	A	A,P,X	$0D	$AD26,$AD57
10	BBC5	BattlePartyServices_Entry_BBC5	Direct call from $10:$AE35	A,Y	A,P,Y	$09	
10	BBD2	BattlePartyServices_Entry_BBD2	Pointer $10:$B54B (120-entry battle-effect handler table selected by $0B and dispatched at $B468-$B496; $F7 is handled as a sentinel)	X	A,P,X		
10	BBF6	BattlePartyServices_Entry_BBF6	Pointer $10:$B54D (120-entry battle-effect handler table selected by $0B and dispatched at $B468-$B496; $F7 is handled as a sentinel); Pointer $10:$B54F (120-entry battle-effect handler table selected by $0B and dispatched at $B468-$B496; $F7 is handled as a sentinel); Pointer $10:$B551 (120-entry battle-effect handler table selected by $0B and dispatched at $B468-$B496; $F7 is handled as a sentinel)		P		$AD57
10	BC34	BattlePartyServices_Entry_BC34	Pointer $10:$B553 (120-entry battle-effect handler table selected by $0B and dispatched at $B468-$B496; $F7 is handled as a sentinel); Pointer $10:$B555 (120-entry battle-effect handler table selected by $0B and dispatched at $B468-$B496; $F7 is handled as a sentinel); Pointer $10:$B557 (120-entry battle-effect handler table selected by $0B and dispatched at $B468-$B496; $F7 is handled as a sentinel); Pointer $10:$B559 (120-entry battle-effect handler table selected by $0B and dispatched at $B468-$B496; $F7 is handled as a sentinel); Pointer $10:$B55B (120-entry battle-effect handler table selected by $0B and dispatched at $B468-$B496; $F7 is handled as a sentinel); Pointer $10:$B55D (120-entry battle-effect handler table selected by $0B and dispatched at $B468-$B496; $F7 is handled as a sentinel); Pointer $10:$B55F (120-entry battle-effect handler table selected by $0B and dispatched at $B468-$B496; $F7 is handled as a sentinel); Pointer $10:$B561 (120-entry battle-effect handler table selected by $0B and dispatched at $B468-$B496; $F7 is handled as a sentinel); Pointer $10:$B563 (120-entry battle-effect handler table selected by $0B and dispatched at $B468-$B496; $F7 is handled as a sentinel); Pointer $10:$B565 (120-entry battle-effect handler table selected by $0B and dispatched at $B468-$B496; $F7 is handled as a sentinel)		P		$AD57
10	BC75	BattlePartyServices_Entry_BC75	Pointer $10:$B4BB (120-entry battle-effect handler table selected by $0B and dispatched at $B468-$B496; $F7 is handled as a sentinel); Pointer $10:$B4BD (120-entry battle-effect handler table selected by $0B and dispatched at $B468-$B496; $F7 is handled as a sentinel); Pointer $10:$B513 (120-entry battle-effect handler table selected by $0B and dispatched at $B468-$B496; $F7 is handled as a sentinel); Pointer $10:$B515 (120-entry battle-effect handler table selected by $0B and dispatched at $B468-$B496; $F7 is handled as a sentinel); Pointer $10:$B51D (120-entry battle-effect handler table selected by $0B and dispatched at $B468-$B496; $F7 is handled as a sentinel); Pointer $10:$B51F (120-entry battle-effect handler table selected by $0B and dispatched at $B468-$B496; $F7 is handled as a sentinel); Pointer $10:$B521 (120-entry battle-effect handler table selected by $0B and dispatched at $B468-$B496; $F7 is handled as a sentinel); Pointer $10:$B527 (120-entry battle-effect handler table selected by $0B and dispatched at $B468-$B496; $F7 is handled as a sentinel); Pointer $10:$B52B (120-entry battle-effect handler table selected by $0B and dispatched at $B468-$B496; $F7 is handled as a sentinel); Pointer $10:$B535 (120-entry battle-effect handler table selected by $0B and dispatched at $B468-$B496; $F7 is handled as a sentinel); Pointer $10:$B537 (120-entry battle-effect handler table selected by $0B and dispatched at $B468-$B496; $F7 is handled as a sentinel); Pointer $10:$B539 (120-entry battle-effect handler table selected by $0B and dispatched at $B468-$B496; $F7 is handled as a sentinel); Pointer $10:$B53B (120-entry battle-effect handler table selected by $0B and dispatched at $B468-$B496; $F7 is handled as a sentinel); Pointer $10:$B53D (120-entry battle-effect handler table selected by $0B and dispatched at $B468-$B496; $F7 is handled as a sentinel); Pointer $10:$B53F (120-entry battle-effect handler table selected by $0B and dispatched at $B468-$B496; $F7 is handled as a sentinel); Pointer $10:$B545 (120-entry battle-effect handler table selected by $0B and dispatched at $B468-$B496; $F7 is handled as a sentinel); Pointer $10:$B579 (120-entry battle-effect handler table selected by $0B and dispatched at $B468-$B496; $F7 is handled as a sentinel); Pointer $10:$B57F (120-entry battle-effect handler table selected by $0B and dispatched at $B468-$B496; $F7 is handled as a sentinel); Pointer $10:$B583 (120-entry battle-effect handler table selected by $0B and dispatched at $B468-$B496; $F7 is handled as a sentinel); Pointer $10:$B585 (120-entry battle-effect handler table selected by $0B and dispatched at $B468-$B496; $F7 is handled as a sentinel)		P		
10	BC77	BattlePartyServices_Entry_BC77	Pointer $10:$B523 (120-entry battle-effect handler table selected by $0B and dispatched at $B468-$B496; $F7 is handled as a sentinel); Pointer $10:$B525 (120-entry battle-effect handler table selected by $0B and dispatched at $B468-$B496; $F7 is handled as a sentinel); Pointer $10:$B529 (120-entry battle-effect handler table selected by $0B and dispatched at $B468-$B496; $F7 is handled as a sentinel)	A,X	A,P,X		
10	BC79	BattlePartyServices_Entry_BC79	Pointer $10:$B4E7 (120-entry battle-effect handler table selected by $0B and dispatched at $B468-$B496; $F7 is handled as a sentinel)	A,X	A,P,X		
10	BC7C	BattlePartyServices_Entry_BC7C	Pointer $10:$B4BF (120-entry battle-effect handler table selected by $0B and dispatched at $B468-$B496; $F7 is handled as a sentinel); Pointer $10:$B4C7 (120-entry battle-effect handler table selected by $0B and dispatched at $B468-$B496; $F7 is handled as a sentinel); Pointer $10:$B4E3 (120-entry battle-effect handler table selected by $0B and dispatched at $B468-$B496; $F7 is handled as a sentinel); Pointer $10:$B4E5 (120-entry battle-effect handler table selected by $0B and dispatched at $B468-$B496; $F7 is handled as a sentinel); Pointer $10:$B4EB (120-entry battle-effect handler table selected by $0B and dispatched at $B468-$B496; $F7 is handled as a sentinel); Pointer $10:$B4F7 (120-entry battle-effect handler table selected by $0B and dispatched at $B468-$B496; $F7 is handled as a sentinel); Pointer $10:$B4F9 (120-entry battle-effect handler table selected by $0B and dispatched at $B468-$B496; $F7 is handled as a sentinel); Pointer $10:$B501 (120-entry battle-effect handler table selected by $0B and dispatched at $B468-$B496; $F7 is handled as a sentinel); Pointer $10:$B503 (120-entry battle-effect handler table selected by $0B and dispatched at $B468-$B496; $F7 is handled as a sentinel); Pointer $10:$B505 (120-entry battle-effect handler table selected by $0B and dispatched at $B468-$B496; $F7 is handled as a sentinel); Pointer $10:$B507 (120-entry battle-effect handler table selected by $0B and dispatched at $B468-$B496; $F7 is handled as a sentinel); Pointer $10:$B509 (120-entry battle-effect handler table selected by $0B and dispatched at $B468-$B496; $F7 is handled as a sentinel); Pointer $10:$B50B (120-entry battle-effect handler table selected by $0B and dispatched at $B468-$B496; $F7 is handled as a sentinel); Pointer $10:$B50D (120-entry battle-effect handler table selected by $0B and dispatched at $B468-$B496; $F7 is handled as a sentinel); Pointer $10:$B50F (120-entry battle-effect handler table selected by $0B and dispatched at $B468-$B496; $F7 is handled as a sentinel); Pointer $10:$B511 (120-entry battle-effect handler table selected by $0B and dispatched at $B468-$B496; $F7 is handled as a sentinel); Pointer $10:$B533 (120-entry battle-effect handler table selected by $0B and dispatched at $B468-$B496; $F7 is handled as a sentinel)		P		
10	BCC7	BattlePartyServices_Entry_BCC7	Pointer $10:$8076 (64-entry code dispatch table followed by code at $8080)	A,X	A,P		
10	BD0E	BattlePartyServices_Entry_BD0E	Pointer $10:$807A (64-entry code dispatch table followed by code at $8080)		P		
10	BD28	BattlePartyServices_Entry_BD28	Pointer $10:$807E (64-entry code dispatch table followed by code at $8080)	A,X,Y	A,P,Y	$00+X,$98+X	$0101,$4A23
11	8032	Bank11_BattleActionServices	Pointer $11:$8000 (25-entry code dispatch table; first target is $8032)	A	A,P	$6E81,$72E9	
11	8036	BattleActionServices_Entry_8036	Pointer $11:$802C (25-entry code dispatch table; first target is $8032)	A	A,P	$6E81,$72E9	
11	803A	BattleActionServices_Entry_803A	Pointer $11:$8030 (25-entry code dispatch table; first target is $8032)	A	A,P	$6E81,$72E9	
11	80C4	BattleActionServices_Entry_80C4	Direct call from $11:$805C; Direct call from $11:$8086; Direct call from $11:$885B; Direct call from $11:$8886; Direct call from $11:$8912; Direct call from $11:$897B; Direct call from $11:$8989; Direct call from $11:$89E0; Direct call from $11:$8CAF; Direct call from $11:$BC5A; Pointer $11:$8024 (25-entry code dispatch table; first target is $8032)	A	A,P		
11	80CF	BattleActionServices_Entry_80CF	Direct call from $11:$8056	A,X	A,P,X	$0553,$72F4+X,$7300+X,$730C+X,$7318+X,$7324+X,$7330+X,$733C+X,$7356,$96	$830D,$8321,$8371,$86F4,$87FB,$AE0A
11	830D	BattleActionServices_Entry_830D	Direct call from $11:$82FC		A,P	$7356,$96	$8321
11	8321	BattleActionServices_Entry_8321	Direct call from $11:$8268; Direct call from $11:$82F2; Direct call from $11:$8316		P,X		
11	8324	BattleActionServices_Entry_8324	Direct call from $11:$8389		P		
11	8364	BattleActionServices_Entry_8364	Direct call from $11:$873D	A,X,Y	A,P		
11	8371	BattleActionServices_Entry_8371	Direct call from $11:$826D; Direct call from $11:$82F7		P		$87BB
11	8403	BattleActionServices_Entry_8403	Direct call from $11:$82D4		P		
11	85EA	BattleActionServices_Entry_85EA	Direct call from $11:$8464; Direct call from $11:$859C	A	A,P,X	$7354	
11	85F6	BattleActionServices_Entry_85F6	Direct call from $11:$8502; Direct call from $11:$85C1		A,P,X		
11	8637	BattleActionServices_Entry_8637	Direct call from $11:$8424		P,X		
11	86B5	BattleActionServices_Entry_86B5	Direct call from $11:$868E		P		
11	86E2	BattleActionServices_Entry_86E2	Direct call from $11:$8390; Direct call from $11:$84C3; Direct call from $11:$84D9	A	P,X		
11	86F4	BattleActionServices_Entry_86F4	Direct call from $11:$8265; Direct call from $11:$82EF; Direct call from $11:$846C		P,X		
11	8700	BattleActionServices_Entry_8700	Direct call from $11:$845F; Direct call from $11:$8469; Direct call from $11:$850A; Direct call from $11:$85A4; Direct call from $11:$85CB	A,X	P,X	$7300+X	
11	8706	BattleActionServices_Entry_8706	Direct call from $11:$845A; Direct call from $11:$8471; Direct call from $11:$84E2; Direct call from $11:$8563	A,X	P,X	$7324+X	
11	870C	BattleActionServices_Entry_870C	Direct call from $11:$8241		P,X		
11	8720	BattleActionServices_Entry_8720	Direct call from $11:$8205		P,X		
11	8752	BattleActionServices_Entry_8752	Direct call from $11:$852A; Direct call from $11:$8549; Direct call from $11:$85E1		P,X		
11	8757	BattleActionServices_Entry_8757	Direct call from $11:$81C5; Direct call from $11:$81E6		P		
11	8778	BattleActionServices_Entry_8778	Direct call from $11:$81CF; Direct call from $11:$81DF		P		
11	8786	BattleActionServices_Entry_8786	Direct call from $11:$B4DD; Direct call from $11:$B989; Direct call from $11:$BBD5	A,X,Y	A,P,X	$04F2,$04F3	$87E6
11	87BB	BattleActionServices_Entry_87BB	Direct call from $11:$812F; Direct call from $11:$8371	A,X,Y	A,P,X	$04F2,$04F3	$87E6
11	87E6	BattleActionServices_Entry_87E6	Direct call from $11:$878B; Direct call from $11:$87C0	A,X	A,P,X	$0480+X,$04E0+X	
11	87FB	BattleActionServices_Entry_87FB	Direct call from $11:$80F7; Direct call from $11:$8118; Direct call from $11:$8187	A	A,P	$7357,$7358,$7359,$735A	
11	880A	BattleActionServices_Entry_880A	Direct call from $11:$8123; Direct call from $11:$812A	A,X	A,P,X	$01,$02	
11	885B	BattleActionServices_Entry_885B	Direct call from $11:$8077		P		$80C4
11	8894	BattleActionServices_Entry_8894	Direct call from $11:$888E		P		$8D9D,$8DAB,$8DCC,$AC4D
11	88CA	BattleActionServices_Entry_88CA	Direct call from $11:$88BF; Direct call from $11:$A200; Direct call from $11:$B846	A	A,P	$735C	$80C4,$893A,$8A3A,$8A55,$8ACF,$8C49,$8DDC,$8DE5,$ABB5,$AC3A,$AC4D,$AD25,$AFFF,$B286,$B2F5,$B52D,$B871,$BCF1
11	893A	BattleActionServices_Entry_893A	Direct call from $11:$890C; Direct call from $11:$B804		P		
11	89F1	BattleActionServices_Entry_89F1	Direct call from $11:$88AD	A	A,P	$00	
11	8A3A	BattleActionServices_Entry_8A3A	Direct call from $11:$88D4	A,X	A,P,X	$735C,$735D	
11	8A55	BattleActionServices_Entry_8A55	Direct call from $11:$88DA		P		
11	8ACF	BattleActionServices_Entry_8ACF	Direct call from $11:$88DD		P		
11	8C49	BattleActionServices_Entry_8C49	Direct call from $11:$8902		P		
11	8C50	BattleActionServices_Entry_8C50	Direct call from $11:$B896		P		
11	8C88	BattleActionServices_Entry_8C88	Direct call from $11:$8978; Direct call from $11:$89DD	A	A,P	$00,$01	
11	8D0D	BattleActionServices_Entry_8D0D	Direct call from $11:$896E; Direct call from $11:$89D3		P		
11	8D9D	BattleActionServices_Entry_8D9D	Direct call from $11:$8894		A,P		
11	8DAB	BattleActionServices_Entry_8DAB	Direct call from $11:$8899	A	A,P		
11	8DCC	BattleActionServices_Entry_8DCC	Direct call from $11:$889E	A	A,P		
11	8DDC	BattleActionServices_Entry_8DDC	Direct call from $11:$88AA; Direct call from $11:$88D7		P		
11	8DE5	BattleActionServices_Entry_8DE5	Direct call from $11:$88F7		P		
11	8E0E	BattleActionServices_Entry_8E0E	Pointer $11:$8FDC (55-entry battle handler table selected by the sorted action IDs at $8FA5)		A,P		$BF2E
11	8E54	BattleActionServices_Entry_8E54	Pointer $11:$8FE0 (55-entry battle handler table selected by the sorted action IDs at $8FA5)		P,Y		
11	8E73	BattleActionServices_Entry_8E73	Pointer $11:$8FE6 (55-entry battle handler table selected by the sorted action IDs at $8FA5); Pointer $11:$8FEA (55-entry battle handler table selected by the sorted action IDs at $8FA5)	Y	A,P,Y		$BF2E,$BF55
11	8E77	BattleActionServices_Entry_8E77	Pointer $11:$8FFC (55-entry battle handler table selected by the sorted action IDs at $8FA5)		P		$BF2E
11	8E86	BattleActionServices_Entry_8E86	Pointer $11:$8FEE (55-entry battle handler table selected by the sorted action IDs at $8FA5); Pointer $11:$9010 (55-entry battle handler table selected by the sorted action IDs at $8FA5)		P		$BF2E
11	8E96	BattleActionServices_Entry_8E96	Direct call from $11:$8E9B; Direct call from $11:$8EB0; Direct call from $11:$8EBF; Pointer $11:$8FDE (55-entry battle handler table selected by the sorted action IDs at $8FA5); Pointer $11:$8FE2 (55-entry battle handler table selected by the sorted action IDs at $8FA5); Pointer $11:$8FE8 (55-entry battle handler table selected by the sorted action IDs at $8FA5); Pointer $11:$8FEC (55-entry battle handler table selected by the sorted action IDs at $8FA5); Pointer $11:$8FF0 (55-entry battle handler table selected by the sorted action IDs at $8FA5); Pointer $11:$8FF6 (55-entry battle handler table selected by the sorted action IDs at $8FA5); Pointer $11:$8FFA (55-entry battle handler table selected by the sorted action IDs at $8FA5); Pointer $11:$8FFE (55-entry battle handler table selected by the sorted action IDs at $8FA5); Pointer $11:$9018 (55-entry battle handler table selected by the sorted action IDs at $8FA5); Pointer $11:$902A (55-entry battle handler table selected by the sorted action IDs at $8FA5); Pointer $11:$902E (55-entry battle handler table selected by the sorted action IDs at $8FA5); Pointer $11:$9032 (55-entry battle handler table selected by the sorted action IDs at $8FA5); Pointer $11:$9036 (55-entry battle handler table selected by the sorted action IDs at $8FA5); Pointer $11:$903A (55-entry battle handler table selected by the sorted action IDs at $8FA5); Pointer $11:$9044 (55-entry battle handler table selected by the sorted action IDs at $8FA5)		P		
11	8E9B	BattleActionServices_Entry_8E9B	Pointer $11:$8FE4 (55-entry battle handler table selected by the sorted action IDs at $8FA5); Pointer $11:$8FF2 (55-entry battle handler table selected by the sorted action IDs at $8FA5); Pointer $11:$8FF8 (55-entry battle handler table selected by the sorted action IDs at $8FA5); Pointer $11:$9004 (55-entry battle handler table selected by the sorted action IDs at $8FA5); Pointer $11:$900A (55-entry battle handler table selected by the sorted action IDs at $8FA5); Pointer $11:$900E (55-entry battle handler table selected by the sorted action IDs at $8FA5); Pointer $11:$9012 (55-entry battle handler table selected by the sorted action IDs at $8FA5); Pointer $11:$9016 (55-entry battle handler table selected by the sorted action IDs at $8FA5); Pointer $11:$9046 (55-entry battle handler table selected by the sorted action IDs at $8FA5); Pointer $11:$9048 (55-entry battle handler table selected by the sorted action IDs at $8FA5)		P		$8E96
11	8EA3	BattleActionServices_Entry_8EA3	Pointer $11:$8FF4 (55-entry battle handler table selected by the sorted action IDs at $8FA5); Pointer $11:$9000 (55-entry battle handler table selected by the sorted action IDs at $8FA5); Pointer $11:$9006 (55-entry battle handler table selected by the sorted action IDs at $8FA5); Pointer $11:$900C (55-entry battle handler table selected by the sorted action IDs at $8FA5); Pointer $11:$9014 (55-entry battle handler table selected by the sorted action IDs at $8FA5)	A	A,P		$8E96,$BF2E
11	8EA7	BattleActionServices_Entry_8EA7	Pointer $11:$9002 (55-entry battle handler table selected by the sorted action IDs at $8FA5)	A	A,P		$8E96,$BF2E
11	8EBF	BattleActionServices_Entry_8EBF	Pointer $11:$9008 (55-entry battle handler table selected by the sorted action IDs at $8FA5)		P		$8E96,$BF2E
11	8ECA	BattleActionServices_Entry_8ECA	Pointer $11:$9026 (55-entry battle handler table selected by the sorted action IDs at $8FA5)		A,P		$BF2E,$BF55
11	8ECE	BattleActionServices_Entry_8ECE	Pointer $11:$9022 (55-entry battle handler table selected by the sorted action IDs at $8FA5)		P		$BF2E
11	8EDA	BattleActionServices_Entry_8EDA	Pointer $11:$901E (55-entry battle handler table selected by the sorted action IDs at $8FA5)		P		$BF2E
11	8EE4	BattleActionServices_Entry_8EE4	Pointer $11:$901C (55-entry battle handler table selected by the sorted action IDs at $8FA5)		A,P		$BF55
11	8EE9	BattleActionServices_Entry_8EE9	Pointer $11:$901A (55-entry battle handler table selected by the sorted action IDs at $8FA5); Pointer $11:$9020 (55-entry battle handler table selected by the sorted action IDs at $8FA5); Pointer $11:$9024 (55-entry battle handler table selected by the sorted action IDs at $8FA5); Pointer $11:$9028 (55-entry battle handler table selected by the sorted action IDs at $8FA5)		P		
11	8EEE	BattleActionServices_Entry_8EEE	Pointer $11:$9038 (55-entry battle handler table selected by the sorted action IDs at $8FA5)		P		$BF2E
11	8F02	BattleActionServices_Entry_8F02	Pointer $11:$902C (55-entry battle handler table selected by the sorted action IDs at $8FA5)		P		$BF2E
11	8F15	BattleActionServices_Entry_8F15	Pointer $11:$9034 (55-entry battle handler table selected by the sorted action IDs at $8FA5)		P		
11	8F1A	BattleActionServices_Entry_8F1A	Pointer $11:$9030 (55-entry battle handler table selected by the sorted action IDs at $8FA5)		P		
11	8F1F	BattleActionServices_Entry_8F1F	Pointer $11:$903C (55-entry battle handler table selected by the sorted action IDs at $8FA5); Pointer $11:$9040 (55-entry battle handler table selected by the sorted action IDs at $8FA5)		P		$BF2E
11	8F26	BattleActionServices_Entry_8F26	Pointer $11:$903E (55-entry battle handler table selected by the sorted action IDs at $8FA5)		P		
11	8F2D	BattleActionServices_Entry_8F2D	Pointer $11:$9042 (55-entry battle handler table selected by the sorted action IDs at $8FA5)		P		$BF2E
11	8F3B	BattleActionServices_Entry_8F3B	Direct call from $11:$8DEA		P		
11	8F8B	BattleActionServices_Entry_8F8B	Direct call from $11:$8DED		P		
11	8F9C	BattleActionServices_Entry_8F9C	Direct call from $11:$8F42; Direct call from $11:$8F66; Direct call from $11:$8F74; Direct call from $11:$8F92		P		
11	904A	BattleActionServices_Entry_904A	Direct call from $11:$895C; Direct call from $11:$89A7	A	A,P	$72E7	
11	9053	BattleActionServices_Entry_9053	Direct call from $11:$8F82		P		
11	905B	BattleActionServices_Entry_905B	Direct call from $11:$B9B1	X	A,P,X		
11	9079	BattleActionServices_Entry_9079	Direct call from $11:$8F95; Pointer $11:$802E (25-entry code dispatch table; first target is $8032)	A,X	A,P,X		
11	90DB	BattleActionServices_Entry_90DB	Direct call from $11:$97DF; Direct call from $11:$A80F; Direct call from $11:$B72B; Direct call from $11:$B7DA; Direct call from $11:$BE1E	A	A,P	$7361,$7362	$9393,$A8D5,$AC5C
11	91F3	BattleActionServices_Entry_91F3	Direct call from $11:$91BD; Direct call from $11:$9B19; Direct call from $11:$9C82	A,X	A,P	$6E7E,$7200,$72E4	$927C,$9290,$92AE,$92C7
11	9204	BattleActionServices_Entry_9204	Direct call from $11:$9B5D; Direct call from $11:$9BCD; Direct call from $11:$9C61; Direct call from $11:$9C88; Direct call from $11:$AE77; Direct call from $11:$B049	A	A,P	$6E7E	$927C,$92C7
11	9223	BattleActionServices_Entry_9223	Direct call from $11:$806B	A	A,P		
11	9272	BattleActionServices_Entry_9272	Direct call from $11:$9B3C; Direct call from $11:$9C14; Direct call from $11:$9C69; Direct call from $11:$9C93		P		
11	927C	BattleActionServices_Entry_927C	Direct call from $11:$9215	A,X	A,P	$C7	
11	9286	BattleActionServices_Entry_9286	Direct call from $11:$91AB; Direct call from $11:$9BC3	A,X	A,P	$C7	
11	9290	BattleActionServices_Entry_9290	Direct call from $11:$91F3		P		
11	92AE	BattleActionServices_Entry_92AE	Direct call from $11:$91FE		P		
11	92C7	BattleActionServices_Entry_92C7	Direct call from $11:$9218	A	A,P	$7D	
11	92CF	BattleActionServices_Entry_92CF	Direct call from $11:$8083	A	A,P,X		
11	9316	BattleActionServices_Entry_9316	Direct call from $11:$9358; Direct call from $11:$9363	A	A,P	$72E7	
11	9383	BattleActionServices_Entry_9383	Direct call from $11:$9106; Direct call from $11:$9166	A	A,P		
11	938A	BattleActionServices_Entry_938A	Direct call from $11:$9147; Direct call from $11:$91C9; Direct call from $11:$97EC; Direct call from $11:$A69A	A	A,P	$72E7	
11	9393	BattleActionServices_Entry_9393	Direct call from $11:$90DB	A	A,P	$72E7	
11	939C	BattleActionServices_Entry_939C	Direct call from $11:$970C	A,X	A,P,X	$7374+X	
11	94B2	BattleActionServices_Entry_94B2	Direct call from $11:$9404	A,X	A,P,X	$00,$02,$03,$7364+X,$736C+X,$97	$99C0
11	9518	BattleActionServices_Entry_9518	Direct call from $11:$89AA		P		
11	95D2	BattleActionServices_Entry_95D2	Direct call from $11:$95B1; Direct call from $11:$95BF		A,P		
11	9611	BattleActionServices_Entry_9611	Direct call from $11:$895F		P		
11	96C3	BattleActionServices_Entry_96C3	Direct call from $11:$B70E		P		
11	96D1	BattleActionServices_Entry_96D1	Direct call from $11:$9657; Direct call from $11:$969F; Direct call from $11:$96B1	X	A,P,X	$00	
11	96DB	BattleActionServices_Entry_96DB	Direct call from $11:$9945; Direct call from $11:$9952; Direct call from $11:$995F; Direct call from $11:$B17C; Pointer $11:$A490 (266-entry battle-action dispatch table consumed through the indirect jump at $8CFC-$8D0C)	A	A,P	$72E7	
11	970C	BattleActionServices_Entry_970C	Direct call from $11:$96EE		P		$939C
11	97E6	BattleActionServices_Entry_97E6	Direct call from $11:$9726; Direct call from $11:$9786		P		
11	9817	BattleActionServices_Entry_9817	Direct call from $11:$9736; Direct call from $11:$979E	A	A,P	$7361,$7362	
11	981E	BattleActionServices_Entry_981E	Direct call from $11:$A722	A	A,P,X	$7361,$7362	$9832,$983D,$C827
11	9832	BattleActionServices_Entry_9832	Direct call from $11:$9824	A	A,P	$00,$01	
11	983D	BattleActionServices_Entry_983D	Direct call from $11:$982E	A	A,P	$7361,$7362	
11	9848	BattleActionServices_Entry_9848	Direct call from $11:$A6A4; Direct call from $11:$A6E8; Direct call from $11:$A795; Direct call from $11:$A7D2		P		
11	9851	BattleActionServices_Entry_9851	Direct call from $11:$9775	A	A,P	$72E7	
11	985A	BattleActionServices_Entry_985A	Direct call from $11:$A6B2; Direct call from $11:$A711	A	A,P	$72E7	
11	9863	BattleActionServices_Entry_9863	Direct call from $11:$A7F0; Direct call from $11:$A855	A	A,P	$7361,$7362	
11	9878	BattleActionServices_Entry_9878	Direct call from $11:$97DA	A	A,P,X		$C891
11	98E2	BattleActionServices_Entry_98E2	Pointer $11:$A492 (266-entry battle-action dispatch table consumed through the indirect jump at $8CFC-$8D0C)		P		$9916
11	98FA	BattleActionServices_Entry_98FA	Pointer $11:$A494 (266-entry battle-action dispatch table consumed through the indirect jump at $8CFC-$8D0C)		P		
11	9916	BattleActionServices_Entry_9916	Direct call from $11:$97CC; Direct call from $11:$98E2		A,P		
11	993A	BattleActionServices_Entry_993A	Direct call from $11:$9910	A,X,Y	A,P,Y	$7361,$7362	
11	9945	BattleActionServices_Entry_9945	Pointer $11:$A496 (266-entry battle-action dispatch table consumed through the indirect jump at $8CFC-$8D0C)	A,X	A,P,X	$6F,$7C	$96DB,$996D
11	9952	BattleActionServices_Entry_9952	Pointer $11:$A498 (266-entry battle-action dispatch table consumed through the indirect jump at $8CFC-$8D0C)		A,P		$96DB,$996D
11	995F	BattleActionServices_Entry_995F	Pointer $11:$A49A (266-entry battle-action dispatch table consumed through the indirect jump at $8CFC-$8D0C)	A	A,P,X		$96DB,$996D,$9D4F
11	996D	BattleActionServices_Entry_996D	Direct call from $11:$994A; Direct call from $11:$9957; Direct call from $11:$9964; Direct call from $11:$A819; Direct call from $11:$A82B; Direct call from $11:$A83D	A	A,P	$00	
11	9980	BattleActionServices_Entry_9980	Direct call from $11:$947E	A,X	A,P		
11	99C0	BattleActionServices_Entry_99C0	Direct call from $11:$93BC; Direct call from $11:$94BA	A,X	A,P		
11	9A33	BattleActionServices_Entry_9A33	Direct call from $11:$998F; Direct call from $11:$99CB	A	A,P	$0E,$0F	
11	9A84	BattleActionServices_Entry_9A84	Direct call from $11:$94FE	A,X,Y	A,P,Y	$00+X,$01+X,$02+X,$6E11,$6E12,$6E13,$6E14,$6E15,$6E16	
11	9AE2	BattleActionServices_Entry_9AE2	Pointer $11:$A40A (266-entry battle-action dispatch table consumed through the indirect jump at $8CFC-$8D0C); Pointer $11:$A40C (266-entry battle-action dispatch table consumed through the indirect jump at $8CFC-$8D0C); Pointer $11:$A40E (266-entry battle-action dispatch table consumed through the indirect jump at $8CFC-$8D0C); Pointer $11:$A410 (266-entry battle-action dispatch table consumed through the indirect jump at $8CFC-$8D0C); Pointer $11:$A412 (266-entry battle-action dispatch table consumed through the indirect jump at $8CFC-$8D0C); Pointer $11:$A414 (266-entry battle-action dispatch table consumed through the indirect jump at $8CFC-$8D0C); Pointer $11:$A416 (266-entry battle-action dispatch table consumed through the indirect jump at $8CFC-$8D0C); Pointer $11:$A418 (266-entry battle-action dispatch table consumed through the indirect jump at $8CFC-$8D0C); Pointer $11:$A41A (266-entry battle-action dispatch table consumed through the indirect jump at $8CFC-$8D0C); Pointer $11:$A41C (266-entry battle-action dispatch table consumed through the indirect jump at $8CFC-$8D0C); Pointer $11:$A41E (266-entry battle-action dispatch table consumed through the indirect jump at $8CFC-$8D0C); Pointer $11:$A420 (266-entry battle-action dispatch table consumed through the indirect jump at $8CFC-$8D0C); Pointer $11:$A422 (266-entry battle-action dispatch table consumed through the indirect jump at $8CFC-$8D0C); Pointer $11:$A424 (266-entry battle-action dispatch table consumed through the indirect jump at $8CFC-$8D0C); Pointer $11:$A426 (266-entry battle-action dispatch table consumed through the indirect jump at $8CFC-$8D0C); Pointer $11:$A428 (266-entry battle-action dispatch table consumed through the indirect jump at $8CFC-$8D0C); Pointer $11:$A42A (266-entry battle-action dispatch table consumed through the indirect jump at $8CFC-$8D0C); Pointer $11:$A42C (266-entry battle-action dispatch table consumed through the indirect jump at $8CFC-$8D0C); Pointer $11:$A42E (266-entry battle-action dispatch table consumed through the indirect jump at $8CFC-$8D0C); Pointer $11:$A4A4 (266-entry battle-action dispatch table consumed through the indirect jump at $8CFC-$8D0C); Pointer $11:$A4A6 (266-entry battle-action dispatch table consumed through the indirect jump at $8CFC-$8D0C); Pointer $11:$A4A8 (266-entry battle-action dispatch table consumed through the indirect jump at $8CFC-$8D0C); Pointer $11:$A4AA (266-entry battle-action dispatch table consumed through the indirect jump at $8CFC-$8D0C); Pointer $11:$A4AC (266-entry battle-action dispatch table consumed through the indirect jump at $8CFC-$8D0C); Pointer $11:$A4AE (266-entry battle-action dispatch table consumed through the indirect jump at $8CFC-$8D0C); Pointer $11:$A4D8 (266-entry battle-action dispatch table consumed through the indirect jump at $8CFC-$8D0C); Pointer $11:$A4E4 (266-entry battle-action dispatch table consumed through the indirect jump at $8CFC-$8D0C); Pointer $11:$A4F2 (266-entry battle-action dispatch table consumed through the indirect jump at $8CFC-$8D0C); Pointer $11:$A50A (266-entry battle-action dispatch table consumed through the indirect jump at $8CFC-$8D0C); Pointer $11:$A510 (266-entry battle-action dispatch table consumed through the indirect jump at $8CFC-$8D0C); Pointer $11:$A512 (266-entry battle-action dispatch table consumed through the indirect jump at $8CFC-$8D0C); Pointer $11:$A516 (266-entry battle-action dispatch table consumed through the indirect jump at $8CFC-$8D0C); Pointer $11:$A518 (266-entry battle-action dispatch table consumed through the indirect jump at $8CFC-$8D0C); Pointer $11:$A51C (266-entry battle-action dispatch table consumed through the indirect jump at $8CFC-$8D0C); Pointer $11:$A526 (266-entry battle-action dispatch table consumed through the indirect jump at $8CFC-$8D0C); Pointer $11:$A534 (266-entry battle-action dispatch table consumed through the indirect jump at $8CFC-$8D0C)		P		
11	9AEB	BattleActionServices_Entry_9AEB	Pointer $11:$A50C (266-entry battle-action dispatch table consumed through the indirect jump at $8CFC-$8D0C)		P		
11	9B0C	BattleActionServices_Entry_9B0C	Pointer $11:$A430 (266-entry battle-action dispatch table consumed through the indirect jump at $8CFC-$8D0C); Pointer $11:$A432 (266-entry battle-action dispatch table consumed through the indirect jump at $8CFC-$8D0C); Pointer $11:$A4A2 (266-entry battle-action dispatch table consumed through the indirect jump at $8CFC-$8D0C)		P		
11	9B53	BattleActionServices_Entry_9B53	Pointer $11:$A436 (266-entry battle-action dispatch table consumed through the indirect jump at $8CFC-$8D0C); Pointer $11:$A542 (266-entry battle-action dispatch table consumed through the indirect jump at $8CFC-$8D0C); Pointer $11:$A5FC (266-entry battle-action dispatch table consumed through the indirect jump at $8CFC-$8D0C)		P		
11	9B86	BattleActionServices_Entry_9B86	Pointer $11:$A434 (266-entry battle-action dispatch table consumed through the indirect jump at $8CFC-$8D0C)		P		
11	9C20	BattleActionServices_Entry_9C20	Pointer $11:$A4E6 (266-entry battle-action dispatch table consumed through the indirect jump at $8CFC-$8D0C); Pointer $11:$A5B2 (266-entry battle-action dispatch table consumed through the indirect jump at $8CFC-$8D0C)		P		
11	9C2B	BattleActionServices_Entry_9C2B	Direct call from $11:$9B97; Direct call from $11:$9BE7	A,X	A,P,X	$72,$73,$7E,$7F	$C827
11	9C50	BattleActionServices_Entry_9C50	Pointer $11:$A60A (266-entry battle-action dispatch table consumed through the indirect jump at $8CFC-$8D0C); Pointer $11:$A60C (266-entry battle-action dispatch table consumed through the indirect jump at $8CFC-$8D0C); Pointer $11:$A60E (266-entry battle-action dispatch table consumed through the indirect jump at $8CFC-$8D0C)		P		
11	9C9B	BattleActionServices_Entry_9C9B	Direct call from $11:$9C7B; Direct call from $11:$9C90	A,X,Y	A,P,X,Y		$BF55
11	9CAD	BattleActionServices_Entry_9CAD	Pointer $11:$A544 (266-entry battle-action dispatch table consumed through the indirect jump at $8CFC-$8D0C)		P		
11	9CBC	BattleActionServices_Entry_9CBC	Pointer $11:$A43C (266-entry battle-action dispatch table consumed through the indirect jump at $8CFC-$8D0C); Pointer $11:$A4F8 (266-entry battle-action dispatch table consumed through the indirect jump at $8CFC-$8D0C); Pointer $11:$A51A (266-entry battle-action dispatch table consumed through the indirect jump at $8CFC-$8D0C); Pointer $11:$A5FA (266-entry battle-action dispatch table consumed through the indirect jump at $8CFC-$8D0C)	A,X	A,P,X	$6F,$7C	
11	9CC3	BattleActionServices_Entry_9CC3	Direct call from $11:$A823; Pointer $11:$A438 (266-entry battle-action dispatch table consumed through the indirect jump at $8CFC-$8D0C); Pointer $11:$A43A (266-entry battle-action dispatch table consumed through the indirect jump at $8CFC-$8D0C); Pointer $11:$A4B0 (266-entry battle-action dispatch table consumed through the indirect jump at $8CFC-$8D0C); Pointer $11:$A4F0 (266-entry battle-action dispatch table consumed through the indirect jump at $8CFC-$8D0C); Pointer $11:$A4FE (266-entry battle-action dispatch table consumed through the indirect jump at $8CFC-$8D0C); Pointer $11:$A514 (266-entry battle-action dispatch table consumed through the indirect jump at $8CFC-$8D0C); Pointer $11:$A5E8 (266-entry battle-action dispatch table consumed through the indirect jump at $8CFC-$8D0C); Pointer $11:$A5EA (266-entry battle-action dispatch table consumed through the indirect jump at $8CFC-$8D0C)	A,X	A,P,X	$6F,$7C	
11	9CCA	BattleActionServices_Entry_9CCA	Pointer $11:$A43E (266-entry battle-action dispatch table consumed through the indirect jump at $8CFC-$8D0C); Pointer $11:$A55A (266-entry battle-action dispatch table consumed through the indirect jump at $8CFC-$8D0C); Pointer $11:$A5D4 (266-entry battle-action dispatch table consumed through the indirect jump at $8CFC-$8D0C); Pointer $11:$A604 (266-entry battle-action dispatch table consumed through the indirect jump at $8CFC-$8D0C)	A,X	A,P,X	$6F,$7C	
11	9CD1	BattleActionServices_Entry_9CD1	Pointer $11:$A440 (266-entry battle-action dispatch table consumed through the indirect jump at $8CFC-$8D0C); Pointer $11:$A55E (266-entry battle-action dispatch table consumed through the indirect jump at $8CFC-$8D0C); Pointer $11:$A5E4 (266-entry battle-action dispatch table consumed through the indirect jump at $8CFC-$8D0C); Pointer $11:$A5E6 (266-entry battle-action dispatch table consumed through the indirect jump at $8CFC-$8D0C)		P		
11	9D03	BattleActionServices_Entry_9D03	Pointer $11:$A446 (266-entry battle-action dispatch table consumed through the indirect jump at $8CFC-$8D0C); Pointer $11:$A52C (266-entry battle-action dispatch table consumed through the indirect jump at $8CFC-$8D0C)	A,X	A,P,X	$6F,$7C	
11	9D0A	BattleActionServices_Entry_9D0A	Pointer $11:$A444 (266-entry battle-action dispatch table consumed through the indirect jump at $8CFC-$8D0C); Pointer $11:$A52E (266-entry battle-action dispatch table consumed through the indirect jump at $8CFC-$8D0C)	A,X	A,P,X	$6F,$7C	
11	9D11	BattleActionServices_Entry_9D11	Pointer $11:$A602 (266-entry battle-action dispatch table consumed through the indirect jump at $8CFC-$8D0C)		P		
11	9D15	BattleActionServices_Entry_9D15	Pointer $11:$A454 (266-entry battle-action dispatch table consumed through the indirect jump at $8CFC-$8D0C)	A,X	A,P,X	$6F,$7C	
11	9D1C	BattleActionServices_Entry_9D1C	Pointer $11:$A466 (266-entry battle-action dispatch table consumed through the indirect jump at $8CFC-$8D0C); Pointer $11:$A53A (266-entry battle-action dispatch table consumed through the indirect jump at $8CFC-$8D0C)		P		
11	9D2B	BattleActionServices_Entry_9D2B	Pointer $11:$A468 (266-entry battle-action dispatch table consumed through the indirect jump at $8CFC-$8D0C)	A,X	A,P,X	$6F,$7C	
11	9D32	BattleActionServices_Entry_9D32	Pointer $11:$A45A (266-entry battle-action dispatch table consumed through the indirect jump at $8CFC-$8D0C); Pointer $11:$A5C6 (266-entry battle-action dispatch table consumed through the indirect jump at $8CFC-$8D0C)		P		
11	9D42	BattleActionServices_Entry_9D42	Pointer $11:$A452 (266-entry battle-action dispatch table consumed through the indirect jump at $8CFC-$8D0C)	A	A,P	$72E7	
11	9D4F	BattleActionServices_Entry_9D4F	Direct call from $11:$9D39; Direct call from $11:$AFF8; Direct call from $11:$B3A0	A,X	P	$6F,$7C	
11	9D90	BattleActionServices_Entry_9D90	Pointer $11:$A456 (266-entry battle-action dispatch table consumed through the indirect jump at $8CFC-$8D0C)		P		
11	9DB4	BattleActionServices_Entry_9DB4	Pointer $11:$A458 (266-entry battle-action dispatch table consumed through the indirect jump at $8CFC-$8D0C)		P		
11	9E4C	BattleActionServices_Entry_9E4C	Direct call from $11:$9DD8; Pointer $11:$8022 (25-entry code dispatch table; first target is $8032)		P		
11	9E5C	BattleActionServices_Entry_9E5C	Direct call from $11:$9DF2	A	A,P,X	$7D	
11	9E91	BattleActionServices_Entry_9E91	Direct call from $11:$9E3F	A	A,P,X	$70	
11	9ECF	BattleActionServices_Entry_9ECF	Direct call from $11:$9EB2; Direct call from $11:$9EBD; Direct call from $11:$9EC8	X	P,X	$70	
11	9ED6	BattleActionServices_Entry_9ED6	Direct call from $11:$9E78; Direct call from $11:$9E81; Direct call from $11:$9E8A	X	P,X	$7D	
11	9EDD	BattleActionServices_Entry_9EDD	Direct call from $11:$A835; Pointer $11:$A442 (266-entry battle-action dispatch table consumed through the indirect jump at $8CFC-$8D0C)		P		
11	9F14	BattleActionServices_Entry_9F14	Pointer $11:$A448 (266-entry battle-action dispatch table consumed through the indirect jump at $8CFC-$8D0C)		P		
11	9F27	BattleActionServices_Entry_9F27	Pointer $11:$A44A (266-entry battle-action dispatch table consumed through the indirect jump at $8CFC-$8D0C); Pointer $11:$A51E (266-entry battle-action dispatch table consumed through the indirect jump at $8CFC-$8D0C)		P		
11	9F64	BattleActionServices_Entry_9F64	Pointer $11:$A44C (266-entry battle-action dispatch table consumed through the indirect jump at $8CFC-$8D0C); Pointer $11:$A58A (266-entry battle-action dispatch table consumed through the indirect jump at $8CFC-$8D0C); Pointer $11:$A5D2 (266-entry battle-action dispatch table consumed through the indirect jump at $8CFC-$8D0C)		P		
11	9F89	BattleActionServices_Entry_9F89	Direct call from $11:$9F70; Direct call from $11:$9F81		A,P		$C827
11	9F93	BattleActionServices_Entry_9F93	Pointer $11:$A44E (266-entry battle-action dispatch table consumed through the indirect jump at $8CFC-$8D0C)		P		
11	9FC6	BattleActionServices_Entry_9FC6	Pointer $11:$A450 (266-entry battle-action dispatch table consumed through the indirect jump at $8CFC-$8D0C); Pointer $11:$A5D6 (266-entry battle-action dispatch table consumed through the indirect jump at $8CFC-$8D0C)		P		
11	9FED	BattleActionServices_Entry_9FED	Pointer $11:$A45C (266-entry battle-action dispatch table consumed through the indirect jump at $8CFC-$8D0C); Pointer $11:$A45E (266-entry battle-action dispatch table consumed through the indirect jump at $8CFC-$8D0C); Pointer $11:$A460 (266-entry battle-action dispatch table consumed through the indirect jump at $8CFC-$8D0C); Pointer $11:$A462 (266-entry battle-action dispatch table consumed through the indirect jump at $8CFC-$8D0C); Pointer $11:$A464 (266-entry battle-action dispatch table consumed through the indirect jump at $8CFC-$8D0C); Pointer $11:$A4EA (266-entry battle-action dispatch table consumed through the indirect jump at $8CFC-$8D0C); Pointer $11:$A4F6 (266-entry battle-action dispatch table consumed through the indirect jump at $8CFC-$8D0C); Pointer $11:$A520 (266-entry battle-action dispatch table consumed through the indirect jump at $8CFC-$8D0C); Pointer $11:$A528 (266-entry battle-action dispatch table consumed through the indirect jump at $8CFC-$8D0C); Pointer $11:$A532 (266-entry battle-action dispatch table consumed through the indirect jump at $8CFC-$8D0C); Pointer $11:$A540 (266-entry battle-action dispatch table consumed through the indirect jump at $8CFC-$8D0C); Pointer $11:$A54A (266-entry battle-action dispatch table consumed through the indirect jump at $8CFC-$8D0C); Pointer $11:$A5B6 (266-entry battle-action dispatch table consumed through the indirect jump at $8CFC-$8D0C); Pointer $11:$A5E0 (266-entry battle-action dispatch table consumed through the indirect jump at $8CFC-$8D0C); Pointer $11:$A5E2 (266-entry battle-action dispatch table consumed through the indirect jump at $8CFC-$8D0C); Pointer $11:$A606 (266-entry battle-action dispatch table consumed through the indirect jump at $8CFC-$8D0C)		P		
11	A011	BattleActionServices_Entry_A011	Direct call from $11:$9F59; Direct call from $11:$9FBB; Direct call from $11:$9FE2	A,X	A,P,X	$6F,$70	$AC5C
11	A01F	BattleActionServices_Entry_A01F	Direct call from $11:$9F3C; Direct call from $11:$9FA3; Direct call from $11:$9FD0; Direct call from $11:$AEAF	A,X	A,P,X	$7C,$7D	$AC5C
11	A02D	BattleActionServices_Entry_A02D	Pointer $11:$A46A (266-entry battle-action dispatch table consumed through the indirect jump at $8CFC-$8D0C)	A	A,P	$71	$A0B7
11	A047	BattleActionServices_Entry_A047	Pointer $11:$A46C (266-entry battle-action dispatch table consumed through the indirect jump at $8CFC-$8D0C)	A	A,P	$71	$A0B7
11	A08E	BattleActionServices_Entry_A08E	Pointer $11:$A46E (266-entry battle-action dispatch table consumed through the indirect jump at $8CFC-$8D0C)		P		
11	A096	BattleActionServices_Entry_A096	Pointer $11:$A5DA (266-entry battle-action dispatch table consumed through the indirect jump at $8CFC-$8D0C)		P		
11	A0B7	BattleActionServices_Entry_A0B7	Direct call from $11:$A031; Direct call from $11:$A04B		P		
11	A0C6	BattleActionServices_Entry_A0C6	Direct call from $11:$A055		P		
11	A0DC	BattleActionServices_Entry_A0DC	Direct call from $11:$A06D	A,X	A,P	$C7	
11	A0EF	BattleActionServices_Entry_A0EF	Direct call from $11:$A070; Direct call from $11:$A083; Direct call from $11:$A14C		A,P		
11	A0FD	BattleActionServices_Entry_A0FD	Pointer $11:$A4C0 (266-entry battle-action dispatch table consumed through the indirect jump at $8CFC-$8D0C)		P		$A108,$A10E
11	A108	BattleActionServices_Entry_A108	Direct call from $11:$A0FD; Pointer $11:$A4BC (266-entry battle-action dispatch table consumed through the indirect jump at $8CFC-$8D0C)		P		$A10E
11	A10E	BattleActionServices_Entry_A10E	Direct call from $11:$A102; Direct call from $11:$A108		P		$A0EF,$A11A
11	A114	BattleActionServices_Entry_A114	Pointer $11:$A4BE (266-entry battle-action dispatch table consumed through the indirect jump at $8CFC-$8D0C)		P		$A11A
11	A11A	BattleActionServices_Entry_A11A	Direct call from $11:$A10E; Direct call from $11:$A114	X	A,P	$C7	$A1B4
11	A131	BattleActionServices_Entry_A131	Pointer $11:$A4D4 (266-entry battle-action dispatch table consumed through the indirect jump at $8CFC-$8D0C)		P		$A13C,$A147
11	A13C	BattleActionServices_Entry_A13C	Direct call from $11:$A131; Pointer $11:$A4C2 (266-entry battle-action dispatch table consumed through the indirect jump at $8CFC-$8D0C); Pointer $11:$A4C4 (266-entry battle-action dispatch table consumed through the indirect jump at $8CFC-$8D0C); Pointer $11:$A4C6 (266-entry battle-action dispatch table consumed through the indirect jump at $8CFC-$8D0C); Pointer $11:$A4C8 (266-entry battle-action dispatch table consumed through the indirect jump at $8CFC-$8D0C); Pointer $11:$A4CC (266-entry battle-action dispatch table consumed through the indirect jump at $8CFC-$8D0C); Pointer $11:$A4D0 (266-entry battle-action dispatch table consumed through the indirect jump at $8CFC-$8D0C)		P		$A0EF,$A161
11	A147	BattleActionServices_Entry_A147	Direct call from $11:$A136		P		$A0EF,$A161
11	A155	BattleActionServices_Entry_A155	Pointer $11:$A4CA (266-entry battle-action dispatch table consumed through the indirect jump at $8CFC-$8D0C); Pointer $11:$A4CE (266-entry battle-action dispatch table consumed through the indirect jump at $8CFC-$8D0C); Pointer $11:$A4D2 (266-entry battle-action dispatch table consumed through the indirect jump at $8CFC-$8D0C)		P		$A161
11	A161	BattleActionServices_Entry_A161	Direct call from $11:$A13C; Direct call from $11:$A147; Direct call from $11:$A155		P		
11	A17C	BattleActionServices_Entry_A17C	Direct call from $11:$A1AE	A,X	A,P,X	$6E45+X,$7206+X,$7363,$7C	
11	A19A	BattleActionServices_Entry_A19A	Direct call from $11:$A1A9	A,X	A,P	$C4,$C7	$A1B4
11	A1A9	BattleActionServices_Entry_A1A9	Direct call from $11:$BDFC		P		$A0EF,$A17C,$A19A
11	A1B4	BattleActionServices_Entry_A1B4	Direct call from $11:$98AD; Direct call from $11:$A11A; Direct call from $11:$A168; Direct call from $11:$A19A; Pointer $11:$801E (25-entry code dispatch table; first target is $8032)		P,X		
11	A1D0	BattleActionServices_Entry_A1D0	Direct call from $11:$A290	A	A,P		
11	A228	BattleActionServices_Entry_A228	Pointer $11:$A4DC (266-entry battle-action dispatch table consumed through the indirect jump at $8CFC-$8D0C); Pointer $11:$A4DE (266-entry battle-action dispatch table consumed through the indirect jump at $8CFC-$8D0C); Pointer $11:$A4E0 (266-entry battle-action dispatch table consumed through the indirect jump at $8CFC-$8D0C); Pointer $11:$A4E2 (266-entry battle-action dispatch table consumed through the indirect jump at $8CFC-$8D0C)		P		
11	A293	BattleActionServices_Entry_A293	Direct call from $11:$A28D	A	A,P	$06	
11	A2A2	BattleActionServices_Entry_A2A2	Pointer $11:$A4D6 (266-entry battle-action dispatch table consumed through the indirect jump at $8CFC-$8D0C)		P		
11	A2D8	BattleActionServices_Entry_A2D8	Direct call from $11:$A2E4; Direct call from $11:$A3DF; Pointer $11:$8002 (25-entry code dispatch table; first target is $8032)	A,X	A,P,X	$6E0F	
11	A2E4	BattleActionServices_Entry_A2E4	Pointer $11:$800C (25-entry code dispatch table; first target is $8032)	A,X	A,P,X		$A2D8
11	A304	BattleActionServices_Entry_A304	Direct call from $11:$A3E4; Pointer $11:$8004 (25-entry code dispatch table; first target is $8032)	A,X	A,P,X	$6E0F	$A3B5
11	A311	BattleActionServices_Entry_A311	Pointer $11:$800E (25-entry code dispatch table; first target is $8032)	A,X	A,P,X	$6E0F,$7300+X	$A3C2
11	A31A	BattleActionServices_Entry_A31A	Pointer $11:$8016 (25-entry code dispatch table; first target is $8032)	A,X	A,P	$6E0F,$7300+X	$A3C2
11	A32E	BattleActionServices_Entry_A32E	Direct call from $11:$A3EB; Pointer $11:$8006 (25-entry code dispatch table; first target is $8032)	A,X	A,P,X	$6E0F	$A3B5
11	A339	BattleActionServices_Entry_A339	Pointer $11:$8014 (25-entry code dispatch table; first target is $8032)	A,X	A,P,X	$6E0F,$7324+X	$A3B5
11	A34A	BattleActionServices_Entry_A34A	Pointer $11:$8008 (25-entry code dispatch table; first target is $8032)	A,X	A,P,X	$6E0F	
11	A354	BattleActionServices_Entry_A354	Pointer $11:$800A (25-entry code dispatch table; first target is $8032)	A,X	A,P,X	$6E0F	$A3B5
11	A36B	BattleActionServices_Entry_A36B	Pointer $11:$8010 (25-entry code dispatch table; first target is $8032)	A,X	A,P	$6E0F,$72F4+X	
11	A37E	BattleActionServices_Entry_A37E	Pointer $11:$8018 (25-entry code dispatch table; first target is $8032)	A,X	A,P	$6E0F,$7300+X	$A3C2
11	A394	BattleActionServices_Entry_A394	Pointer $11:$8012 (25-entry code dispatch table; first target is $8032)	A,X	A,P,X	$6E0F	
11	A3B5	BattleActionServices_Entry_A3B5	Direct call from $11:$A306; Direct call from $11:$A330; Direct call from $11:$A33E; Direct call from $11:$A356	A	A,P,X	$00	$A3D4
11	A3C2	BattleActionServices_Entry_A3C2	Direct call from $11:$A31A; Direct call from $11:$A37E	A,X	A,P,X	$00	$A3D4
11	A3D4	BattleActionServices_Entry_A3D4	Direct call from $11:$A3B8; Direct call from $11:$A3C6	A	A,P	$00	
11	A3DF	BattleActionServices_Entry_A3DF	Pointer $11:$801C (25-entry code dispatch table; first target is $8032)	A	A,P	$00	$A2D8,$A304,$A32E
11	A3F7	BattleActionServices_Entry_A3F7	Direct call from $11:$88C2; Direct call from $11:$8986; Direct call from $11:$89A1; Direct call from $11:$89EB; Direct call from $11:$A762; Direct call from $11:$B4E0; Direct call from $11:$B7DD; Direct call from $11:$B98C; Direct call from $11:$BBD8; Pointer $11:$8020 (25-entry code dispatch table; first target is $8032)		A,P		
11	A63E	BattleActionServices_Entry_A63E	Direct call from $11:$972B; Direct call from $11:$978B		P		
11	A69F	BattleActionServices_Entry_A69F	Direct call from $11:$9778	A	P		$9848,$A86D
11	A6E3	BattleActionServices_Entry_A6E3	Direct call from $11:$9790	A	P		$9848,$A86D
11	A78B	BattleActionServices_Entry_A78B	Direct call from $11:$97D7		P		
11	A7AB	BattleActionServices_Entry_A7AB	Direct call from $11:$A7A1; Direct call from $11:$A85B	A	A,P	$70,$7D	
11	A7C4	BattleActionServices_Entry_A7C4	Direct call from $11:$97E2		A,P		
11	A86D	BattleActionServices_Entry_A86D	Direct call from $11:$A69F; Direct call from $11:$A6E3; Direct call from $11:$A790; Direct call from $11:$A7CF		P		
11	A873	BattleActionServices_Entry_A873	Direct call from $11:$8980; Direct call from $11:$89E5		P		
11	A8BC	BattleActionServices_Entry_A8BC	Direct call from $11:$8983; Direct call from $11:$89E8		P		
11	A8D5	BattleActionServices_Entry_A8D5	Direct call from $11:$90EE		P		
11	A8EC	BattleActionServices_Entry_A8EC	Direct call from $11:$8074	A,X	A,P,X		$A914,$A950,$A97A,$A9F0
11	A914	BattleActionServices_Entry_A914	Direct call from $11:$A90B	A,X,Y	A,P,X,Y	$00,$01,$02,$7348+X,$7348+Y	
11	A950	BattleActionServices_Entry_A950	Direct call from $11:$A90E	A,X	A,P,X	$00,$72F4+X	
11	A97A	BattleActionServices_Entry_A97A	Direct call from $11:$A8FA	A,X	A,P,X	$00	
11	A9F0	BattleActionServices_Entry_A9F0	Direct call from $11:$A8FD	A,X	A,P,X	$00,$6F,$70,$7C,$7D	
11	AA4C	BattleActionServices_Entry_AA4C	Direct call from $11:$807D		P	$6E81	$AA62,$AA8C,$AA95,$AAB1,$AAE0,$AAEE
11	AA62	BattleActionServices_Entry_AA62	Direct call from $11:$AA4F	A,Y	A,P,X,Y		
11	AA8C	BattleActionServices_Entry_AA8C	Direct call from $11:$AA52	A	A,P	$6E44	
11	AA95	BattleActionServices_Entry_AA95	Direct call from $11:$AA55	A	A,P	$72E5	
11	AAB1	BattleActionServices_Entry_AAB1	Direct call from $11:$AA58	A	A,P,Y	$72E6	
11	AAE0	BattleActionServices_Entry_AAE0	Direct call from $11:$AA5E	A	A,P		
11	AAEE	BattleActionServices_Entry_AAEE	Direct call from $11:$AA5B	A,X	A,P,X	$7D	
11	AB2A	BattleActionServices_Entry_AB2A	Direct call from $11:$808E	A,X,Y	A,P,X,Y	$7215+X,$7216+X	
11	AB49	BattleActionServices_Entry_AB49	Direct call from $11:$84EC; Direct call from $11:$ABBC	A,Y	A,P	$00,$01	
11	ABB5	BattleActionServices_Entry_ABB5	Direct call from $11:$88FA; Direct call from $11:$B891		P		
11	AC3A	BattleActionServices_Entry_AC3A	Direct call from $11:$890F		P		
11	AC4D	BattleActionServices_Entry_AC4D	Direct call from $11:$88C6; Direct call from $11:$8924		P		
11	AC5C	BattleActionServices_Entry_AC5C	Direct call from $11:$90DE; Direct call from $11:$A013; Direct call from $11:$A021; Pointer $11:$801A (25-entry code dispatch table; first target is $8032)	A	A,P		
11	AC79	BattleActionServices_Entry_AC79	Direct call from $11:$8969; Direct call from $11:$89CE		P		
11	ACB0	BattleActionServices_Entry_ACB0	Direct call from $11:$ACA2		P,X		
11	ACBF	BattleActionServices_Entry_ACBF	Direct call from $11:$8964; Direct call from $11:$89C9; Direct call from $11:$9716		P		$AD06
11	ACC4	BattleActionServices_Entry_ACC4	Direct call from $11:$B376		P		
11	ACDC	BattleActionServices_Entry_ACDC	Direct call from $11:$8952		P		$AD06
11	AD00	BattleActionServices_Entry_AD00	Direct call from $11:$ACD5; Direct call from $11:$ACE8	A	A,P		
11	AD06	BattleActionServices_Entry_AD06	Direct call from $11:$ACBF; Direct call from $11:$ACDC		P		
11	AD25	BattleActionServices_Entry_AD25	Direct call from $11:$88E2	A	A,P		
11	AD51	BattleActionServices_Entry_AD51	Direct call from $11:$8973; Direct call from $11:$89D8		P		$AD89
11	AD89	BattleActionServices_Entry_AD89	Direct call from $11:$AD51		P		
11	AE0A	BattleActionServices_Entry_AE0A	Direct call from $11:$810F; Direct call from $11:$837A; Direct call from $11:$A400; Pointer $11:$8026 (25-entry code dispatch table; first target is $8032)	A	A,P		
11	AE23	BattleActionServices_Entry_AE23	Pointer $11:$A472 (266-entry battle-action dispatch table consumed through the indirect jump at $8CFC-$8D0C); Pointer $11:$A474 (266-entry battle-action dispatch table consumed through the indirect jump at $8CFC-$8D0C); Pointer $11:$A476 (266-entry battle-action dispatch table consumed through the indirect jump at $8CFC-$8D0C); Pointer $11:$A478 (266-entry battle-action dispatch table consumed through the indirect jump at $8CFC-$8D0C); Pointer $11:$A47A (266-entry battle-action dispatch table consumed through the indirect jump at $8CFC-$8D0C); Pointer $11:$A47C (266-entry battle-action dispatch table consumed through the indirect jump at $8CFC-$8D0C); Pointer $11:$A47E (266-entry battle-action dispatch table consumed through the indirect jump at $8CFC-$8D0C); Pointer $11:$A480 (266-entry battle-action dispatch table consumed through the indirect jump at $8CFC-$8D0C); Pointer $11:$A482 (266-entry battle-action dispatch table consumed through the indirect jump at $8CFC-$8D0C); Pointer $11:$A484 (266-entry battle-action dispatch table consumed through the indirect jump at $8CFC-$8D0C); Pointer $11:$A562 (266-entry battle-action dispatch table consumed through the indirect jump at $8CFC-$8D0C); Pointer $11:$A57A (266-entry battle-action dispatch table consumed through the indirect jump at $8CFC-$8D0C); Pointer $11:$A57C (266-entry battle-action dispatch table consumed through the indirect jump at $8CFC-$8D0C); Pointer $11:$A57E (266-entry battle-action dispatch table consumed through the indirect jump at $8CFC-$8D0C); Pointer $11:$A58C (266-entry battle-action dispatch table consumed through the indirect jump at $8CFC-$8D0C); Pointer $11:$A5A2 (266-entry battle-action dispatch table consumed through the indirect jump at $8CFC-$8D0C); Pointer $11:$A5A4 (266-entry battle-action dispatch table consumed through the indirect jump at $8CFC-$8D0C); Pointer $11:$A5F8 (266-entry battle-action dispatch table consumed through the indirect jump at $8CFC-$8D0C); Pointer $11:$A608 (266-entry battle-action dispatch table consumed through the indirect jump at $8CFC-$8D0C)		P		
11	AE24	BattleActionServices_Entry_AE24	Pointer $11:$A48C (266-entry battle-action dispatch table consumed through the indirect jump at $8CFC-$8D0C)	A,X	A,P,X	$6F,$70,$7C,$7D	
11	AE28	BattleActionServices_Entry_AE28	Pointer $11:$A48E (266-entry battle-action dispatch table consumed through the indirect jump at $8CFC-$8D0C)	A,X	A,P,X	$6F,$70,$7C,$7D	
11	AE35	BattleActionServices_Entry_AE35	Pointer $11:$A49C (266-entry battle-action dispatch table consumed through the indirect jump at $8CFC-$8D0C); Pointer $11:$A49E (266-entry battle-action dispatch table consumed through the indirect jump at $8CFC-$8D0C); Pointer $11:$A4A0 (266-entry battle-action dispatch table consumed through the indirect jump at $8CFC-$8D0C); Pointer $11:$A4FC (266-entry battle-action dispatch table consumed through the indirect jump at $8CFC-$8D0C)		P		
11	AE4E	BattleActionServices_Entry_AE4E	Pointer $11:$A4B6 (266-entry battle-action dispatch table consumed through the indirect jump at $8CFC-$8D0C); Pointer $11:$A4FA (266-entry battle-action dispatch table consumed through the indirect jump at $8CFC-$8D0C)	A,X	A,P,X	$6F,$7C	
11	AE55	BattleActionServices_Entry_AE55	Pointer $11:$A4B8 (266-entry battle-action dispatch table consumed through the indirect jump at $8CFC-$8D0C); Pointer $11:$A4DA (266-entry battle-action dispatch table consumed through the indirect jump at $8CFC-$8D0C)	A	A,P	$72E4	
11	AE5E	BattleActionServices_Entry_AE5E	Pointer $11:$A486 (266-entry battle-action dispatch table consumed through the indirect jump at $8CFC-$8D0C); Pointer $11:$A488 (266-entry battle-action dispatch table consumed through the indirect jump at $8CFC-$8D0C); Pointer $11:$A5F0 (266-entry battle-action dispatch table consumed through the indirect jump at $8CFC-$8D0C); Pointer $11:$A5F2 (266-entry battle-action dispatch table consumed through the indirect jump at $8CFC-$8D0C)	A,X	A,P,X	$6F,$7C	
11	AE65	BattleActionServices_Entry_AE65	Pointer $11:$A4BA (266-entry battle-action dispatch table consumed through the indirect jump at $8CFC-$8D0C); Pointer $11:$A5DE (266-entry battle-action dispatch table consumed through the indirect jump at $8CFC-$8D0C)		P		$BF2E
11	AE84	BattleActionServices_Entry_AE84	Pointer $11:$A4EE (266-entry battle-action dispatch table consumed through the indirect jump at $8CFC-$8D0C)		P		$BF2E
11	AE8B	BattleActionServices_Entry_AE8B	Pointer $11:$A5B0 (266-entry battle-action dispatch table consumed through the indirect jump at $8CFC-$8D0C)		P		$BF2E
11	AE9D	BattleActionServices_Entry_AE9D	Pointer $11:$A48A (266-entry battle-action dispatch table consumed through the indirect jump at $8CFC-$8D0C)	A	A,P	$7C,$7D	
11	AEBF	BattleActionServices_Entry_AEBF	Pointer $11:$A4E8 (266-entry battle-action dispatch table consumed through the indirect jump at $8CFC-$8D0C); Pointer $11:$A522 (266-entry battle-action dispatch table consumed through the indirect jump at $8CFC-$8D0C)		P		
11	AF9F	BattleActionServices_Entry_AF9F	Direct call from $11:$AEF6; Direct call from $11:$AEFF	A	A,P	$7D	
11	AFA6	BattleActionServices_Entry_AFA6	Direct call from $11:$AF55; Direct call from $11:$AF5E	A	A,P	$70	
11	AFAD	BattleActionServices_Entry_AFAD	Pointer $11:$A470 (266-entry battle-action dispatch table consumed through the indirect jump at $8CFC-$8D0C); Pointer $11:$A536 (266-entry battle-action dispatch table consumed through the indirect jump at $8CFC-$8D0C); Pointer $11:$A5C2 (266-entry battle-action dispatch table consumed through the indirect jump at $8CFC-$8D0C)		P		
11	AFEA	BattleActionServices_Entry_AFEA	Pointer $11:$A4B2 (266-entry battle-action dispatch table consumed through the indirect jump at $8CFC-$8D0C)		P		
11	AFF4	BattleActionServices_Entry_AFF4	Direct call from $11:$A84C; Pointer $11:$A4B4 (266-entry battle-action dispatch table consumed through the indirect jump at $8CFC-$8D0C); Pointer $11:$A5AC (266-entry battle-action dispatch table consumed through the indirect jump at $8CFC-$8D0C)	A	A,P,X		$9D4F
11	AFFF	BattleActionServices_Entry_AFFF	Direct call from $11:$88FF		P		
11	B025	BattleActionServices_Entry_B025	Pointer $11:$A530 (266-entry battle-action dispatch table consumed through the indirect jump at $8CFC-$8D0C)		P		
11	B034	BattleActionServices_Entry_B034	Pointer $11:$A508 (266-entry battle-action dispatch table consumed through the indirect jump at $8CFC-$8D0C); Pointer $11:$A546 (266-entry battle-action dispatch table consumed through the indirect jump at $8CFC-$8D0C); Pointer $11:$A564 (266-entry battle-action dispatch table consumed through the indirect jump at $8CFC-$8D0C); Pointer $11:$A566 (266-entry battle-action dispatch table consumed through the indirect jump at $8CFC-$8D0C); Pointer $11:$A570 (266-entry battle-action dispatch table consumed through the indirect jump at $8CFC-$8D0C); Pointer $11:$A574 (266-entry battle-action dispatch table consumed through the indirect jump at $8CFC-$8D0C); Pointer $11:$A578 (266-entry battle-action dispatch table consumed through the indirect jump at $8CFC-$8D0C); Pointer $11:$A5A0 (266-entry battle-action dispatch table consumed through the indirect jump at $8CFC-$8D0C); Pointer $11:$A5A8 (266-entry battle-action dispatch table consumed through the indirect jump at $8CFC-$8D0C); Pointer $11:$A5AA (266-entry battle-action dispatch table consumed through the indirect jump at $8CFC-$8D0C); Pointer $11:$A5AE (266-entry battle-action dispatch table consumed through the indirect jump at $8CFC-$8D0C); Pointer $11:$A5DC (266-entry battle-action dispatch table consumed through the indirect jump at $8CFC-$8D0C)		P		
11	B039	BattleActionServices_Entry_B039	Pointer $11:$A52A (266-entry battle-action dispatch table consumed through the indirect jump at $8CFC-$8D0C)		P		
11	B055	BattleActionServices_Entry_B055	Pointer $11:$A53C (266-entry battle-action dispatch table consumed through the indirect jump at $8CFC-$8D0C)		P		$B07E
11	B077	BattleActionServices_Entry_B077	Pointer $11:$A53E (266-entry battle-action dispatch table consumed through the indirect jump at $8CFC-$8D0C)		P		$B07E
11	B07E	BattleActionServices_Entry_B07E	Direct call from $11:$B055; Direct call from $11:$B077		P		
11	B0A4	BattleActionServices_Entry_B0A4	Pointer $11:$A558 (266-entry battle-action dispatch table consumed through the indirect jump at $8CFC-$8D0C)	A,X	A,P	$6F,$7C	
11	B0B3	BattleActionServices_Entry_B0B3	Pointer $11:$A524 (266-entry battle-action dispatch table consumed through the indirect jump at $8CFC-$8D0C)	A,X	A,P,X	$6F,$7C	
11	B0BA	BattleActionServices_Entry_B0BA	Pointer $11:$A54C (266-entry battle-action dispatch table consumed through the indirect jump at $8CFC-$8D0C)	A	A,P		
11	B0BF	BattleActionServices_Entry_B0BF	Pointer $11:$A54E (266-entry battle-action dispatch table consumed through the indirect jump at $8CFC-$8D0C)	A	A,P		
11	B0C4	BattleActionServices_Entry_B0C4	Pointer $11:$A550 (266-entry battle-action dispatch table consumed through the indirect jump at $8CFC-$8D0C)	A	A,P		
11	B0C9	BattleActionServices_Entry_B0C9	Pointer $11:$A552 (266-entry battle-action dispatch table consumed through the indirect jump at $8CFC-$8D0C)	A	A,P		
11	B0CE	BattleActionServices_Entry_B0CE	Pointer $11:$A554 (266-entry battle-action dispatch table consumed through the indirect jump at $8CFC-$8D0C)	A	A,P		
11	B0E4	BattleActionServices_Entry_B0E4	Pointer $11:$A4EC (266-entry battle-action dispatch table consumed through the indirect jump at $8CFC-$8D0C); Pointer $11:$A538 (266-entry battle-action dispatch table consumed through the indirect jump at $8CFC-$8D0C)		P		
11	B0EB	BattleActionServices_Entry_B0EB	Pointer $11:$A556 (266-entry battle-action dispatch table consumed through the indirect jump at $8CFC-$8D0C)		P		
11	B11F	BattleActionServices_Entry_B11F	Direct call from $11:$AED0; Direct call from $11:$AF30; Direct call from $11:$B105		P		
11	B17C	BattleActionServices_Entry_B17C	Pointer $11:$A4F4 (266-entry battle-action dispatch table consumed through the indirect jump at $8CFC-$8D0C); Pointer $11:$A50E (266-entry battle-action dispatch table consumed through the indirect jump at $8CFC-$8D0C)		P		$96DB
11	B180	BattleActionServices_Entry_B180	Pointer $11:$A500 (266-entry battle-action dispatch table consumed through the indirect jump at $8CFC-$8D0C)		P		
11	B1D0	BattleActionServices_Entry_B1D0	Pointer $11:$A502 (266-entry battle-action dispatch table consumed through the indirect jump at $8CFC-$8D0C)	A,X	A,P,X	$6F,$7C	
11	B1D7	BattleActionServices_Entry_B1D7	Pointer $11:$A560 (266-entry battle-action dispatch table consumed through the indirect jump at $8CFC-$8D0C)	A,X	A,P,X	$6F,$7C	
11	B1DE	BattleActionServices_Entry_B1DE	Pointer $11:$A504 (266-entry battle-action dispatch table consumed through the indirect jump at $8CFC-$8D0C)		P		
11	B21F	BattleActionServices_Entry_B21F	Pointer $11:$A506 (266-entry battle-action dispatch table consumed through the indirect jump at $8CFC-$8D0C)		P		
11	B286	BattleActionServices_Entry_B286	Direct call from $11:$88E7		P		
11	B2F5	BattleActionServices_Entry_B2F5	Direct call from $11:$8907	A	A,P		
11	B31F	BattleActionServices_Entry_B31F	Direct call from $11:$974E; Direct call from $11:$B309		P		
11	B34C	BattleActionServices_Entry_B34C	Direct call from $11:$B2F1		P		
11	B365	BattleActionServices_Entry_B365	Pointer $11:$A590 (266-entry battle-action dispatch table consumed through the indirect jump at $8CFC-$8D0C)		A,P		
11	B372	BattleActionServices_Entry_B372	Pointer $11:$A580 (266-entry battle-action dispatch table consumed through the indirect jump at $8CFC-$8D0C); Pointer $11:$A584 (266-entry battle-action dispatch table consumed through the indirect jump at $8CFC-$8D0C); Pointer $11:$A588 (266-entry battle-action dispatch table consumed through the indirect jump at $8CFC-$8D0C); Pointer $11:$A598 (266-entry battle-action dispatch table consumed through the indirect jump at $8CFC-$8D0C); Pointer $11:$A59C (266-entry battle-action dispatch table consumed through the indirect jump at $8CFC-$8D0C); Pointer $11:$A5C0 (266-entry battle-action dispatch table consumed through the indirect jump at $8CFC-$8D0C)		P		
11	B380	BattleActionServices_Entry_B380	Pointer $11:$A56C (266-entry battle-action dispatch table consumed through the indirect jump at $8CFC-$8D0C)		P		
11	B392	BattleActionServices_Entry_B392	Pointer $11:$A56E (266-entry battle-action dispatch table consumed through the indirect jump at $8CFC-$8D0C); Pointer $11:$A592 (266-entry battle-action dispatch table consumed through the indirect jump at $8CFC-$8D0C)		P		$B51D
11	B39C	BattleActionServices_Entry_B39C	Pointer $11:$A586 (266-entry battle-action dispatch table consumed through the indirect jump at $8CFC-$8D0C)		A,P,X		$9D4F
11	B3A4	BattleActionServices_Entry_B3A4	Pointer $11:$A594 (266-entry battle-action dispatch table consumed through the indirect jump at $8CFC-$8D0C)		P		
11	B3B6	BattleActionServices_Entry_B3B6	Pointer $11:$A56A (266-entry battle-action dispatch table consumed through the indirect jump at $8CFC-$8D0C)		P		
11	B3D4	BattleActionServices_Entry_B3D4	Pointer $11:$A596 (266-entry battle-action dispatch table consumed through the indirect jump at $8CFC-$8D0C)		P		
11	B3DE	BattleActionServices_Entry_B3DE	Pointer $11:$A5A6 (266-entry battle-action dispatch table consumed through the indirect jump at $8CFC-$8D0C)		P		
11	B402	BattleActionServices_Entry_B402	Pointer $11:$A59A (266-entry battle-action dispatch table consumed through the indirect jump at $8CFC-$8D0C)	A,X	A,P,X		$BF2E
11	B41C	BattleActionServices_Entry_B41C	Pointer $11:$A59E (266-entry battle-action dispatch table consumed through the indirect jump at $8CFC-$8D0C)		P		$BF2E
11	B437	BattleActionServices_Entry_B437	Pointer $11:$A568 (266-entry battle-action dispatch table consumed through the indirect jump at $8CFC-$8D0C)		P		
11	B453	BattleActionServices_Entry_B453	Pointer $11:$A576 (266-entry battle-action dispatch table consumed through the indirect jump at $8CFC-$8D0C)		P		
11	B47F	BattleActionServices_Entry_B47F	Pointer $11:$A572 (266-entry battle-action dispatch table consumed through the indirect jump at $8CFC-$8D0C)		A,P		$B4A8
11	B4A8	BattleActionServices_Entry_B4A8	Direct call from $11:$B481; Direct call from $11:$B488; Direct call from $11:$B48F	A	P	$00	
11	B4C6	BattleActionServices_Entry_B4C6	Pointer $11:$A58E (266-entry battle-action dispatch table consumed through the indirect jump at $8CFC-$8D0C)		P		
11	B4E4	BattleActionServices_Entry_B4E4	Pointer $11:$A582 (266-entry battle-action dispatch table consumed through the indirect jump at $8CFC-$8D0C)		P		
11	B51D	BattleActionServices_Entry_B51D	Direct call from $11:$B392; Direct call from $11:$B3D8		A,P		
11	B52D	BattleActionServices_Entry_B52D	Direct call from $11:$88EA		P		
11	B60C	BattleActionServices_Entry_B60C	Direct call from $11:$B5CA		P		
11	B651	BattleActionServices_Entry_B651	Pointer $11:$A5B4 (266-entry battle-action dispatch table consumed through the indirect jump at $8CFC-$8D0C)	A	A,P	$8E	$B91C
11	B659	BattleActionServices_Entry_B659	Pointer $11:$A5B8 (266-entry battle-action dispatch table consumed through the indirect jump at $8CFC-$8D0C)	A	A,P	$72E4	
11	B666	BattleActionServices_Entry_B666	Pointer $11:$A5BA (266-entry battle-action dispatch table consumed through the indirect jump at $8CFC-$8D0C)		P		
11	B693	BattleActionServices_Entry_B693	Pointer $11:$A5BC (266-entry battle-action dispatch table consumed through the indirect jump at $8CFC-$8D0C)		P		
11	B6DB	BattleActionServices_Entry_B6DB	Pointer $11:$A5BE (266-entry battle-action dispatch table consumed through the indirect jump at $8CFC-$8D0C); Pointer $11:$A5F4 (266-entry battle-action dispatch table consumed through the indirect jump at $8CFC-$8D0C); Pointer $11:$A5F6 (266-entry battle-action dispatch table consumed through the indirect jump at $8CFC-$8D0C)		P		
11	B6F2	BattleActionServices_Entry_B6F2	Pointer $11:$A5EC (266-entry battle-action dispatch table consumed through the indirect jump at $8CFC-$8D0C); Pointer $11:$A5EE (266-entry battle-action dispatch table consumed through the indirect jump at $8CFC-$8D0C)		P		
11	B700	BattleActionServices_Entry_B700	Pointer $11:$A5C4 (266-entry battle-action dispatch table consumed through the indirect jump at $8CFC-$8D0C)	A	A,P	$8E	
11	B705	BattleActionServices_Entry_B705	Pointer $11:$A5C8 (266-entry battle-action dispatch table consumed through the indirect jump at $8CFC-$8D0C)		P		
11	B73D	BattleActionServices_Entry_B73D	Pointer $11:$A5CA (266-entry battle-action dispatch table consumed through the indirect jump at $8CFC-$8D0C)		P		
11	B79D	BattleActionServices_Entry_B79D	Pointer $11:$A5CE (266-entry battle-action dispatch table consumed through the indirect jump at $8CFC-$8D0C)	A	A,P	$8E	
11	B7A2	BattleActionServices_Entry_B7A2	Pointer $11:$A5D0 (266-entry battle-action dispatch table consumed through the indirect jump at $8CFC-$8D0C)		P		
11	B7AF	BattleActionServices_Entry_B7AF	Pointer $11:$A5D8 (266-entry battle-action dispatch table consumed through the indirect jump at $8CFC-$8D0C)		P		
11	B7F8	BattleActionServices_Entry_B7F8	Pointer $11:$A610 (266-entry battle-action dispatch table consumed through the indirect jump at $8CFC-$8D0C); Pointer $11:$A612 (266-entry battle-action dispatch table consumed through the indirect jump at $8CFC-$8D0C); Pointer $11:$A614 (266-entry battle-action dispatch table consumed through the indirect jump at $8CFC-$8D0C); Pointer $11:$A616 (266-entry battle-action dispatch table consumed through the indirect jump at $8CFC-$8D0C); Pointer $11:$A618 (266-entry battle-action dispatch table consumed through the indirect jump at $8CFC-$8D0C); Pointer $11:$A61A (266-entry battle-action dispatch table consumed through the indirect jump at $8CFC-$8D0C); Pointer $11:$A61C (266-entry battle-action dispatch table consumed through the indirect jump at $8CFC-$8D0C)		P		
11	B808	BattleActionServices_Entry_B808	Direct call from $11:$9D3E	A	A,P	$00	
11	B871	BattleActionServices_Entry_B871	Direct call from $11:$88ED		P		
11	B8D4	BattleActionServices_Entry_B8D4	Direct call from $11:$B801; Direct call from $11:$B843		P		
11	B8FC	BattleActionServices_Entry_B8FC	Direct call from $11:$B8CB	A,X	A,P,X		
11	B91C	BattleActionServices_Entry_B91C	Direct call from $11:$9B5A; Direct call from $11:$9BCA; Direct call from $11:$9C55; Direct call from $11:$B046; Direct call from $11:$B651	A	A,P	$72E4	
11	B960	BattleActionServices_Entry_B960	Pointer $11:$A548 (266-entry battle-action dispatch table consumed through the indirect jump at $8CFC-$8D0C); Pointer $11:$A5CC (266-entry battle-action dispatch table consumed through the indirect jump at $8CFC-$8D0C)	A	A,P	$629B	$BF2E
11	B9C6	BattleActionServices_Entry_B9C6	Direct call from $11:$B983	A	A,P	$0F	$B9FF
11	B9F6	BattleActionServices_Entry_B9F6	Direct call from $11:$8068	A	A,P	$0F	$BA09,$BA14,$BAA1,$BAFA
11	B9FB	BattleActionServices_Entry_B9FB	Direct call from $11:$8050	A	A,P	$0F	$BA09,$BA14,$BAA1
11	B9FF	BattleActionServices_Entry_B9FF	Direct call from $11:$B9CA		P		$BA09,$BA14,$BAA1
11	BA09	BattleActionServices_Entry_BA09	Direct call from $11:$B9FF	A	A,P	$88,$89	
11	BA14	BattleActionServices_Entry_BA14	Direct call from $11:$BA02		P		$BA1B,$BA31
11	BA1B	BattleActionServices_Entry_BA1B	Direct call from $11:$BA14	Y	P,Y		$BAAB
11	BA31	BattleActionServices_Entry_BA31	Direct call from $11:$BA17	A,X	A,P,X	$01,$86	$BA47
11	BA47	BattleActionServices_Entry_BA47	Direct call from $11:$BA3E	A,X,Y	A,P,X,Y	$00,$02,$0D,$0E,$86,$87	$BAB7,$C81D,$C827
11	BAA1	BattleActionServices_Entry_BAA1	Direct call from $11:$BA05	Y	P,Y		$BAAB
11	BAAB	BattleActionServices_Entry_BAAB	Direct call from $11:$BA24; Direct call from $11:$BA2D; Direct call from $11:$BAA3	A,Y	A,P,Y		$BAB7,$BAE5
11	BAB7	BattleActionServices_Entry_BAB7	Direct call from $11:$BA93; Direct call from $11:$BAB0	A	A,P	$02,$03,$88,$89	$BAD3,$BADC
11	BAD3	BattleActionServices_Entry_BAD3	Direct call from $11:$BABD	A,Y	A,P,Y	($88),Y	
11	BADC	BattleActionServices_Entry_BADC	Direct call from $11:$BAC3	A,Y	A,P,Y	($86),Y	
11	BAE5	BattleActionServices_Entry_BAE5	Direct call from $11:$BAAD	A,X,Y	A,P,X	$02,$86,$87	
11	BAFA	BattleActionServices_Entry_BAFA	Direct call from $11:$B9F6	A,X	A,P,X	$72E5	
11	BB86	BattleActionServices_Entry_BB86	Direct call from $11:$8065	X	P,X		
11	BBA1	BattleActionServices_Entry_BBA1	Direct call from $11:$88B2		P		
11	BBDF	BattleActionServices_Entry_BBDF	Direct call from $11:$88B5		P		
11	BBED	BattleActionServices_Entry_BBED	Direct call from $11:$88BA		P		
11	BBFA	BattleActionServices_Entry_BBFA	Direct call from $11:$BBB7	A,Y	A,P		$BC12
11	BC06	BattleActionServices_Entry_BC06	Direct call from $11:$BBC8	A,Y	A,P		$BC12
11	BC12	BattleActionServices_Entry_BC12	Direct call from $11:$BBFB; Direct call from $11:$BC07		P		
11	BC5A	BattleActionServices_Entry_BC5A	Direct call from $11:$887A; Direct call from $11:$888B		P		$80C4
11	BCF1	BattleActionServices_Entry_BCF1	Direct call from $11:$88F2		P		
11	BD52	BattleActionServices_Entry_BD52	Direct call from $11:$BD11		A,P		
11	BD83	BattleActionServices_Entry_BD83	Direct call from $11:$BD14		P		
11	BDEE	BattleActionServices_Entry_BDEE	Direct call from $11:$BDE1	A,X	A,P,X	$05FC+X	
11	BDFC	BattleActionServices_Entry_BDFC	Pointer $11:$A5FE (266-entry battle-action dispatch table consumed through the indirect jump at $8CFC-$8D0C)		P		$A1A9
11	BE00	BattleActionServices_Entry_BE00	Pointer $11:$A600 (266-entry battle-action dispatch table consumed through the indirect jump at $8CFC-$8D0C)		P		
11	BEB2	BattleActionServices_Entry_BEB2	Direct call from $11:$8071	A,X,Y	A,P,X,Y	$00,$0E,$0F,$7348+X	
11	BF2E	BattleActionServices_Entry_BF2E	Direct call from $11:$8D64; Direct call from $11:$8D7D; Direct call from $11:$8E13; Direct call from $11:$8E77; Direct call from $11:$8E86; Direct call from $11:$8EB3; Direct call from $11:$8EC2; Direct call from $11:$8ECE; Direct call from $11:$8EDA; Direct call from $11:$8EEE; Direct call from $11:$8F02; Direct call from $11:$8F1F; Direct call from $11:$8F2D; Direct call from $11:$911A; Direct call from $11:$913F; Direct call from $11:$918B; Direct call from $11:$9199; Direct call from $11:$91A0; Direct call from $11:$91E1; Direct call from $11:$91E8; Direct call from $11:$97CF; Direct call from $11:$9805; Direct call from $11:$980E; Direct call from $11:$98B4; Direct call from $11:$98EF; Direct call from $11:$9B13; Direct call from $11:$9B3F; Direct call from $11:$9BB9; Direct call from $11:$9BD0; Direct call from $11:$9C02; Direct call from $11:$9C17; Direct call from $11:$A6C1; Direct call from $11:$AC97; Direct call from $11:$AE65; Direct call from $11:$AE84; Direct call from $11:$AE8B; Direct call from $11:$B040; Direct call from $11:$B1E7; Direct call from $11:$B406; Direct call from $11:$B40E; Direct call from $11:$B41C; Direct call from $11:$B497; Direct call from $11:$B713; Direct call from $11:$B884; Direct call from $11:$B974; Direct call from $11:$BD17; Direct call from $11:$BDBC	A,X,Y	A,P,X,Y	$00,$01,$0101+X,$0102+X	
11	BF55	BattleActionServices_Entry_BF55	Direct call from $11:$8E93; Direct call from $11:$8EE6; Direct call from $11:$9CA7; Direct call from $11:$A693	A	P		
11	BF5C	BattleActionServices_Entry_BF5C	Pointer $11:$8028 (25-entry code dispatch table; first target is $8032)	A	A,P	$6BDE	
12	8064	Bank12_BattleSetupServices	Pointer $12:$8000 (50-entry code dispatch table; first target is $8064)	A	A,P	$6BDE	$80B4,$810E
12	80AB	BattleSetupServices_Entry_80AB	Pointer $12:$8008 (50-entry code dispatch table; first target is $8064)	A	A,P	$72E7	
12	80B4	BattleSetupServices_Entry_80B4	Direct call from $12:$806F	A,X	A,P,X	$7274+X,$96	
12	810E	BattleSetupServices_Entry_810E	Direct call from $12:$806C	A,X	A,P,X	$7206+X	
12	811A	BattleSetupServices_Entry_811A	Direct call from $12:$809D; Direct call from $12:$86B9; Pointer $12:$8012 (50-entry code dispatch table; first target is $8064)	A,X,Y	A,P,X,Y	$00,$72E4	
12	8148	BattleSetupServices_Entry_8148	Direct call from $12:$80D2; Direct call from $12:$80DD; Direct call from $12:$80EC	A	A,P,X,Y	$00	
12	8157	BattleSetupServices_Entry_8157	Pointer $12:$8002 (50-entry code dispatch table; first target is $8064)	A,X,Y	A,P,X,Y		$8177
12	8165	BattleSetupServices_Entry_8165	Pointer $12:$8004 (50-entry code dispatch table; first target is $8064)	A,X,Y	A,P,X,Y	$00	$817D
12	8177	BattleSetupServices_Entry_8177	Direct call from $12:$815C		P		$8199,$81BD,$81DA,$826A,$82B0,$82B9,$82C3,$82E9,$85E7
12	817D	BattleSetupServices_Entry_817D	Direct call from $12:$816E		P		$81B6,$81BD,$81DA,$826A,$82B0,$82B9,$82C3,$82E9,$85E7
12	8199	BattleSetupServices_Entry_8199	Direct call from $12:$8177	A,X	A,P,X,Y	$00,$01,$010B+X,$010C+X,$8C,$8D	$C3EA
12	81B6	BattleSetupServices_Entry_81B6	Direct call from $12:$817D	A	A,P	$8C,$8D	
12	81BD	BattleSetupServices_Entry_81BD	Direct call from $12:$8180	A,X	A,P	$8A,$8B	$82FC
12	81DA	BattleSetupServices_Entry_81DA	Direct call from $12:$8183	A,Y	A,P,Y		
12	8235	BattleSetupServices_Entry_8235	Direct call from $12:$8209	A	A,P		
12	826A	BattleSetupServices_Entry_826A	Direct call from $12:$818C	A	A,P	$735F	$829F
12	829F	BattleSetupServices_Entry_829F	Direct call from $12:$8280; Direct call from $12:$8299	A	A,P,X		
12	82B0	BattleSetupServices_Entry_82B0	Direct call from $12:$818F		P,X		
12	82B9	BattleSetupServices_Entry_82B9	Direct call from $12:$8186	A	A,P		$8370
12	82C3	BattleSetupServices_Entry_82C3	Direct call from $12:$8192	A	A,P,X	$0553	
12	82E9	BattleSetupServices_Entry_82E9	Direct call from $12:$8195	A	A,P	$6E5C,$6E5D	$85CA
12	82FC	BattleSetupServices_Entry_82FC	Direct call from $12:$81CE	A	A,P	$00,$02,$03,$04	
12	8370	BattleSetupServices_Entry_8370	Direct call from $12:$82BF	A,X	A,P,X	$00,$01,$F9,$FA,$FD,$FE,$FF	$83D3,$C813
12	83D3	BattleSetupServices_Entry_83D3	Direct call from $12:$8390; Direct call from $12:$839E	A,X	A,P,X	$02,$03	
12	83E2	BattleSetupServices_Entry_83E2	Pointer $12:$8493 (Eight-entry battle-setup handler table selected by nonzero three-bit fields and dispatched at $83DF)	A	A,P,X	$02	$83E8,$842C
12	83E8	BattleSetupServices_Entry_83E8	Direct call from $12:$83E2; Pointer $12:$8497 (Eight-entry battle-setup handler table selected by nonzero three-bit fields and dispatched at $83DF)		P		
12	83EE	BattleSetupServices_Entry_83EE	Pointer $12:$8495 (Eight-entry battle-setup handler table selected by nonzero three-bit fields and dispatched at $83DF)	A	A,P,X	$02	$8405,$842C
12	8405	BattleSetupServices_Entry_8405	Direct call from $12:$83EE; Pointer $12:$8499 (Eight-entry battle-setup handler table selected by nonzero three-bit fields and dispatched at $83DF)	A,X	A,P,X	$02	
12	8424	BattleSetupServices_Entry_8424	Pointer $12:$849B (Eight-entry battle-setup handler table selected by nonzero three-bit fields and dispatched at $83DF); Pointer $12:$849F (Eight-entry battle-setup handler table selected by nonzero three-bit fields and dispatched at $83DF)		A,P		
12	8428	BattleSetupServices_Entry_8428	Pointer $12:$849D (Eight-entry battle-setup handler table selected by nonzero three-bit fields and dispatched at $83DF)		P		
12	842C	BattleSetupServices_Entry_842C	Direct call from $12:$83FC; Direct call from $12:$854D; Direct call from $12:$874D	A	A,P		
12	84B2	BattleSetupServices_Entry_84B2	Pointer $12:$8006 (50-entry code dispatch table; first target is $8064)	A	A,P		
12	8536	BattleSetupServices_Entry_8536	Direct call from $12:$8516		P		
12	85CA	BattleSetupServices_Entry_85CA	Direct call from $12:$82F8; Pointer $12:$800C (50-entry code dispatch table; first target is $8064); Pointer $12:$800E (50-entry code dispatch table; first target is $8064)	A	A,P	$02,$6E5C,$6E5D	$860D,$8637,$8644,$C8EC
12	85DF	BattleSetupServices_Entry_85DF	Pointer $12:$8048 (50-entry code dispatch table; first target is $8064)	A	A,P	$6E5C,$6E5D	$860D
12	85E7	BattleSetupServices_Entry_85E7	Direct call from $12:$8189; Direct call from $12:$8607; Direct call from $12:$8689; Pointer $12:$8026 (50-entry code dispatch table; first target is $8064)	A,X	A,P,X		$C90C
12	8607	BattleSetupServices_Entry_8607	Pointer $12:$8046 (50-entry code dispatch table; first target is $8064)	A	A,P	$6E5C,$6E5D	$85E7,$860D
12	860D	BattleSetupServices_Entry_860D	Direct call from $12:$85D1	X	A,P,X		
12	8637	BattleSetupServices_Entry_8637	Direct call from $12:$8624; Direct call from $12:$862E	X	P,X	$00,$01	$C65A
12	8644	BattleSetupServices_Entry_8644	Direct call from $12:$8627; Direct call from $12:$8631	A,X	A,P,X	$02	$8671,$C8EC,$FF74
12	8671	BattleSetupServices_Entry_8671	Direct call from $12:$8653; Direct call from $12:$865A	A	A,P	$7384	
12	8677	BattleSetupServices_Entry_8677	Pointer $12:$8032 (50-entry code dispatch table; first target is $8064)	X	A,P,X		$85E7
12	86A4	BattleSetupServices_Entry_86A4	Pointer $12:$8034 (50-entry code dispatch table; first target is $8064)	A	A,P		
12	86B6	BattleSetupServices_Entry_86B6	Pointer $12:$800A (50-entry code dispatch table; first target is $8064)		P		
12	8783	BattleSetupServices_Entry_8783	Direct call from $12:$8762		P		
12	888E	BattleSetupServices_Entry_888E	Direct call from $12:$87E7		P		
12	889C	BattleSetupServices_Entry_889C	Direct call from $12:$87C7; Direct call from $12:$87DB		P,X		
12	88B0	BattleSetupServices_Entry_88B0	Pointer $12:$8056 (50-entry code dispatch table; first target is $8064)	A,X	A,P,X	$0553	$892B,$C8EC
12	892B	BattleSetupServices_Entry_892B	Direct call from $12:$88C4; Direct call from $12:$8903; Direct call from $12:$8915	A	A,P	$72E7	
12	8936	BattleSetupServices_Entry_8936	Pointer $12:$8036 (50-entry code dispatch table; first target is $8064)	A,X	A,P,X	$0508,$1F,$29,$7600	$8990,$89C0,$89E9,$8A02,$8A0A,$8A1A,$8A22
12	895C	BattleSetupServices_Entry_895C	Pointer $12:$8038 (50-entry code dispatch table; first target is $8064)	A	A,P,X	$0508,$1F,$29	$8990,$89E9,$8A02,$8A0A,$8A1A,$8A22
12	8990	BattleSetupServices_Entry_8990	Direct call from $12:$8943; Direct call from $12:$8969	A,X	A,P,X	$00,$01,$0203+X,$0508,$7600+X	$C827,$C851
12	89C0	BattleSetupServices_Entry_89C0	Direct call from $12:$8946	A	A,P	$16	$C5DE
12	89E9	BattleSetupServices_Entry_89E9	Direct call from $12:$896C	A	A,P	$16	$C5DE
12	8A02	BattleSetupServices_Entry_8A02	Direct call from $12:$893C; Direct call from $12:$8962; Pointer $12:$803C (50-entry code dispatch table; first target is $8064)	A	A,P	$0500	
12	8A0A	BattleSetupServices_Entry_8A0A	Direct call from $12:$8982; Pointer $12:$803E (50-entry code dispatch table; first target is $8064)	A	A,P	$0500,$0505	
12	8A1A	BattleSetupServices_Entry_8A1A	Direct call from $12:$897A	A	P	$16	$C5DE
12	8A22	BattleSetupServices_Entry_8A22	Direct call from $12:$8949; Direct call from $12:$896F	A,X	A,P,X	$0203+X,$0508	
12	8AC1	BattleSetupServices_Entry_8AC1	Pointer $12:$8491 (Eight-entry battle-setup handler table selected by nonzero three-bit fields and dispatched at $83DF)	A,X	A,P		
12	8EAD	InitializeChapterSaveState	Pointer $12:$802E (50-entry code dispatch table; first target is $8064)	A,X,Y	A,P,X,Y	($79),Y,$00,$01,$02,$03,$04,$05,$06,$07,$07C6,$07C7,$07C8,$08,$09,$6001+X,$6002+X,$6003+X,$610E+X,$6157,$6158,$6159,$615A,$615B,$6165+Y,$616A,$616A+Y,$618E,$62E7,$62E8,$62E9,$72,$77,$79,$7A	$C81D,$C827
12	90EC	BattleSetupServices_Entry_90EC	Pointer $12:$805A (50-entry code dispatch table; first target is $8064)	A	A,P		
12	91DD	BattleSetupServices_Entry_91DD	Direct call from $12:$8854	A	A,P,X		
12	92AD	BattleSetupServices_Entry_92AD	Pointer $12:$802A (50-entry code dispatch table; first target is $8064)		P		
12	92EF	BattleSetupServices_Entry_92EF	Pointer $12:$802C (50-entry code dispatch table; first target is $8064)	A,X	A,P,X		
12	930C	BattleSetupServices_Entry_930C	Pointer $12:$8028 (50-entry code dispatch table; first target is $8064)		P		
12	9461	BattleSetupServices_Entry_9461	Direct call from $12:$945B	A	A,P,X	$F9	$953E
12	9507	BattleSetupServices_Entry_9507	Direct call from $12:$94FB	A,X	A,P	$F9,$FB	$953E
12	952A	BattleSetupServices_Entry_952A	Direct call from $12:$9404; Direct call from $12:$9445; Direct call from $12:$94F6	A	A,P,X,Y		
12	953E	BattleSetupServices_Entry_953E	Direct call from $12:$9461; Direct call from $12:$9507	A	A,P	$6E	
12	955E	BattleSetupServices_Entry_955E	Direct call from $12:$9379		P		
12	9619	BattleSetupServices_Entry_9619	Direct call from $12:$9656	A	A,P	$6F	
12	963D	BattleSetupServices_Entry_963D	Direct call from $12:$965E		A,P,X		
12	964F	BattleSetupServices_Entry_964F	Direct call from $12:$95E6	A	A,P		$9619,$963D,$9662
12	9662	BattleSetupServices_Entry_9662	Direct call from $12:$965B	A,X	A,P,X	$00,$01,$6F	
12	974A	BattleSetupServices_Entry_974A	Direct call from $12:$9382		A,P,X		
12	9767	BattleSetupServices_Entry_9767	Direct call from $12:$93D9; Direct call from $12:$9760		P		
12	9774	BattleSetupServices_Entry_9774	Direct call from $12:$9788	A	A,P,X,Y	$23,$24	$C3CE,$C3EA
12	9788	BattleSetupServices_Entry_9788	Direct call from $12:$95C4	A,X	P,X		$9774
12	97A9	BattleSetupServices_Entry_97A9	Direct ROM analysis: Coherent battle setup routine block immediately after RTS $97A8 and before service entry $9BFD; Direct call from $12:$B3A2		P		$D1F3
12	97BC	BattleSetupServices_Entry_97BC	Direct call from $12:$97B2	A,X,Y	A,P,X	$0200+Y,$0203+Y,$05,$06,$07,$08	$982F,$985A,$9887,$98AD,$98F6,$991A,$993E,$C5BF,$C5C5,$C626,$C78C,$C90C,$FF74
12	982F	BattleSetupServices_Entry_982F	Direct call from $12:$981B; Direct call from $12:$988F	A	A,P	$00,$01	$C727
12	985A	BattleSetupServices_Entry_985A	Direct call from $12:$97CA	A,X	A,P,X	$0602+X	$C5B9,$FF74
12	986B	BattleSetupServices_Entry_986B	Direct ROM analysis: Coherent nested countdown routine ending at RTS $9886 before the existing entry at $9887	X	A,P,X	$00,$01	$C626,$C727,$FF74
12	9887	BattleSetupServices_Entry_9887	Direct call from $12:$97CD	A,X	A,P,X	$05,$06	$982F,$993E,$9B1C,$9B26,$C626
12	98AD	BattleSetupServices_Entry_98AD	Direct call from $12:$9801	A,Y	A,P,X,Y	$05,$0A	$98F6,$993E,$C626,$FF74
12	98F6	BattleSetupServices_Entry_98F6	Direct call from $12:$97D2; Direct call from $12:$98C7	A,X,Y	A,P,X,Y	$0602,$0606+Y	$C5B9,$C90C
12	991A	BattleSetupServices_Entry_991A	Direct call from $12:$97EA	A,Y	A,P,Y	$05FC+Y	
12	993E	BattleSetupServices_Entry_993E	Direct call from $12:$97F6; Direct call from $12:$980C; Direct call from $12:$989E; Direct call from $12:$98B9	A,X,Y	A,P,X,Y	$00,$01,$02,$03,$04,$09	$C626,$C727,$FF74
12	9AF7	BattleSetupServices_Entry_9AF7	Direct call from $12:$97AF	X	A,P,X	$02	$9B1C,$9B41,$9B88,$9BB3,$FF74
12	9B1C	BattleSetupServices_Entry_9B1C	Direct call from $12:$98A6; Direct call from $12:$9B0C	X	P	$0A	$9B26
12	9B26	BattleSetupServices_Entry_9B26	Direct call from $12:$9895; Direct call from $12:$9B1E	A,X,Y	A,P,X	$0201+X,$0F	$C78C,$FF74
12	9B41	BattleSetupServices_Entry_9B41	Direct call from $12:$9AF7	A,X,Y	A,P,X,Y	$00,$01,$02,$03,$0F	
12	9B88	BattleSetupServices_Entry_9B88	Direct call from $12:$9AFA	A,X,Y	A,P,X,Y	$0200+Y,$0201+Y,$0202+Y,$0203+Y,$0E	$C78C,$D864
12	9BB3	BattleSetupServices_Entry_9BB3	Direct call from $12:$9B04	A,X,Y	A,P,X	$0200+Y,$0203+Y	$C78C
12	9BFD	BattleSetupServices_Entry_9BFD	Pointer $12:$8044 (50-entry code dispatch table; first target is $8064)		P		
12	9C22	BattleSetupServices_Entry_9C22	Pointer $12:$801E (50-entry code dispatch table; first target is $8064)		P		
12	9C72	BattleSetupServices_Entry_9C72	Pointer $12:$8010 (50-entry code dispatch table; first target is $8064)	A	A,P	$6E03	$9D29
12	9D29	BattleSetupServices_Entry_9D29	Direct call from $12:$9C7C; Pointer $12:$8020 (50-entry code dispatch table; first target is $8064)	A,X	A,P,X	$09	$9D41
12	9D41	BattleSetupServices_Entry_9D41	Direct call from $12:$9C17; Direct call from $12:$9D38		P		
12	9D6D	BattleSetupServices_Entry_9D6D	Direct ROM analysis: Coherent BRK-based battle setup routine after RTS $9D6C with a local call to $9D7A		P		
12	9D7A	BattleSetupServices_Entry_9D7A	Direct call from $12:$9D76	A	A,P		$9D83,$9DA6,$9E86,$9F33,$9F4C
12	9D83	BattleSetupServices_Entry_9D83	Direct call from $12:$9D7A		P		
12	9DA6	BattleSetupServices_Entry_9DA6	Direct call from $12:$9D7D	A,X	A,P,X	$0B,$6E3D,$6E3E	$9F7C
12	9E40	BattleSetupServices_Entry_9E40	Direct call from $12:$9D8C; Direct call from $12:$9E2C	A,X	A,P,X	$FE,$FF	
12	9E86	BattleSetupServices_Entry_9E86	Direct call from $12:$9E82	A,Y	A,P,Y	$6F,$70,$7B,$8A,$8B,$8C,$8D	
12	9F33	BattleSetupServices_Entry_9F33	Direct call from $12:$9E7F	A,X	A,P,X	$00,$01,$02,$03	
12	9F4C	BattleSetupServices_Entry_9F4C	Direct call from $12:$9E7C	A	A,P	$0B,$6DFF	$9F7C
12	9F7C	BattleSetupServices_Entry_9F7C	Direct call from $12:$9D54; Direct call from $12:$9DBE; Direct call from $12:$9F55	A,X,Y	A,P,X,Y	$00,$00+X,$01,$04,$05,$06,$07,$0B,$0E,$6E3A,$6E3B	$9F82,$9F9C,$A038,$A07D,$A0DF
12	9F82	BattleSetupServices_Entry_9F82	Direct call from $12:$9F8D	A,X,Y	A,P,X,Y	$00,$00+X,$04,$05,$06,$07,$0E,$6E3A,$6E3B	$9F9C,$A038,$A07D,$A0DF
12	9F9C	BattleSetupServices_Entry_9F9C	Direct call from $12:$9F82	A,X	A,P,X	$0C,$0D	$A06E
12	A038	BattleSetupServices_Entry_A038	Direct call from $12:$9FB9	A,Y	A,P,X,Y	$6E39,$6E3A,$7B	
12	A06E	BattleSetupServices_Entry_A06E	Direct call from $12:$9FAA	A	A,P,X	$0F	
12	A07D	BattleSetupServices_Entry_A07D	Direct call from $12:$A024	A,X,Y	A,P,Y	$00+X,$01+X,$02+X,$0F,$8A,$8B,$8C,$8D	
12	A0DF	BattleSetupServices_Entry_A0DF	Direct call from $12:$A029	A,X,Y	A,P	$0000+Y,$0001+Y,$0002+Y	
12	A304	BattleSetupServices_Entry_A304	Pointer $12:$805C (50-entry code dispatch table; first target is $8064)	A	A,P	$1F	$A475
12	A3A0	BattleSetupServices_Entry_A3A0	Direct call from $12:$A329	A,X	A,P,X	$0200+X,$0509,$7600+X,$7601+X	$A3DD,$A410
12	A3DD	BattleSetupServices_Entry_A3DD	Direct call from $12:$A3A6	A	A,P	$00,$01,$0505,$0509	
12	A410	BattleSetupServices_Entry_A410	Direct call from $12:$A3A0; Direct call from $12:$A42B	A	A,P,X	$00,$01	$C827,$C851
12	A42B	BattleSetupServices_Entry_A42B	Direct call from $12:$A376	A,X	A,P,X	$00,$0200+X,$0505,$0509,$7600+X,$7601+X	$A410
12	A475	BattleSetupServices_Entry_A475	Direct call from $12:$A30A	A,X	A,P,X	$7600+X,$7601+X	
12	A489	BattleSetupServices_Entry_A489	Direct call from $12:$A346	A,X	A,P,X	$05FC	$C5B9,$C90C
12	A4A5	BattleSetupServices_Entry_A4A5	Pointer $12:$8024 (50-entry code dispatch table; first target is $8064)	A,Y	A,P,Y	$00,$01	
12	A4B4	BattleSetupServices_Entry_A4B4	Direct call from $12:$A4C5; Direct call from $12:$A4DA; Pointer $12:$A541 (Nine-entry setup operation handler table selected by doubled operation index at $A4A5-$A4B1)		P		$A520,$A525,$A52A
12	A4C0	BattleSetupServices_Entry_A4C0	Direct call from $12:$A4E7; Pointer $12:$A543 (Nine-entry setup operation handler table selected by doubled operation index at $A4A5-$A4B1)		P		$A4B4,$A52F
12	A4C9	BattleSetupServices_Entry_A4C9	Direct call from $12:$A4F4; Pointer $12:$A545 (Nine-entry setup operation handler table selected by doubled operation index at $A4A5-$A4B1)		P		$A525
12	A4CC	BattleSetupServices_Entry_A4CC	Direct call from $12:$A501; Pointer $12:$A547 (Nine-entry setup operation handler table selected by doubled operation index at $A4A5-$A4B1)		P		$A52F,$A53A
12	A4D5	BattleSetupServices_Entry_A4D5	Pointer $12:$A549 (Nine-entry setup operation handler table selected by doubled operation index at $A4A5-$A4B1)	X,Y	P,X,Y		$A4B4,$A51B
12	A4E2	BattleSetupServices_Entry_A4E2	Pointer $12:$A54B (Nine-entry setup operation handler table selected by doubled operation index at $A4A5-$A4B1)	X,Y	P,X,Y		$A4C0,$A51B
12	A4EF	BattleSetupServices_Entry_A4EF	Pointer $12:$A54D (Nine-entry setup operation handler table selected by doubled operation index at $A4A5-$A4B1)	X,Y	P,X,Y		$A4C9,$A51B
12	A4FC	BattleSetupServices_Entry_A4FC	Pointer $12:$A54F (Nine-entry setup operation handler table selected by doubled operation index at $A4A5-$A4B1)	X,Y	P,X,Y		$A4CC,$A51B
12	A509	BattleSetupServices_Entry_A509	Pointer $12:$A551 (Nine-entry setup operation handler table selected by doubled operation index at $A4A5-$A4B1)	X,Y	P,X,Y		$A51B,$A52A,$A52F
12	A51B	BattleSetupServices_Entry_A51B	Direct call from $12:$A4D5; Direct call from $12:$A4E2; Direct call from $12:$A4EF; Direct call from $12:$A4FC; Direct call from $12:$A509		P		
12	A520	BattleSetupServices_Entry_A520	Direct call from $12:$A4B4		P		
12	A525	BattleSetupServices_Entry_A525	Direct call from $12:$A4BA		P		
12	A52A	BattleSetupServices_Entry_A52A	Direct call from $12:$A4B7; Direct call from $12:$A513		P		
12	A52F	BattleSetupServices_Entry_A52F	Direct call from $12:$A4C0; Direct call from $12:$A4CC; Direct call from $12:$A50E		P		
12	A53A	BattleSetupServices_Entry_A53A	Direct call from $12:$A4D1		P		
12	A553	BattleSetupServices_Entry_A553	Pointer $12:$8016 (50-entry code dispatch table; first target is $8064)		P		
12	A5B2	BattleSetupServices_Entry_A5B2	Direct call from $12:$A568; Direct call from $12:$A78F; Direct call from $12:$A7D4; Direct call from $12:$A7E6; Direct call from $12:$A807; Direct call from $12:$A8BA; Direct call from $12:$A8D3; Direct call from $12:$A8F1	A	P,X		
12	A5B7	BattleSetupServices_Entry_A5B7	Direct call from $12:$A560	A	P,X		
12	A5DA	BattleSetupServices_Entry_A5DA	Direct call from $12:$A57E		P,X		
12	A5E4	BattleSetupServices_Entry_A5E4	Direct call from $12:$A581		A,P		
12	A5FE	BattleSetupServices_Entry_A5FE	Direct call from $12:$A586		A,P		
12	A61A	BattleSetupServices_Entry_A61A	Direct call from $12:$A6A0; Direct call from $12:$A95B		P		
12	A61E	BattleSetupServices_Entry_A61E	Direct call from $12:$A58B	A,X	A,P,X	$00,$01	$A957
12	A646	BattleSetupServices_Entry_A646	Pointer $12:$A9ED (Sixteen-entry battle setup event handler table selected through parallel IDs $AA0D-$AA1C and dispatched at $A643)	A,X,Y	A,P,X,Y	$0554+X	$A93B
12	A690	BattleSetupServices_Entry_A690	Pointer $12:$A9EF (Sixteen-entry battle setup event handler table selected through parallel IDs $AA0D-$AA1C and dispatched at $A643)		P		
12	A6E8	BattleSetupServices_Entry_A6E8	Pointer $12:$A9F1 (Sixteen-entry battle setup event handler table selected through parallel IDs $AA0D-$AA1C and dispatched at $A643)	A	A,P	$6E41	$A93B
12	A6F2	BattleSetupServices_Entry_A6F2	Pointer $12:$A9F3 (Sixteen-entry battle setup event handler table selected through parallel IDs $AA0D-$AA1C and dispatched at $A643)		P		$A93B
12	A714	BattleSetupServices_Entry_A714	Pointer $12:$A9F5 (Sixteen-entry battle setup event handler table selected through parallel IDs $AA0D-$AA1C and dispatched at $A643); Pointer $12:$AA0B (Sixteen-entry battle setup event handler table selected through parallel IDs $AA0D-$AA1C and dispatched at $A643)	A	A,P	$627F	$A93B
12	A721	BattleSetupServices_Entry_A721	Direct call from $12:$A75D; Direct call from $12:$B436	A	A,P		
12	A755	BattleSetupServices_Entry_A755	Pointer $12:$A9F7 (Sixteen-entry battle setup event handler table selected through parallel IDs $AA0D-$AA1C and dispatched at $A643)	A	A,P		$A721,$A93B,$A974
12	A773	BattleSetupServices_Entry_A773	Direct call from $12:$B453		P		
12	A783	BattleSetupServices_Entry_A783	Pointer $12:$A9F9 (Sixteen-entry battle setup event handler table selected through parallel IDs $AA0D-$AA1C and dispatched at $A643)		P		$A93B
12	A78C	BattleSetupServices_Entry_A78C	Pointer $12:$A9FB (Sixteen-entry battle setup event handler table selected through parallel IDs $AA0D-$AA1C and dispatched at $A643)	A,Y	P,Y		$A5B2,$A93B,$A94A,$A950
12	A7D1	BattleSetupServices_Entry_A7D1	Pointer $12:$A9FD (Sixteen-entry battle setup event handler table selected through parallel IDs $AA0D-$AA1C and dispatched at $A643)	A,Y	P,Y		$A5B2,$A93B,$A94A,$A950
12	A7E3	BattleSetupServices_Entry_A7E3	Pointer $12:$A9FF (Sixteen-entry battle setup event handler table selected through parallel IDs $AA0D-$AA1C and dispatched at $A643)	A	P,X		$A5B2,$A93B
12	A7F9	BattleSetupServices_Entry_A7F9	Pointer $12:$AA01 (Sixteen-entry battle setup event handler table selected through parallel IDs $AA0D-$AA1C and dispatched at $A643)		P		$A93B
12	A852	BattleSetupServices_Entry_A852	Direct call from $12:$A670		P		
12	A858	BattleSetupServices_Entry_A858	Pointer $12:$AA03 (Sixteen-entry battle setup event handler table selected through parallel IDs $AA0D-$AA1C and dispatched at $A643)		P		$A93B
12	A8B7	BattleSetupServices_Entry_A8B7	Pointer $12:$AA05 (Sixteen-entry battle setup event handler table selected through parallel IDs $AA0D-$AA1C and dispatched at $A643)	A,X	P,X	$F9	$A5B2,$A93B
12	A8D0	BattleSetupServices_Entry_A8D0	Pointer $12:$AA07 (Sixteen-entry battle setup event handler table selected through parallel IDs $AA0D-$AA1C and dispatched at $A643)	A,X	A,P,X	$F9	$A5B2,$A93B,$C891
12	A8EE	BattleSetupServices_Entry_A8EE	Pointer $12:$AA09 (Sixteen-entry battle setup event handler table selected through parallel IDs $AA0D-$AA1C and dispatched at $A643)	A,X	A,P,X	$F9	$A5B2,$A93B
12	A93B	BattleSetupServices_Entry_A93B	Direct call from $12:$A646; Direct call from $12:$A699; Direct call from $12:$A6E8; Direct call from $12:$A6F2; Direct call from $12:$A714; Direct call from $12:$A755; Direct call from $12:$A783; Direct call from $12:$A78C; Direct call from $12:$A7D1; Direct call from $12:$A7E3; Direct call from $12:$A7F9; Direct call from $12:$A858; Direct call from $12:$A8B7; Direct call from $12:$A8D0; Direct call from $12:$A8EE	A	A,P		
12	A94A	BattleSetupServices_Entry_A94A	Direct call from $12:$A79A; Direct call from $12:$A7DB; Direct call from $12:$A80E		P,X		
12	A950	BattleSetupServices_Entry_A950	Direct call from $12:$A79F; Direct call from $12:$A7A4; Direct call from $12:$A813; Direct call from $12:$A818		A,P,X		
12	A957	BattleSetupServices_Entry_A957	Direct call from $12:$A625		P		
12	A974	BattleSetupServices_Entry_A974	Direct call from $12:$A6B9; Direct call from $12:$A758; Direct call from $12:$AFBA; Direct call from $12:$B431	A	P		
12	AA1D	BattleSetupServices_Entry_AA1D	Pointer $12:$801A (50-entry code dispatch table; first target is $8064)	A	A,P	$6BDE	$AA41,$AA5B,$C54E,$C58F,$C5BF
12	AA41	BattleSetupServices_Entry_AA41	Direct call from $12:$AA2B	A,X,Y	A,P,X,Y	($00),Y,$6BD9+X,$8A	$AC01,$AC73,$AC8C,$AD03,$AD15,$AD3F
12	AA5B	BattleSetupServices_Entry_AA5B	Direct call from $12:$AA2E; Direct call from $12:$ABE5; Direct call from $12:$ABFD	A	A,P	$6BDB,$8A	$AA7F,$AA85,$ACBD
12	AA7F	BattleSetupServices_Entry_AA7F	Direct call from $12:$AA66; Direct call from $12:$AA71	A,X	P,X	$6BEC+X	
12	AA85	BattleSetupServices_Entry_AA85	Direct call from $12:$AA77		P		$AC05
12	AAB7	BattleSetupServices_Entry_AAB7	Direct call from $12:$AA38	A,X	A,P,X	$00,$01	
12	AAD4	BattleSetupServices_Entry_AAD4	Pointer $12:$AACA (Five-entry battle setup handler table selected by values below five and dispatched at $AAB7-$AAC7)		P		$AAF0,$AC22
12	AAF0	BattleSetupServices_Entry_AAF0	Direct call from $12:$AAD4; Direct call from $12:$AB10; Direct call from $12:$ABC1; Direct call from $12:$ABE9		P		
12	AAF9	BattleSetupServices_Entry_AAF9	Direct call from $12:$AB36; Direct call from $12:$ABC9	A	A,P		
12	AB10	BattleSetupServices_Entry_AB10	Pointer $12:$AACC (Five-entry battle setup handler table selected by values below five and dispatched at $AAB7-$AAC7)	A	P,X		$AAF0
12	AB1E	BattleSetupServices_Entry_AB1E	Direct call from $12:$AB91	A,Y	A,P,X,Y	($00),Y	$ACDF,$AD15,$C81D
12	AB36	BattleSetupServices_Entry_AB36	Pointer $12:$AACE (Five-entry battle setup handler table selected by values below five and dispatched at $AAB7-$AAC7)	A,Y	A,P,Y	($00),Y	$AAF9,$AD03,$AD15,$AD3F
12	ABC1	BattleSetupServices_Entry_ABC1	Pointer $12:$AAD0 (Five-entry battle setup handler table selected by values below five and dispatched at $AAB7-$AAC7)	A,Y	A,P,Y	($04),Y,$04,$05	$AA5B,$AAF0,$AAF9,$AD03,$AD15,$AD1A,$AD3F
12	ABE9	BattleSetupServices_Entry_ABE9	Pointer $12:$AAD2 (Five-entry battle setup handler table selected by values below five and dispatched at $AAB7-$AAC7)		P,X		$AAF0
12	AC01	BattleSetupServices_Entry_AC01	Direct call from $12:$AA4D; Direct call from $12:$AA52	A,X,Y	A,P,X,Y	($00),Y,$6BD9+X	$AD03,$AD15,$AD3F
12	AC05	BattleSetupServices_Entry_AC05	Direct call from $12:$AA85	A,X,Y	A,P,X,Y	($00),Y,$6BD9+X	$AD03,$AD15,$AD3F
12	AC09	BattleSetupServices_Entry_AC09	Direct call from $12:$ABFA	A,X,Y	A,P,X,Y	($00),Y,$6BD9+X	$AD03,$AD15,$AD3F
12	AC22	BattleSetupServices_Entry_AC22	Direct call from $12:$AAD9; Direct call from $12:$AB9C	A,Y	A,P,X,Y	($04),Y,$04,$05,$6BDC	$AD03,$AD15,$AD34,$C813
12	AC39	BattleSetupServices_Entry_AC39	Direct call from $12:$AC6C	A,Y	A,P,Y	($04),Y,$04,$05,$6BDC	$AD03,$AD34
12	AC53	BattleSetupServices_Entry_AC53	Direct call from $12:$ABB8; Pointer $12:$801C (50-entry code dispatch table; first target is $8064)	A	A,P,X	$00,$01,$8A	$AC39,$ACDF,$AD1A,$C813
12	AC73	BattleSetupServices_Entry_AC73	Direct call from $12:$AA41	A,X	A,P,X		$AC8C
12	AC8C	BattleSetupServices_Entry_AC8C	Direct call from $12:$AA46; Direct call from $12:$AC85	A,X	A,P,X	$6BBF+X,$6BCC+X	
12	AC9B	BattleSetupServices_Entry_AC9B	Direct call from $12:$ACC2; Direct call from $12:$ACDF	A,Y	A,P,X,Y	$12,$13,$16	$AD03,$AD15,$AD34,$C813,$C8AD
12	ACBD	BattleSetupServices_Entry_ACBD	Direct call from $12:$AA69	A,Y	A,P,Y		$AC9B,$ACF1,$AD15
12	ACDF	BattleSetupServices_Entry_ACDF	Direct call from $12:$AB32; Direct call from $12:$AB94; Direct call from $12:$AC6F	A,Y	A,P,Y	($00),Y	$AC9B,$AD15
12	ACF1	BattleSetupServices_Entry_ACF1	Direct call from $12:$ACBD	A,Y	A,P,Y		$AD15
12	AD03	BattleSetupServices_Entry_AD03	Direct call from $12:$AB46; Direct call from $12:$ABE0; Direct call from $12:$AC1C; Direct call from $12:$AC48; Direct call from $12:$ACB7	A	A,P,X	$00,$01	$C7FB
12	AD15	BattleSetupServices_Entry_AD15	Direct call from $12:$AB1F; Direct call from $12:$AB3E; Direct call from $12:$AB4F; Direct call from $12:$AB74; Direct call from $12:$ABC6; Direct call from $12:$AC10; Direct call from $12:$AC22; Direct call from $12:$AC9B; Direct call from $12:$ACC5; Direct call from $12:$ACE2; Direct call from $12:$ACF1	A,X	A,P,X,Y	$00+X,$01+X	$C827
12	AD1A	BattleSetupServices_Entry_AD1A	Direct call from $12:$ABCE; Direct call from $12:$AC58	A,X	A,P,X,Y	$00+X,$01+X	$C827
12	AD34	BattleSetupServices_Entry_AD34	Direct call from $12:$AC2F; Direct call from $12:$AC39; Direct call from $12:$ACA5	A	A,P	$02,$03	
12	AD3F	BattleSetupServices_Entry_AD3F	Direct call from $12:$AB3B; Direct call from $12:$ABD1; Direct call from $12:$AC13	A	A,P	$02,$03	
12	AD4A	BattleSetupServices_Entry_AD4A	Direct call from $12:$AA3B	A,X	A,P,X	$0480+X,$04F2,$04F3,$8B	
12	AD8C	BattleSetupServices_Entry_AD8C	Pointer $12:$8022 (50-entry code dispatch table; first target is $8064)	A,X	A,P,X	$00	
12	AE05	BattleSetupServices_Entry_AE05	Pointer $12:$8014 (50-entry code dispatch table; first target is $8064)	A	P	$00	
12	AE0D	BattleSetupServices_Entry_AE0D	Pointer $12:$804C (50-entry code dispatch table; first target is $8064)	A	P	$00	
12	AE0F	BattleSetupServices_Entry_AE0F	Direct call from $12:$AD9A; Direct call from $12:$ADE3		P		
12	AE23	BattleSetupServices_Entry_AE23	Direct call from $12:$ADA6	X	A,P,X	$6E	
12	AF04	BattleSetupServices_Entry_AF04	Direct call from $12:$AE8B	A	A,P	$6F	$B526
12	AF0F	BattleSetupServices_Entry_AF0F	Direct call from $12:$AE86	A,X	A,P,X	$00,$01,$6DF9	
12	AF30	BattleSetupServices_Entry_AF30	Pointer $12:$B6A8 (33-entry map-transition handler table selected through the parallel terminated ID list at $B6BC and dispatched at $AF0F-$AF2D)		A,P		$AF5A,$B533,$B569,$B56D,$B571,$B5EF,$C8E1
12	AF36	BattleSetupServices_Entry_AF36	Pointer $12:$B67A (33-entry map-transition handler table selected through the parallel terminated ID list at $B6BC and dispatched at $AF0F-$AF2D)		A,P		$AF5A,$B533,$B569,$B56D,$B571,$B5EF,$C8E1
12	AF5A	BattleSetupServices_Entry_AF5A	Direct call from $12:$AF43; Direct call from $12:$AF7D	A	A,P	$6F,$70	$B521,$B52C
12	AF73	BattleSetupServices_Entry_AF73	Pointer $12:$8052 (50-entry code dispatch table; first target is $8064)	A,X	A,P,X	$6279,$627A,$6F	$AF5A
12	AF89	BattleSetupServices_Entry_AF89	Pointer $12:$B67C (33-entry map-transition handler table selected through the parallel terminated ID list at $B6BC and dispatched at $AF0F-$AF2D)	A	A,P	$6F	$B52C,$B569,$B56D,$B571,$B5EF,$C8E1
12	AFA0	BattleSetupServices_Entry_AFA0	Pointer $12:$B67E (33-entry map-transition handler table selected through the parallel terminated ID list at $B6BC and dispatched at $AF0F-$AF2D)		P,X		
12	AFF9	BattleSetupServices_Entry_AFF9	Pointer $12:$B680 (33-entry map-transition handler table selected through the parallel terminated ID list at $B6BC and dispatched at $AF0F-$AF2D)	A	A,P	$FD	$B021,$B52C,$B56D,$B571,$B5EF,$C8E1
12	AFFD	BattleSetupServices_Entry_AFFD	Pointer $12:$B682 (33-entry map-transition handler table selected through the parallel terminated ID list at $B6BC and dispatched at $AF0F-$AF2D)	A	A,P	$FD	$B021,$B52C,$B56D,$B571,$B5EF,$C8E1
12	B001	BattleSetupServices_Entry_B001	Pointer $12:$B684 (33-entry map-transition handler table selected through the parallel terminated ID list at $B6BC and dispatched at $AF0F-$AF2D)	A	A,P	$FD	$B021,$B52C,$B56D,$B571,$B5EF,$C8E1
12	B021	BattleSetupServices_Entry_B021	Direct call from $12:$B007	A	A,P	$6F,$70,$FE,$FF	$B521
12	B033	BattleSetupServices_Entry_B033	Pointer $12:$B686 (33-entry map-transition handler table selected through the parallel terminated ID list at $B6BC and dispatched at $AF0F-$AF2D)	A	A,P	$6F,$70,$FD,$FE,$FF	$B521,$B52C,$B56D,$B571,$B5EF,$C8E1
12	B061	BattleSetupServices_Entry_B061	Pointer $12:$B688 (33-entry map-transition handler table selected through the parallel terminated ID list at $B6BC and dispatched at $AF0F-$AF2D)	A	A,P	$6F,$FD,$FE,$FF	$B521,$B52C,$B56D,$B571,$B5EF,$C8E1
12	B074	BattleSetupServices_Entry_B074	Pointer $12:$B68A (33-entry map-transition handler table selected through the parallel terminated ID list at $B6BC and dispatched at $AF0F-$AF2D)	A	A,P	$6F	$B52C,$B56D,$B571,$B5EF
12	B094	BattleSetupServices_Entry_B094	Pointer $12:$B68C (33-entry map-transition handler table selected through the parallel terminated ID list at $B6BC and dispatched at $AF0F-$AF2D)	A	A,P	$6F,$70,$FD,$FE,$FF	$B521,$B52C,$B569,$B56D,$B571,$C8E1
12	B0CD	BattleSetupServices_Entry_B0CD	Pointer $12:$B68E (33-entry map-transition handler table selected through the parallel terminated ID list at $B6BC and dispatched at $AF0F-$AF2D)	A	A,P,X	$6F,$70,$FD,$FE,$FF	$B521,$B52C,$B533,$B565,$B569,$B56D,$B571,$B5EF,$C8E1
12	B107	BattleSetupServices_Entry_B107	Pointer $12:$B690 (33-entry map-transition handler table selected through the parallel terminated ID list at $B6BC and dispatched at $AF0F-$AF2D)	A	A,P	$6F	$B52C,$B569,$B56D,$B571,$B5EF,$C8E1
12	B14A	BattleSetupServices_Entry_B14A	Pointer $12:$B692 (33-entry map-transition handler table selected through the parallel terminated ID list at $B6BC and dispatched at $AF0F-$AF2D)	A	A,P	$0539	$B56D,$B571,$B5EF
12	B17B	BattleSetupServices_Entry_B17B	Pointer $12:$B694 (33-entry map-transition handler table selected through the parallel terminated ID list at $B6BC and dispatched at $AF0F-$AF2D)		P		$B571,$B5EF
12	B19B	BattleSetupServices_Entry_B19B	Pointer $12:$B6A4 (33-entry map-transition handler table selected through the parallel terminated ID list at $B6BC and dispatched at $AF0F-$AF2D)		P		$B571
12	B1F6	BattleSetupServices_Entry_B1F6	Pointer $12:$B6A6 (33-entry map-transition handler table selected through the parallel terminated ID list at $B6BC and dispatched at $AF0F-$AF2D)	A	A,P	$6E41	$B571,$C8E1
12	B201	BattleSetupServices_Entry_B201	Pointer $12:$B696 (33-entry map-transition handler table selected through the parallel terminated ID list at $B6BC and dispatched at $AF0F-$AF2D)	A	A,P	$6283	$B569,$B56D,$B571,$B5EF,$C8E1
12	B270	BattleSetupServices_Entry_B270	Pointer $12:$B6B6 (33-entry map-transition handler table selected through the parallel terminated ID list at $B6BC and dispatched at $AF0F-$AF2D); Pointer $12:$B6B8 (33-entry map-transition handler table selected through the parallel terminated ID list at $B6BC and dispatched at $AF0F-$AF2D); Pointer $12:$B6BA (33-entry map-transition handler table selected through the parallel terminated ID list at $B6BC and dispatched at $AF0F-$AF2D)		P		
12	B29F	BattleSetupServices_Entry_B29F	Pointer $12:$B6A2 (33-entry map-transition handler table selected through the parallel terminated ID list at $B6BC and dispatched at $AF0F-$AF2D)		P		$B571,$B5EF
12	B2AA	BattleSetupServices_Entry_B2AA	Pointer $12:$B69E (33-entry map-transition handler table selected through the parallel terminated ID list at $B6BC and dispatched at $AF0F-$AF2D)	A	A,P,X	$F9	
12	B2FF	BattleSetupServices_Entry_B2FF	Pointer $12:$B698 (33-entry map-transition handler table selected through the parallel terminated ID list at $B6BC and dispatched at $AF0F-$AF2D)	A	A,P	$6283	$B569,$B56D,$B571,$C8E1
12	B32E	BattleSetupServices_Entry_B32E	Pointer $12:$B69A (33-entry map-transition handler table selected through the parallel terminated ID list at $B6BC and dispatched at $AF0F-$AF2D)	A	A,P,X		$B569,$B56D,$B571,$C8E1
12	B368	BattleSetupServices_Entry_B368	Pointer $12:$B69C (33-entry map-transition handler table selected through the parallel terminated ID list at $B6BC and dispatched at $AF0F-$AF2D)	A	A,P		$B569,$B56D,$B5EF,$C8E1
12	B3BB	BattleSetupServices_Entry_B3BB	Pointer $12:$B6A0 (33-entry map-transition handler table selected through the parallel terminated ID list at $B6BC and dispatched at $AF0F-$AF2D)	A	A,P,X,Y		$B40E,$B571,$C8E1
12	B40E	BattleSetupServices_Entry_B40E	Direct call from $12:$B3EA; Direct call from $12:$B3FC; Direct call from $12:$B405		P		
12	B42B	BattleSetupServices_Entry_B42B	Pointer $12:$B6AA (33-entry map-transition handler table selected through the parallel terminated ID list at $B6BC and dispatched at $AF0F-$AF2D)	A	A,P		$A721,$A773,$A974,$B571,$B5EF
12	B464	BattleSetupServices_Entry_B464	Pointer $12:$B6AC (33-entry map-transition handler table selected through the parallel terminated ID list at $B6BC and dispatched at $AF0F-$AF2D)	A	A,P		$B56D,$B571,$B5EF,$C8E1
12	B494	BattleSetupServices_Entry_B494	Pointer $12:$B6AE (33-entry map-transition handler table selected through the parallel terminated ID list at $B6BC and dispatched at $AF0F-$AF2D)	A,X,Y	A,P,X,Y		$B56D,$B571,$C8E1
12	B4C1	BattleSetupServices_Entry_B4C1	Pointer $12:$B6B4 (33-entry map-transition handler table selected through the parallel terminated ID list at $B6BC and dispatched at $AF0F-$AF2D)	A	A,P		$B571,$B5EF
12	B4DC	BattleSetupServices_Entry_B4DC	Pointer $12:$B6B0 (33-entry map-transition handler table selected through the parallel terminated ID list at $B6BC and dispatched at $AF0F-$AF2D)		P		$B571,$B5EF
12	B4ED	BattleSetupServices_Entry_B4ED	Pointer $12:$B6B2 (33-entry map-transition handler table selected through the parallel terminated ID list at $B6BC and dispatched at $AF0F-$AF2D)	A	A,P		$B56D,$B571,$B5EF,$C8E1
12	B521	BattleSetupServices_Entry_B521	Direct call from $12:$AF5C; Direct call from $12:$B023; Direct call from $12:$B03B; Direct call from $12:$B069; Direct call from $12:$B099; Direct call from $12:$B0BC; Direct call from $12:$B0DC		P		
12	B526	BattleSetupServices_Entry_B526	Direct call from $12:$AE45; Direct call from $12:$AEC4; Direct call from $12:$AECD; Direct call from $12:$AF0B; Direct call from $12:$B5C8; Direct call from $12:$B5D5		P,X		
12	B52C	BattleSetupServices_Entry_B52C	Direct call from $12:$AF69; Direct call from $12:$AF95; Direct call from $12:$B00E; Direct call from $12:$B048; Direct call from $12:$B080; Direct call from $12:$B0AA; Direct call from $12:$B0ED; Direct call from $12:$B113; Direct call from $12:$B11A; Direct call from $12:$B536		P,X		
12	B533	BattleSetupServices_Entry_B533	Direct call from $12:$AF3E; Direct call from $12:$B0D5	A	A,P		$B52C
12	B547	BattleSetupServices_Entry_B547	Direct call from $12:$AE5A		P		
12	B565	BattleSetupServices_Entry_B565	Direct call from $12:$B0C4; Direct call from $12:$B101	A,X,Y	A,P,X,Y	$6DFA,$6DFB,$6F,$F9,$FA	$B526
12	B569	BattleSetupServices_Entry_B569	Direct call from $12:$AF6D; Direct call from $12:$B0B7; Direct call from $12:$B0FB; Direct call from $12:$B144; Direct call from $12:$B175; Direct call from $12:$B229; Direct call from $12:$B328; Direct call from $12:$B362; Direct call from $12:$B3B5	A,X,Y	A,P,X,Y	$6DFA,$6DFB,$6F,$F9,$FA	$B526
12	B56D	BattleSetupServices_Entry_B56D	Direct call from $12:$AF46; Direct call from $12:$AF9A; Direct call from $12:$AFC8; Direct call from $12:$B015; Direct call from $12:$B055; Direct call from $12:$B085; Direct call from $12:$B0B1; Direct call from $12:$B0F5; Direct call from $12:$B11D; Direct call from $12:$B155; Direct call from $12:$B195; Direct call from $12:$B26A; Direct call from $12:$B31A; Direct call from $12:$B349; Direct call from $12:$B3AF; Direct call from $12:$B488; Direct call from $12:$B512	A,X,Y	A,P,X,Y	$6DFA,$6DFB,$6F,$F9,$FA	$B526
12	B571	BattleSetupServices_Entry_B571	Direct call from $12:$AF30; Direct call from $12:$AF36; Direct call from $12:$AF89; Direct call from $12:$AFB1; Direct call from $12:$B004; Direct call from $12:$B033; Direct call from $12:$B061; Direct call from $12:$B074; Direct call from $12:$B094; Direct call from $12:$B0CD; Direct call from $12:$B107; Direct call from $12:$B14A; Direct call from $12:$B17B; Direct call from $12:$B19B; Direct call from $12:$B1FB; Direct call from $12:$B264; Direct call from $12:$B29F; Direct call from $12:$B2CA; Direct call from $12:$B2FF; Direct call from $12:$B32E; Direct call from $12:$B398; Direct call from $12:$B3FF; Direct call from $12:$B42B; Direct call from $12:$B464; Direct call from $12:$B494; Direct call from $12:$B4C1; Direct call from $12:$B4DC; Direct call from $12:$B4ED	A,X,Y	A,P,X,Y	$6DFA,$6DFB,$6F,$F9,$FA	$B526
12	B5EF	BattleSetupServices_Entry_B5EF	Direct call from $12:$A6B5; Direct call from $12:$A970; Direct call from $12:$AEAF; Direct call from $12:$AEF8; Direct call from $12:$AF39; Direct call from $12:$AF8C; Direct call from $12:$B00A; Direct call from $12:$B036; Direct call from $12:$B064; Direct call from $12:$B077; Direct call from $12:$B0D0; Direct call from $12:$B10A; Direct call from $12:$B14D; Direct call from $12:$B158; Direct call from $12:$B17E; Direct call from $12:$B23A; Direct call from $12:$B25B; Direct call from $12:$B267; Direct call from $12:$B28F; Direct call from $12:$B2A2; Direct call from $12:$B2CD; Direct call from $12:$B3B2; Direct call from $12:$B41E; Direct call from $12:$B42E; Direct call from $12:$B467; Direct call from $12:$B4CE; Direct call from $12:$B4DF; Direct call from $12:$B4F0; Direct call from $12:$B518		P,X		
12	B6DE	BattleSetupServices_Entry_B6DE	Pointer $12:$8058 (50-entry code dispatch table; first target is $8064)	A,X,Y	A,P,X,Y	$00,$01,$04,$05,$06,$07BA,$29,$42,$43,$44,$45,$6191,$6192,$62AA,$63,$64,$65,$6E05	$B856
12	B856	BattleSetupServices_Entry_B856	Direct call from $12:$B81C	A	A,P		
12	BA3E	BattleSetupServices_Entry_BA3E	Pointer $12:$803A (50-entry code dispatch table; first target is $8064)	A,Y	A,P,Y	($00),Y,($02),Y,$00,$01,$02,$03	
12	BA94	BattleSetupServices_Entry_BA94	Pointer $12:$8040 (50-entry code dispatch table; first target is $8064)	A,X,Y	A,P,X,Y	$00,$01	$C65A
12	BB06	BattleSetupServices_Entry_BB06	Pointer $12:$8042 (50-entry code dispatch table; first target is $8064)	A,X,Y	A,P,X,Y	$03CF,$03D1,$03DA,$07B4,$F8	$BB62
12	BB62	BattleSetupServices_Entry_BB62	Direct call from $12:$BB3F	A,X,Y	A,P,X,Y	$03CF,$03D1,$03DA	
12	BBD4	BattleSetupServices_Entry_BBD4	Pointer $12:$804A (50-entry code dispatch table; first target is $8064)	A,X,Y	A,P,X,Y	$00,$01,$02,$03,$05	$C81D,$C827
12	BC3C	BattleSetupServices_Entry_BC3C	Pointer $12:$804E (50-entry code dispatch table; first target is $8064)	A,Y	A,P,Y	$03CC,$03DA,$07B4	$BCC4,$BCDB,$BCEF,$C8EC,$FF74
12	BCC4	BattleSetupServices_Entry_BCC4	Direct call from $12:$BCB3; Pointer $12:$8050 (50-entry code dispatch table; first target is $8064)	A,Y	A,P,Y	$03CC	$BCDB
12	BCDB	BattleSetupServices_Entry_BCDB	Direct call from $12:$BC97; Direct call from $12:$BCD6; Direct call from $12:$BD12	A,X	A,P,X	$03CD	
12	BCEF	BattleSetupServices_Entry_BCEF	Direct call from $12:$BC87; Direct call from $12:$BCAB	A	A,P	$03CC,$03E2	$BCDB
12	BD1F	BattleSetupServices_Entry_BD1F	Pointer $12:$8030 (50-entry code dispatch table; first target is $8064)	A,X,Y	A,P,X,Y	$02,$03,$04,$05,$06,$07	
12	BDC9	BattleSetupServices_Entry_BDC9	Pointer $12:$805E (50-entry code dispatch table; first target is $8064)		P		
12	BE4E	BattleSetupServices_Entry_BE4E	Pointer $12:$8060 (50-entry code dispatch table; first target is $8064)	A,X	A,P	$00	
12	BECD	BattleSetupServices_Entry_BECD	Pointer $12:$8062 (50-entry code dispatch table; first target is $8064)	X	P	$04	
13	8038	Bank13_BattlePresentationServices	Pointer $13:$8000 (28-entry code dispatch table; first target is $8038)		P		$804A,$805B,$8088,$80A1,$9212
13	804A	BattlePresentation_Entry_804A	Direct call from $13:$8040		P		$8051,$845A
13	8051	BattlePresentation_Entry_8051	Direct call from $13:$804A		P,X		
13	805B	BattlePresentation_Entry_805B	Direct call from $13:$8046	A,X	A,P,X	$00,$01,$7300+X,$7324+X	$A8D5,$A8E1,$A906,$A92E
13	8074	BattlePresentation_Entry_8074	Pointer $13:$8078 (Eight-entry battle-state handler table selected by doubled state $75E8 at $8062-$8071)		P		
13	8088	BattlePresentation_Entry_8088	Direct call from $13:$8038	A	A,P	$6E80	
13	80A1	BattlePresentation_Entry_80A1	Direct call from $13:$803B	A,X	A,P,X		
13	8176	BattlePresentation_Entry_8176	Direct call from $13:$97C2; Direct call from $13:$97E9; Direct call from $13:$996D; Direct call from $13:$9B9B; Direct call from $13:$A06C; Direct call from $13:$A096; Direct call from $13:$A159; Direct call from $13:$A2D0; Direct call from $13:$AA7D; Direct call from $13:$ACC7	A,X	A,P	$00+X,$01+X	
13	8187	BattlePresentation_Entry_8187	Direct call from $13:$9189; Direct call from $13:$AEFB	A,X	A,P	$00+X,$01+X	
13	8198	BattlePresentation_Entry_8198	Direct call from $13:$8C88; Direct call from $13:$8DAA; Direct call from $13:$8DBE; Direct call from $13:$8DFE; Direct call from $13:$8E35; Direct call from $13:$8E91; Direct call from $13:$8F09; Direct call from $13:$AD43; Direct call from $13:$B164; Direct call from $13:$B16F; Direct call from $13:$B1B2; Direct call from $13:$B245; Direct call from $13:$B251; Direct call from $13:$B25C; Direct call from $13:$B26A; Direct call from $13:$B29D; Direct call from $13:$B41B; Direct call from $13:$B45B	A,X	A,P,X	$00+X,$01+X,$19	$8330
13	819A	BattlePresentation_Entry_819A	Direct call from $13:$8E1E; Direct call from $13:$8FE9; Direct call from $13:$9A74; Direct call from $13:$ACDD; Direct call from $13:$ACEA; Direct call from $13:$ADFA	A,X	A,P	$00+X,$01+X,$19	$8330
13	81A5	BattlePresentation_Entry_81A5	Direct call from $13:$A525	A,X	A,P	$00+X,$01+X,$19	
13	81C5	BattlePresentation_Entry_81C5	Direct call from $13:$8C63; Direct call from $13:$8C6C	A	A,P	$94,$95	$8231
13	81E0	BattlePresentation_Entry_81E0	Direct call from $13:$8C83; Direct call from $13:$8C9F; Direct call from $13:$8E4E; Direct call from $13:$B1BF; Direct call from $13:$B1CC; Direct call from $13:$B1D9; Direct call from $13:$B265; Direct call from $13:$B273; Direct call from $13:$B42A; Direct call from $13:$B433; Direct call from $13:$B43C; Direct call from $13:$B445	A	A,P	$94,$95	$8231
13	8216	BattlePresentation_Entry_8216	Direct call from $13:$8E21; Direct call from $13:$9C1A	A,X	A,P	$00+X,$01+X	$8233
13	8231	BattlePresentation_Entry_8231	Direct call from $13:$81C5; Direct call from $13:$81E0		A,P,X		
13	8233	BattlePresentation_Entry_8233	Direct call from $13:$8216		A,P		
13	8236	BattlePresentation_Entry_8236	Direct call from $13:$824B; Direct call from $13:$8260; Direct call from $13:$8275; Direct call from $13:$828A; Direct call from $13:$829F; Direct call from $13:$82B4; Direct call from $13:$82C9; Direct call from $13:$82DE; Direct call from $13:$82F3; Direct call from $13:$B39F; Direct call from $13:$B3BD	A	A,P,X	$94,$95	$8330
13	8275	BattlePresentation_Entry_8275	Direct call from $13:$B17B; Direct call from $13:$B19B; Direct call from $13:$B1C2	A	A,P	$75B5,$75B6	$8236
13	828A	BattlePresentation_Entry_828A	Direct call from $13:$B1F4; Direct call from $13:$B20F; Direct call from $13:$B22C; Direct call from $13:$B26D; Direct call from $13:$B283; Direct call from $13:$B404; Direct call from $13:$B42D	A	A,P	$75B7,$75B8	$8236
13	82C9	BattlePresentation_Entry_82C9	Direct call from $13:$B184; Direct call from $13:$B1A4; Direct call from $13:$B1CF	A	A,P	$75B1,$75B2	$8236
13	82DE	BattlePresentation_Entry_82DE	Direct call from $13:$B1FD; Direct call from $13:$B218; Direct call from $13:$B232; Direct call from $13:$B28C; Direct call from $13:$B40D; Direct call from $13:$B436	A	A,P	$75B3,$75B4	$8236
13	831D	BattlePresentation_Entry_831D	Direct call from $13:$8E03; Direct call from $13:$8E3A; Direct call from $13:$8E57	A,Y	A,P,Y	($88),Y,$0A	
13	8330	BattlePresentation_Entry_8330	Direct call from $13:$81A2; Direct call from $13:$823F; Direct call from $13:$8FFF; Direct call from $13:$9A7C; Direct call from $13:$A51D; Direct call from $13:$AADF; Direct call from $13:$AE8F; Direct call from $13:$AEF8	A,X	A,P	$00+X,$01+X,$16,$17,$18,$19,$1A	
13	8366	BattlePresentation_Entry_8366	Direct call from $13:$AAAC; Direct call from $13:$AB3C; Pointer $13:$8020 (28-entry code dispatch table; first target is $8038)	A,X	A,P	$00+X,$01+X,$02+X,$16,$17,$18,$19,$1A,$1B	
13	83AA	BattlePresentation_Entry_83AA	Direct call from $13:$9781; Direct call from $13:$97EC; Direct call from $13:$9972; Direct call from $13:$9B9E; Direct call from $13:$A06F; Direct call from $13:$A099; Direct call from $13:$A15C; Direct call from $13:$A2D3; Direct call from $13:$A351; Direct call from $13:$AB29; Direct call from $13:$ACCA	A,X,Y	A,P,Y	$00+X,$01+X,$6E11,$6E12,$6E14,$6E15,$6E16	
13	83F4	BattlePresentation_Entry_83F4	Direct call from $13:$9240; Direct call from $13:$AB7C; Direct call from $13:$B118; Pointer $13:$8024 (28-entry code dispatch table; first target is $8038)	A,X,Y	A,P,Y	$00+X,$01+X,$02+X,$6E11,$6E12,$6E13,$6E14,$6E15,$6E16	
13	8454	BattlePresentation_Entry_8454	Direct call from $13:$AAA3	A,X,Y	A,P,Y	$00+X,$01+X,$02+X,$6E11,$6E12,$6E13,$6E14,$6E15,$6E16	
13	845A	BattlePresentation_Entry_845A	Direct call from $13:$804D		P		
13	8488	BattlePresentation_Entry_8488	Direct call from $13:$845D	A,X	A,P,X	$7600+X,$763A+X,$7674+X,$76AE+X,$76E8+X,$7722+X,$775C+X,$7796+X	
13	84A8	BattlePresentation_Entry_84A8	Direct call from $13:$847A		P,X		$850C
13	84E9	BattlePresentation_Entry_84E9	Direct call from $13:$84D8	A,Y	A,P,X,Y	$00,$01,$02,$03	$C813
13	850C	BattlePresentation_Entry_850C	Direct call from $13:$84A8	A,X	A,P,X	$75A3+X	
13	8517	BattlePresentation_Entry_8517	Direct call from $13:$8473	A,X	A,P,X	$00,$7579+X,$7581+X,$7589+X	$858D,$8593,$85EE,$85F2,$85F6
13	858D	BattlePresentation_Entry_858D	Direct call from $13:$854C	X	A,P	$7579+X	
13	8593	BattlePresentation_Entry_8593	Direct call from $13:$8554	A,X	A,P	$7579+X	
13	859B	BattlePresentation_Entry_859B	Direct call from $13:$84E3	A,X,Y	A,P,X,Y	$759A,$94,$95	$8236,$8784,$8823,$899C,$89B6,$8AAB,$8C76,$B3D7,$B3EB,$C813,$C827
13	85EE	BattlePresentation_Entry_85EE	Direct call from $13:$853B; Direct call from $13:$8549; Direct call from $13:$8559; Direct call from $13:$8565; Direct call from $13:$8571; Direct call from $13:$9703; Direct call from $13:$9C5B	A,Y	A,P,Y	$76	$899C
13	85F2	BattlePresentation_Entry_85F2	Direct call from $13:$8534; Direct call from $13:$8551; Direct call from $13:$95A4; Direct call from $13:$95D1; Direct call from $13:$96D2	A,Y	A,P,Y	$76	$899C
13	85F6	BattlePresentation_Entry_85F6	Direct call from $13:$8542	A,Y	A,P,Y	$76	$899C
13	8602	BattlePresentation_Entry_8602	Direct call from $13:$9618; Direct call from $13:$96FA; Direct call from $13:$9C46; Direct call from $13:$A375	A,Y	A,P,X,Y		$899C
13	8610	BattlePresentation_Entry_8610	Direct call from $13:$9871; Direct call from $13:$9950; Direct call from $13:$9B4B; Direct call from $13:$9B65	A,X,Y	A,P,X,Y	$00+X,$01+X	$8A6B
13	861C	BattlePresentation_Entry_861C	Direct call from $13:$9876; Direct call from $13:$9955; Direct call from $13:$9968; Direct call from $13:$9B0F; Direct call from $13:$9B89; Direct call from $13:$9E53; Direct call from $13:$A065	A,X,Y	A,P,X,Y	$00+X,$01+X,$02,$03,$79,$7A	$86BB,$8A6B
13	8641	BattlePresentation_Entry_8641	Direct call from $13:$8727; Direct call from $13:$884E	A,X,Y	A,P,Y	$00+X,$01+X	
13	864C	BattlePresentation_Entry_864C	Direct call from $13:$8C94; Direct call from $13:$8CA5	A,X,Y	A,P,X,Y	$00,$01	$89B6,$8A32
13	867A	BattlePresentation_Entry_867A	Direct call from $13:$8CA8	A,X,Y	A,P,X,Y	$02,$03,$7364	$86BB,$89B6,$8A32
13	86BB	BattlePresentation_Entry_86BB	Direct call from $13:$862B; Direct call from $13:$8697	Y	A,P,X,Y		
13	86C7	BattlePresentation_Entry_86C7	Direct call from $13:$9789; Direct call from $13:$97E2; Direct call from $13:$A1C0	A,Y	A,P,Y	$00,$01	$899C
13	86D6	BattlePresentation_Entry_86D6	Direct call from $13:$AD71	A,X,Y	A,P,X,Y	$00+X,$01+X	$8A6B
13	86E5	BattlePresentation_Entry_86E5	Direct call from $13:$B2BC	A,X,Y	A,P,X,Y	$00,$01	$89B6,$8A32
13	8719	BattlePresentation_Entry_8719	Direct call from $13:$A40C; Direct call from $13:$AD26	A,Y	A,P,X,Y	$0C,$0D	$8641,$89F5,$8A6B
13	8720	BattlePresentation_Entry_8720	Direct call from $13:$973C	A,Y	A,P,X,Y	$0C,$0D	$8641,$89F5
13	8737	BattlePresentation_Entry_8737	Direct call from $13:$B1E5	A,X,Y	A,P,X,Y	$0B,$0C,$0D	$89F5,$8A32,$8A48,$8A5D
13	873B	BattlePresentation_Entry_873B	Direct call from $13:$B1DF	A,X,Y	A,P,X,Y	$0B,$0C,$0D	$89F5,$8A32,$8A48,$8A5D
13	8784	BattlePresentation_Entry_8784	Direct call from $13:$B399	A,X,Y	A,P,Y	$00,$01,$0E,$0F	$89F5,$8A6B
13	8788	BattlePresentation_Entry_8788	Direct call from $13:$87C1	A,X,Y	A,P,Y	$00,$01,$0E,$0F	$89F5,$8A6B
13	87B9	BattlePresentation_Entry_87B9	Direct call from $13:$B442; Direct call from $13:$B44B	A,X	A,P,X	$94,$95	$8788
13	87D9	BattlePresentation_Entry_87D9	Direct call from $13:$AD2B; Direct call from $13:$B1E8	A,X,Y	A,P,X,Y	$0E,$0F	$899C
13	8811	BattlePresentation_Entry_8811	Direct call from $13:$9741; Direct call from $13:$A3CC	A,X,Y	A,P,X,Y	$00+X,$01+X	$899C
13	8819	BattlePresentation_Entry_8819	Direct call from $13:$885E	A,X,Y	A,P,Y	$00+X,$01+X	
13	8823	BattlePresentation_Entry_8823	Direct call from $13:$9744; Direct call from $13:$A1AC; Direct call from $13:$AD36; Direct call from $13:$B39C	A	A,P	$0E,$0F,$94,$95	
13	8842	BattlePresentation_Entry_8842	Direct call from $13:$A2F3	A	A,P,X,Y	$0D	$8641,$8866,$89F5
13	8856	BattlePresentation_Entry_8856	Direct call from $13:$A327	A,X	A,P,X,Y	$0F	$8819,$899C
13	8866	BattlePresentation_Entry_8866	Direct call from $13:$8842; Direct call from $13:$8AB5; Direct call from $13:$99DE; Direct call from $13:$9B21; Direct call from $13:$9B3B; Direct call from $13:$A043; Direct call from $13:$A121; Direct call from $13:$A3FB; Direct call from $13:$A44A; Direct call from $13:$AD53	A,X,Y	A,P,X,Y	$7364	$8A32
13	886B	BattlePresentation_Entry_886B	Direct call from $13:$B24C; Direct call from $13:$B257	A,X,Y	A,P,X,Y	$00,$07,$08,$94,$95	$88C0,$89F5,$8A32,$8A48,$8A5D
13	8875	BattlePresentation_Entry_8875	Direct call from $13:$B15F; Direct call from $13:$B17E; Direct call from $13:$B19E; Direct call from $13:$B1C5	A,X,Y	A,P,X,Y	$00,$07,$08,$94,$95	$88C0,$89F5,$8A32,$8A48,$8A5D
13	8879	BattlePresentation_Entry_8879	Direct call from $13:$B1F7; Direct call from $13:$B212; Direct call from $13:$B22F; Direct call from $13:$B240; Direct call from $13:$B286; Direct call from $13:$B298; Direct call from $13:$B407; Direct call from $13:$B430	A,X,Y	A,P,X,Y	$00,$07,$08,$94,$95	$88C0,$89F5,$8A32,$8A48,$8A5D
13	88C0	BattlePresentation_Entry_88C0	Direct call from $13:$88B6	A,X,Y	A,P,X,Y	$01,$02,$04,$05,$06,$94,$95	$89B6,$B930
13	8930	BattlePresentation_Entry_8930	Direct call from $13:$B187; Direct call from $13:$B1A7; Direct call from $13:$B1D2	A,X,Y	A,P,Y	$01,$94,$95	$8977,$89F5,$8A32,$8A48,$8A5D
13	8934	BattlePresentation_Entry_8934	Direct call from $13:$B200; Direct call from $13:$B21B; Direct call from $13:$B235; Direct call from $13:$B270; Direct call from $13:$B28F; Direct call from $13:$B410; Direct call from $13:$B439	A,X,Y	A,P,Y	$01,$94,$95	$8977,$89F5,$8A32,$8A48,$8A5D
13	8977	BattlePresentation_Entry_8977	Direct call from $13:$896E	A,X,Y	A,P,X,Y	$94,$95	$89B6
13	899C	BattlePresentation_Entry_899C	Direct call from $13:$85A2; Direct call from $13:$85FA; Direct call from $13:$8606; Direct call from $13:$86C7; Direct call from $13:$87E3; Direct call from $13:$8812; Direct call from $13:$8857; Direct call from $13:$92A1; Direct call from $13:$A1FD; Direct call from $13:$A253; Direct call from $13:$A28D; Direct call from $13:$A8AA; Direct call from $13:$B3ED	A,X	A,P	$86,$87	
13	89B6	BattlePresentation_Entry_89B6	Direct call from $13:$85C3; Direct call from $13:$8660; Direct call from $13:$868F; Direct call from $13:$86F9; Direct call from $13:$88C4; Direct call from $13:$897B; Direct call from $13:$8A4A; Direct call from $13:$8A70; Direct call from $13:$A04A; Direct call from $13:$A128; Direct call from $13:$A400; Direct call from $13:$A451; Direct call from $13:$A5B8; Direct call from $13:$A6DE; Direct call from $13:$A909; Direct call from $13:$A985; Direct call from $13:$AB5C; Direct call from $13:$B0F7; Pointer $13:$8022 (28-entry code dispatch table; first target is $8038)	A,X	A,P,X	$79,$7A	
13	89F5	BattlePresentation_Entry_89F5	Direct call from $13:$8720; Direct call from $13:$875C; Direct call from $13:$87A2; Direct call from $13:$8847; Direct call from $13:$88A6; Direct call from $13:$8957; Direct call from $13:$9B29; Direct call from $13:$9B3E; Direct call from $13:$9BE5; Direct call from $13:$9DCF; Direct call from $13:$A055; Direct call from $13:$A136; Direct call from $13:$A60B; Direct call from $13:$A7EF; Direct call from $13:$AE33	A,X	A,P,X	$79,$7A	
13	8A32	BattlePresentation_Entry_8A32	Direct call from $13:$8652; Direct call from $13:$8680; Direct call from $13:$86EB; Direct call from $13:$8745; Direct call from $13:$888B; Direct call from $13:$893E; Direct call from $13:$8A79	A,Y	A,P,X,Y		
13	8A48	BattlePresentation_Entry_8A48	Direct call from $13:$8755; Direct call from $13:$889F; Direct call from $13:$8950	A,Y	A,P,Y	$00	$89B6
13	8A5D	BattlePresentation_Entry_8A5D	Direct call from $13:$8767; Direct call from $13:$88B1; Direct call from $13:$8969	A,Y	A,P,Y		
13	8A6B	BattlePresentation_Entry_8A6B	Direct call from $13:$8610; Direct call from $13:$861C; Direct call from $13:$86D8; Direct call from $13:$871B; Direct call from $13:$878D; Direct call from $13:$9DB6; Direct call from $13:$9E46; Direct call from $13:$9EA2; Direct call from $13:$A2FA; Direct call from $13:$A7DF; Direct call from $13:$AE21; Direct call from $13:$B471	A	A,P		$89B6,$8A76
13	8A76	BattlePresentation_Entry_8A76	Direct call from $13:$8A6B; Direct call from $13:$A81B	A,X,Y	A,P,X,Y	$7364	$8A32
13	8AAB	BattlePresentation_Entry_8AAB	Direct call from $13:$85B3; Direct call from $13:$98E0	A,X	A,P,X		
13	8AB5	BattlePresentation_Entry_8AB5	Direct call from $13:$9826; Direct call from $13:$9E1A; Direct call from $13:$9E69; Direct call from $13:$9FD5; Direct call from $13:$9FF9; Direct call from $13:$A01F	A,X	A,P,X	$7364	$8866
13	8ABA	BattlePresentation_Entry_8ABA	Direct call from $13:$A820	A,X	A,P,X	$7364	
13	8C59	BattlePresentation_Entry_8C59	Pointer $13:$8BA9 (104-entry battle-action handler table indexed through the $8B8B base pointer at $8599 and dispatched at $8509); Pointer $13:$8BBD (104-entry battle-action handler table indexed through the $8B8B base pointer at $8599 and dispatched at $8509); Pointer $13:$8BC3 (104-entry battle-action handler table indexed through the $8B8B base pointer at $8599 and dispatched at $8509); Pointer $13:$8BC5 (104-entry battle-action handler table indexed through the $8B8B base pointer at $8599 and dispatched at $8509); Pointer $13:$8BC7 (104-entry battle-action handler table indexed through the $8B8B base pointer at $8599 and dispatched at $8509); Pointer $13:$8BDF (104-entry battle-action handler table indexed through the $8B8B base pointer at $8599 and dispatched at $8509); Pointer $13:$8BE1 (104-entry battle-action handler table indexed through the $8B8B base pointer at $8599 and dispatched at $8509); Pointer $13:$8BE3 (104-entry battle-action handler table indexed through the $8B8B base pointer at $8599 and dispatched at $8509); Pointer $13:$8BE5 (104-entry battle-action handler table indexed through the $8B8B base pointer at $8599 and dispatched at $8509); Pointer $13:$8BE7 (104-entry battle-action handler table indexed through the $8B8B base pointer at $8599 and dispatched at $8509); Pointer $13:$8BE9 (104-entry battle-action handler table indexed through the $8B8B base pointer at $8599 and dispatched at $8509); Pointer $13:$8BEB (104-entry battle-action handler table indexed through the $8B8B base pointer at $8599 and dispatched at $8509); Pointer $13:$8BED (104-entry battle-action handler table indexed through the $8B8B base pointer at $8599 and dispatched at $8509); Pointer $13:$8C19 (104-entry battle-action handler table indexed through the $8B8B base pointer at $8599 and dispatched at $8509); Pointer $13:$8C4D (104-entry battle-action handler table indexed through the $8B8B base pointer at $8599 and dispatched at $8509)		P		
13	8C5A	BattlePresentation_Entry_8C5A	Pointer $13:$8B8B (104-entry battle-action handler table indexed through the $8B8B base pointer at $8599 and dispatched at $8509); Pointer $13:$8B8D (104-entry battle-action handler table indexed through the $8B8B base pointer at $8599 and dispatched at $8509); Pointer $13:$8B8F (104-entry battle-action handler table indexed through the $8B8B base pointer at $8599 and dispatched at $8509); Pointer $13:$8B99 (104-entry battle-action handler table indexed through the $8B8B base pointer at $8599 and dispatched at $8509)	A	A,P	$75AD,$75AE	$8236,$8CBC
13	8C60	BattlePresentation_Entry_8C60	Pointer $13:$8B91 (104-entry battle-action handler table indexed through the $8B8B base pointer at $8599 and dispatched at $8509); Pointer $13:$8B93 (104-entry battle-action handler table indexed through the $8B8B base pointer at $8599 and dispatched at $8509); Pointer $13:$8B95 (104-entry battle-action handler table indexed through the $8B8B base pointer at $8599 and dispatched at $8509); Pointer $13:$8B97 (104-entry battle-action handler table indexed through the $8B8B base pointer at $8599 and dispatched at $8509); Pointer $13:$8B9B (104-entry battle-action handler table indexed through the $8B8B base pointer at $8599 and dispatched at $8509); Pointer $13:$8B9D (104-entry battle-action handler table indexed through the $8B8B base pointer at $8599 and dispatched at $8509); Pointer $13:$8B9F (104-entry battle-action handler table indexed through the $8B8B base pointer at $8599 and dispatched at $8509); Pointer $13:$8BA1 (104-entry battle-action handler table indexed through the $8B8B base pointer at $8599 and dispatched at $8509); Pointer $13:$8BA3 (104-entry battle-action handler table indexed through the $8B8B base pointer at $8599 and dispatched at $8509)	A	A,P	$75AD,$75AE	$81C5,$8236,$8CBC
13	8C69	BattlePresentation_Entry_8C69	Pointer $13:$8C03 (104-entry battle-action handler table indexed through the $8B8B base pointer at $8599 and dispatched at $8509); Pointer $13:$8C05 (104-entry battle-action handler table indexed through the $8B8B base pointer at $8599 and dispatched at $8509); Pointer $13:$8C07 (104-entry battle-action handler table indexed through the $8B8B base pointer at $8599 and dispatched at $8509); Pointer $13:$8C09 (104-entry battle-action handler table indexed through the $8B8B base pointer at $8599 and dispatched at $8509); Pointer $13:$8C0B (104-entry battle-action handler table indexed through the $8B8B base pointer at $8599 and dispatched at $8509); Pointer $13:$8C0D (104-entry battle-action handler table indexed through the $8B8B base pointer at $8599 and dispatched at $8509)	A	A,P	$75AF,$75B0	$81C5,$8236,$8CBC
13	8C72	BattlePresentation_Entry_8C72	Pointer $13:$8C43 (104-entry battle-action handler table indexed through the $8B8B base pointer at $8599 and dispatched at $8509)	A	A,P	$75AD,$75AE,$75AF,$75B0,$94,$95	$8198,$81C5,$81E0,$8236,$8CA5
13	8C76	BattlePresentation_Entry_8C76	Direct call from $13:$85E2	A	A,P	$75AD,$75AE,$75AF,$75B0,$95	$8198,$81C5,$81E0,$8236,$8CA5
13	8C7C	BattlePresentation_Entry_8C7C	Pointer $13:$8C51 (104-entry battle-action handler table indexed through the $8B8B base pointer at $8599 and dispatched at $8509)	A	A,P	$75AD,$75AE,$75AF,$75B0,$95	$8198,$81C5,$81E0,$8236,$8CA5
13	8C80	BattlePresentation_Entry_8C80	Pointer $13:$8BA5 (104-entry battle-action handler table indexed through the $8B8B base pointer at $8599 and dispatched at $8509)	A	A,P	$75AD,$75AE	$8198,$81E0,$8236,$8CA5
13	8C8E	BattlePresentation_Entry_8C8E	Pointer $13:$8BA7 (104-entry battle-action handler table indexed through the $8B8B base pointer at $8599 and dispatched at $8509)	A	A,P	$75AD,$75AE	$8198,$8236,$8CA5
13	8C94	BattlePresentation_Entry_8C94	Pointer $13:$8C45 (104-entry battle-action handler table indexed through the $8B8B base pointer at $8599 and dispatched at $8509)	A	A,P	$75AF,$75B0,$94,$95	$81E0,$8236,$864C
13	8CA5	BattlePresentation_Entry_8CA5	Direct call from $13:$8C80; Direct call from $13:$8C8E	A	A,P	$94,$95	$864C,$867A
13	8CBC	BattlePresentation_Entry_8CBC	Direct call from $13:$8C5A; Direct call from $13:$8C60; Direct call from $13:$8C69	A,X	A,P,X	$94,$95	
13	8CD8	BattlePresentation_Entry_8CD8	Pointer $13:$8BC9 (104-entry battle-action handler table indexed through the $8B8B base pointer at $8599 and dispatched at $8509); Pointer $13:$8BCB (104-entry battle-action handler table indexed through the $8B8B base pointer at $8599 and dispatched at $8509); Pointer $13:$8BCD (104-entry battle-action handler table indexed through the $8B8B base pointer at $8599 and dispatched at $8509); Pointer $13:$8BCF (104-entry battle-action handler table indexed through the $8B8B base pointer at $8599 and dispatched at $8509); Pointer $13:$8BD1 (104-entry battle-action handler table indexed through the $8B8B base pointer at $8599 and dispatched at $8509); Pointer $13:$8BD3 (104-entry battle-action handler table indexed through the $8B8B base pointer at $8599 and dispatched at $8509); Pointer $13:$8BD5 (104-entry battle-action handler table indexed through the $8B8B base pointer at $8599 and dispatched at $8509); Pointer $13:$8BD7 (104-entry battle-action handler table indexed through the $8B8B base pointer at $8599 and dispatched at $8509); Pointer $13:$8BD9 (104-entry battle-action handler table indexed through the $8B8B base pointer at $8599 and dispatched at $8509); Pointer $13:$8BDB (104-entry battle-action handler table indexed through the $8B8B base pointer at $8599 and dispatched at $8509); Pointer $13:$8BDD (104-entry battle-action handler table indexed through the $8B8B base pointer at $8599 and dispatched at $8509)	A,X,Y	A,P,X,Y	$00,$75AB,$75C1+Y	
13	8D01	BattlePresentation_Entry_8D01	Pointer $13:$8C49 (104-entry battle-action handler table indexed through the $8B8B base pointer at $8599 and dispatched at $8509); Pointer $13:$8C4B (104-entry battle-action handler table indexed through the $8B8B base pointer at $8599 and dispatched at $8509); Pointer $13:$8C55 (104-entry battle-action handler table indexed through the $8B8B base pointer at $8599 and dispatched at $8509)	A,X,Y	A,P,X,Y	$00,$75AC,$75C9+Y	
13	8D69	BattlePresentation_Entry_8D69	Direct call from $13:$8D4B	A,X	A,P,X		
13	8D77	BattlePresentation_Entry_8D77	Direct call from $13:$8D50; Direct call from $13:$8F2A; Direct call from $13:$8F54; Direct call from $13:$9038; Direct call from $13:$921C; Direct call from $13:$97A3; Direct call from $13:$9A39; Direct call from $13:$9BFD; Direct call from $13:$9D18; Direct call from $13:$9D76; Direct call from $13:$A0CA; Direct call from $13:$A4F7	A	A,P,X,Y	$88,$89	$C827
13	8D91	BattlePresentation_Entry_8D91	Direct call from $13:$8D3C	A,X,Y	A,P,X,Y	$75A3+X,$75A4+X,$77D0,$94,$95	$8198
13	8DE7	BattlePresentation_Entry_8DE7	Direct call from $13:$8D53	A,X,Y	A,P,X,Y	$82,$94,$95	$8198,$831D
13	8E0B	BattlePresentation_Entry_8E0B	Direct call from $13:$8D56	A,X	A,P,X,Y	$00,$01,$82,$94,$95	$8198,$819A,$8216,$831D
13	8E42	BattlePresentation_Entry_8E42	Direct call from $13:$8D59	A	A,P,X,Y	$82,$94,$95	$81E0,$831D
13	8E5F	BattlePresentation_Entry_8E5F	Direct call from $13:$8D5C	A,X,Y	A,P,X,Y	($88),Y,$94,$95	$8198,$8E88
13	8E88	BattlePresentation_Entry_8E88	Direct call from $13:$8E67; Direct call from $13:$8E72; Direct call from $13:$8E7D	A,X,Y	A,P,X,Y	($88),Y,$94,$95	$8198
13	8E9E	BattlePresentation_Entry_8E9E	Direct call from $13:$8D5F	A,X,Y	A,P,X,Y	($88),Y	$8EC7
13	8EC7	BattlePresentation_Entry_8EC7	Direct call from $13:$8EA6; Direct call from $13:$8EB1; Direct call from $13:$8EBC	A,X,Y	A,P,Y	($88),Y	
13	8ECE	BattlePresentation_Entry_8ECE	Direct call from $13:$8D62	A,X,Y	A,P,X,Y	($88),Y,$00,$94,$95	$8198
13	8F16	BattlePresentation_Entry_8F16	Direct call from $13:$8D65; Direct call from $13:$A501	A,Y	A,P,Y	($88),Y	
13	8F73	BattlePresentation_Entry_8F73	Direct call from $13:$8F5C; Direct call from $13:$8F66	A,X,Y	A,P,X	$0F,$759A,$94,$95	$8F93
13	8F93	BattlePresentation_Entry_8F93	Direct call from $13:$8F88	A,X	A,P,X	$00,$01	
13	8FA2	BattlePresentation_Entry_8FA2	Pointer $13:$9100 (Eight-entry arithmetic handler table consumed by the indirect jump at $8F93-$8F9F); Pointer $13:$9102 (Eight-entry arithmetic handler table consumed by the indirect jump at $8F93-$8F9F); Pointer $13:$9104 (Eight-entry arithmetic handler table consumed by the indirect jump at $8F93-$8F9F)	A,Y	A,P,X,Y	$00,$01,$94,$95	$8330,$8FEF
13	8FB2	BattlePresentation_Entry_8FB2	Pointer $13:$9106 (Eight-entry arithmetic handler table consumed by the indirect jump at $8F93-$8F9F)	A,Y	A,P,X,Y	$00,$01,$94,$95	$8330,$8FEF
13	8FBB	BattlePresentation_Entry_8FBB	Pointer $13:$9108 (Eight-entry arithmetic handler table consumed by the indirect jump at $8F93-$8F9F)	A,Y	A,P,X,Y	$94,$95	$8330,$8FEF
13	8FC7	BattlePresentation_Entry_8FC7	Pointer $13:$910A (Eight-entry arithmetic handler table consumed by the indirect jump at $8F93-$8F9F)	A,Y	A,P,X,Y	$00,$01,$94,$95	$8330,$8FEF
13	8FD3	BattlePresentation_Entry_8FD3	Pointer $13:$910C (Eight-entry arithmetic handler table consumed by the indirect jump at $8F93-$8F9F)	A,Y	A,P,X,Y	$94,$95	$8330,$8FEF
13	8FDC	BattlePresentation_Entry_8FDC	Pointer $13:$910E (Eight-entry arithmetic handler table consumed by the indirect jump at $8F93-$8F9F)	A,Y	A,P,X,Y	$94,$95	$819A,$8330,$8FEF
13	8FEF	BattlePresentation_Entry_8FEF	Direct call from $13:$8FA8; Direct call from $13:$8FC1; Direct call from $13:$8FCD; Direct call from $13:$8FE2; Direct call from $13:$906D	A,X	P	$00,$01	
13	9012	BattlePresentation_Entry_9012	Direct call from $13:$8F61; Direct call from $13:$8F6B	A,Y	A,P,Y	($88),Y	
13	9021	BattlePresentation_Entry_9021	Direct call from $13:$8F4D	A	A,P,X,Y	$00,$01,$02,$03,$759B,$759C,$759F,$75A0,$81,$82	$8D77,$90A7,$C851
13	9067	BattlePresentation_Entry_9067	Direct call from $13:$8F57	A,X	A,P,X,Y	$759D,$759E,$75A1,$75A2	$8FEF,$909A,$C851
13	909A	BattlePresentation_Entry_909A	Direct call from $13:$9072; Direct call from $13:$9077	A,Y	A,P,X,Y		
13	90A7	BattlePresentation_Entry_90A7	Direct call from $13:$903D; Direct call from $13:$9042	A,Y	A,P,Y	$01,$02	
13	90B6	BattlePresentation_Entry_90B6	Direct call from $13:$8F43	A,Y	A,P,Y	$77D0,$77D1	$90BD
13	90BD	BattlePresentation_Entry_90BD	Direct call from $13:$90B8	A,Y	A,P,Y	$77D0,$77D1	
13	90D0	BattlePresentation_Entry_90D0	Direct call from $13:$8F32	A,Y	A,P,Y	($88),Y,$00	$90E3
13	90D4	BattlePresentation_Entry_90D4	Direct call from $13:$8F3D	A,Y	A,P,Y	($88),Y,$00	$90E3
13	90E3	BattlePresentation_Entry_90E3	Direct call from $13:$90DB	A,Y	A,P,Y	($88),Y	
13	9135	BattlePresentation_Entry_9135	Direct call from $13:$AF28; Direct call from $13:$AF72; Direct call from $13:$AFDA; Direct call from $13:$B02E; Direct call from $13:$B055	A,X	A,P,X	$00,$01	$8187,$C827
13	9176	BattlePresentation_Entry_9176	Pointer $13:$91DB (Eighteen-entry battle action handler table selected in parallel with action IDs $91A9-$91BA); Pointer $13:$91DF (Eighteen-entry battle action handler table selected in parallel with action IDs $91A9-$91BA); Pointer $13:$91E3 (Eighteen-entry battle action handler table selected in parallel with action IDs $91A9-$91BA); Pointer $13:$91E5 (Eighteen-entry battle action handler table selected in parallel with action IDs $91A9-$91BA); Pointer $13:$91E7 (Eighteen-entry battle action handler table selected in parallel with action IDs $91A9-$91BA); Pointer $13:$91E9 (Eighteen-entry battle action handler table selected in parallel with action IDs $91A9-$91BA); Pointer $13:$91ED (Eighteen-entry battle action handler table selected in parallel with action IDs $91A9-$91BA)		P		
13	9178	BattlePresentation_Entry_9178	Pointer $13:$91CD (Eighteen-entry battle action handler table selected in parallel with action IDs $91A9-$91BA); Pointer $13:$91CF (Eighteen-entry battle action handler table selected in parallel with action IDs $91A9-$91BA); Pointer $13:$91D3 (Eighteen-entry battle action handler table selected in parallel with action IDs $91A9-$91BA); Pointer $13:$91D5 (Eighteen-entry battle action handler table selected in parallel with action IDs $91A9-$91BA); Pointer $13:$91D9 (Eighteen-entry battle action handler table selected in parallel with action IDs $91A9-$91BA); Pointer $13:$91DD (Eighteen-entry battle action handler table selected in parallel with action IDs $91A9-$91BA)	A	A,P,X	$00,$01	$8187,$C827
13	919A	BattlePresentation_Entry_919A	Pointer $13:$91D1 (Eighteen-entry battle action handler table selected in parallel with action IDs $91A9-$91BA); Pointer $13:$91D7 (Eighteen-entry battle action handler table selected in parallel with action IDs $91A9-$91BA); Pointer $13:$91E1 (Eighteen-entry battle action handler table selected in parallel with action IDs $91A9-$91BA); Pointer $13:$91EB (Eighteen-entry battle action handler table selected in parallel with action IDs $91A9-$91BA)	A	A,P		
13	91A0	BattlePresentation_Entry_91A0	Direct call from $13:$AF2D; Direct call from $13:$AF77; Direct call from $13:$AFDF; Direct call from $13:$B033; Direct call from $13:$B05A	A	A,P	$75D4,$75D5	
13	91EF	BattlePresentation_Entry_91EF	Direct call from $13:$951B; Direct call from $13:$9533; Direct call from $13:$9548	A,X	A,P,X	$8A	$B5BC
13	9201	BattlePresentation_Entry_9201	Direct call from $13:$951E; Direct call from $13:$9536; Direct call from $13:$954B; Direct call from $13:$9554; Direct call from $13:$9569; Direct call from $13:$9823; Direct call from $13:$9BA6; Direct call from $13:$9BBB; Direct call from $13:$9BCD; Direct call from $13:$9BF0	A,X	A,P,X	$8B	
13	9212	BattlePresentation_Entry_9212	Direct call from $13:$8043	A	A,P,X,Y	$00,$01,$02,$03,$04,$75ED,$75EE,$81	$83F4,$8D77,$925F
13	925F	BattlePresentation_Entry_925F	Direct call from $13:$9221; Direct call from $13:$9226; Direct call from $13:$922B	A,Y	A,P,Y	$01,$02,$82	
13	9276	BattlePresentation_Entry_9276	Direct call from $13:$9525; Direct call from $13:$955B; Direct call from $13:$961D; Direct call from $13:$963E; Direct call from $13:$9708; Direct call from $13:$9BAD; Direct call from $13:$9BD4; Direct call from $13:$9C60; Direct call from $13:$9F41; Direct call from $13:$A3B2	A,X,Y	A,P,X,Y	$00,$01,$8C	$899C,$92E2,$B0B4,$C827,$C891
13	92E2	BattlePresentation_Entry_92E2	Direct call from $13:$9282; Direct call from $13:$A4A2	A,X,Y	A,P,X,Y	$00,$01	
13	9304	BattlePresentation_Entry_9304	Direct call from $13:$ADDC	A	A,P	$02,$03,$81	$9314
13	9314	BattlePresentation_Entry_9314	Direct call from $13:$930C	A,X,Y	A,P,X,Y	$00,$01,$03	
13	934A	BattlePresentation_Entry_934A	Direct call from $13:$9820	A,X	A,P,X	$8A	$B620
13	9365	BattlePresentation_Entry_9365	Direct call from $13:$9985	A,X	A,P,X	$6E11	$938B
13	937A	BattlePresentation_Entry_937A	Direct call from $13:$9A77	A,X	A,P,X	$6E11	$938B
13	938B	BattlePresentation_Entry_938B	Direct call from $13:$9367; Direct call from $13:$937C; Direct call from $13:$939C	A	A,P,X		
13	939A	BattlePresentation_Entry_939A	Direct call from $13:$9A6F	A,X	A,P,X	$6E11	$938B
13	93AB	BattlePresentation_Entry_93AB	Direct call from $13:$9528; Direct call from $13:$955E; Direct call from $13:$959D; Direct call from $13:$9BB0; Direct call from $13:$9BD7; Direct call from $13:$9F6B	A	A,P	$75D2	
13	93B4	BattlePresentation_Entry_93B4	Direct call from $13:$953D; Direct call from $13:$9570; Direct call from $13:$9BC2; Direct call from $13:$9F82	A	A,P	$75D2	
13	93BD	BattlePresentation_Entry_93BD	Direct call from $13:$954E	A	A,P	$75D2	
13	93C2	BattlePresentation_Entry_93C2	Direct call from $13:$982C; Direct call from $13:$9852	A	A,P	$75D2	
13	93D0	BattlePresentation_Entry_93D0	Direct call from $13:$9AB2	A,X	A,P		$93E1
13	93E1	BattlePresentation_Entry_93E1	Direct call from $13:$93D0	A,X,Y	A,P,X,Y		
13	9406	BattlePresentation_Entry_9406	Direct call from $13:$9933; Direct call from $13:$9DF3; Direct call from $13:$9F8D; Direct call from $13:$9F9F; Direct call from $13:$9FE2; Direct call from $13:$A3D9	A,X,Y	A,P,X,Y		
13	9467	BattlePresentation_Entry_9467	Direct call from $13:$947B	A,X,Y	A,P,Y	$00+X,$01+X	
13	9477	BattlePresentation_Entry_9477	Direct call from $13:$9C02; Direct call from $13:$9C07; Direct call from $13:$9C0C; Direct call from $13:$9C11	A,X	A,P,X		$9467
13	951B	BattlePresentation_Entry_951B	Pointer $13:$A666 (Four 12-entry battle presentation callback tables selected through $A626 and dispatched at $A559-$A589); Pointer $13:$A668 (Four 12-entry battle presentation callback tables selected through $A626 and dispatched at $A559-$A589); Pointer $13:$A66A (Four 12-entry battle presentation callback tables selected through $A626 and dispatched at $A559-$A589); Pointer $13:$A67E (Four 12-entry battle presentation callback tables selected through $A626 and dispatched at $A559-$A589); Pointer $13:$A75D (Callback field in the first battle-effect record list dispatched at $A744)	A	A,P	$81	$91EF,$9201,$9276,$93AB,$95B8
13	9533	BattlePresentation_Entry_9533	Pointer $13:$A636 (Four 12-entry battle presentation callback tables selected through $A626 and dispatched at $A559-$A589); Pointer $13:$A638 (Four 12-entry battle presentation callback tables selected through $A626 and dispatched at $A559-$A589); Pointer $13:$A63A (Four 12-entry battle presentation callback tables selected through $A626 and dispatched at $A559-$A589); Pointer $13:$A66C (Four 12-entry battle presentation callback tables selected through $A626 and dispatched at $A559-$A589); Pointer $13:$A66E (Four 12-entry battle presentation callback tables selected through $A626 and dispatched at $A559-$A589); Pointer $13:$A670 (Four 12-entry battle presentation callback tables selected through $A626 and dispatched at $A559-$A589); Pointer $13:$A680 (Four 12-entry battle presentation callback tables selected through $A626 and dispatched at $A559-$A589); Pointer $13:$A684 (Four 12-entry battle presentation callback tables selected through $A626 and dispatched at $A559-$A589); Pointer $13:$A751 (Callback field in the first battle-effect record list dispatched at $A744); Pointer $13:$A755 (Callback field in the first battle-effect record list dispatched at $A744); Pointer $13:$A761 (Callback field in the first battle-effect record list dispatched at $A744); Pointer $13:$A771 (Callback field in the first battle-effect record list dispatched at $A744)	A	A,P	$8D	$91EF,$9201,$93B4,$9611
13	9548	BattlePresentation_Entry_9548	Pointer $13:$A672 (Four 12-entry battle presentation callback tables selected through $A626 and dispatched at $A559-$A589); Pointer $13:$A674 (Four 12-entry battle presentation callback tables selected through $A626 and dispatched at $A559-$A589); Pointer $13:$A676 (Four 12-entry battle presentation callback tables selected through $A626 and dispatched at $A559-$A589); Pointer $13:$A682 (Four 12-entry battle presentation callback tables selected through $A626 and dispatched at $A559-$A589); Pointer $13:$A769 (Callback field in the first battle-effect record list dispatched at $A744)	A	A,P	$0F,$75D4,$75D5,$75D6,$75D9,$75DB,$75E5,$75EC,$81	$91EF,$9201,$9276,$93BD,$95C5,$9658,$966B,$967D,$9695,$AA54,$AA67,$AB59
13	9554	BattlePresentation_Entry_9554	Pointer $13:$A64E (Four 12-entry battle presentation callback tables selected through $A626 and dispatched at $A559-$A589)	A	A,P	$81	$9201,$9276,$93AB,$96A0
13	9569	BattlePresentation_Entry_9569	Pointer $13:$A650 (Four 12-entry battle presentation callback tables selected through $A626 and dispatched at $A559-$A589)	A	A,P	$8D	$9201,$93B4,$96F3
13	9584	BattlePresentation_Entry_9584	Direct call from $13:$AF10; Direct call from $13:$AF48; Direct call from $13:$AF97; Direct call from $13:$AFF0; Direct call from $13:$B049	A,Y	A,P,X,Y	$75D3,$75F0,$81,$8B,$8C	$85F2,$93AB,$9736
13	95B8	BattlePresentation_Entry_95B8	Direct call from $13:$952B	A	A,P	$0F,$75D4,$75D5,$75D6,$75D9,$75DB,$75E5,$75EC	$95C5,$9658,$AA54,$AA67,$AB59
13	95C5	BattlePresentation_Entry_95C5	Direct call from $13:$95BB; Direct call from $13:$9620; Direct call from $13:$9641	A,Y	A,P,X,Y	$00,$01,$0F,$75E1,$75E2	$85F2,$9766,$97A3,$97C0,$9800
13	9611	BattlePresentation_Entry_9611	Direct call from $13:$9540	A	A,P	$0F,$75D4,$75D5,$75D6,$75D9,$75DB,$75E5,$75EC,$81	$8602,$9276,$95C5,$9658,$966B,$967D,$9695,$AA54,$AA67,$AB59
13	9658	BattlePresentation_Entry_9658	Direct call from $13:$95B8; Direct call from $13:$9611; Direct call from $13:$9637; Direct call from $13:$96A0; Direct call from $13:$96F3; Direct call from $13:$9736	A	A,P	$02,$03,$75DF,$75E0,$75E1,$75E2	
13	966B	BattlePresentation_Entry_966B	Direct call from $13:$9627; Direct call from $13:$9648; Direct call from $13:$970E	A	A,P	$75DF,$75E0	
13	967D	BattlePresentation_Entry_967D	Direct call from $13:$962A; Direct call from $13:$964B	A	A,P	$02,$03	
13	9695	BattlePresentation_Entry_9695	Direct call from $13:$9631; Direct call from $13:$9652; Direct call from $13:$9715	A	A,P	$00,$01	
13	96A0	BattlePresentation_Entry_96A0	Direct call from $13:$9561	A	A,P	$0F,$75D4,$75D5,$75D6,$75D9,$75DB,$75E5,$75EC	$9658,$96AD,$AA54,$AA67,$AB59
13	96AD	BattlePresentation_Entry_96AD	Direct call from $13:$96A3; Direct call from $13:$970B	A	A,P	$0F,$75D1	$96C6,$97A3,$97C0,$97D7,$9800
13	96C6	BattlePresentation_Entry_96C6	Direct call from $13:$96AD; Direct call from $13:$9CB2; Direct call from $13:$9CDC; Direct call from $13:$9D04; Direct call from $13:$9D2D; Direct call from $13:$9D55; Direct call from $13:$9F24; Direct call from $13:$A0ED; Direct call from $13:$A3B5	A,Y	A,P,X,Y	$00,$01,$0F	$85F2
13	96F3	BattlePresentation_Entry_96F3	Direct call from $13:$9573	A	A,P,X	$0F,$75D4,$75D5,$75D6,$75D9,$75DB,$75E5,$75EC,$81	$85EE,$8602,$9276,$9658,$966B,$9695,$96AD,$AA54,$AA67,$AB59
13	9736	BattlePresentation_Entry_9736	Direct call from $13:$95B0	A	A,P,X	$02,$03,$0F,$75D4,$75D5,$75D6,$75D9,$75DB,$75E5,$75EC,$94	$8720,$8811,$8823,$9658,$977C,$97A3,$97C0,$9800,$AA54,$AA67,$AB59
13	9766	BattlePresentation_Entry_9766	Direct call from $13:$95F0	A	A,P	$00,$75D1	$9787,$C851
13	977C	BattlePresentation_Entry_977C	Direct call from $13:$9757	A	A,P,Y	$00,$75D1	$83AA,$9787
13	9787	BattlePresentation_Entry_9787	Direct call from $13:$9766; Direct call from $13:$977C	A,X	A,P,X	$00,$00+X,$01,$01+X	$86C7
13	97A3	BattlePresentation_Entry_97A3	Direct call from $13:$95F3; Direct call from $13:$96B9; Direct call from $13:$975A; Direct call from $13:$9CC5; Direct call from $13:$9CF7; Direct call from $13:$9D69	A,Y	A,P,X,Y	$00,$01	$8D77
13	97C0	BattlePresentation_Entry_97C0	Direct call from $13:$95F6; Direct call from $13:$96BC; Direct call from $13:$975D; Direct call from $13:$9CC8; Direct call from $13:$9CFA; Direct call from $13:$9D6C	A	A,P,X		$8176
13	97D7	BattlePresentation_Entry_97D7	Direct call from $13:$96C2; Direct call from $13:$9CCB; Direct call from $13:$9CFD; Direct call from $13:$9D26; Direct call from $13:$9D44; Direct call from $13:$9D6F	A	A,P		
13	9800	BattlePresentation_Entry_9800	Direct call from $13:$95F9; Direct call from $13:$96BF; Direct call from $13:$9760; Direct call from $13:$9CCE; Direct call from $13:$9D00; Direct call from $13:$9D29; Direct call from $13:$9D47; Direct call from $13:$9D72	A,X	A,P,X	$00+X,$01+X,$19	$8330
13	980B	BattlePresentation_Entry_980B	Pointer $13:$A642 (Four 12-entry battle presentation callback tables selected through $A626 and dispatched at $A559-$A589); Pointer $13:$A644 (Four 12-entry battle presentation callback tables selected through $A626 and dispatched at $A559-$A589); Pointer $13:$A646 (Four 12-entry battle presentation callback tables selected through $A626 and dispatched at $A559-$A589); Pointer $13:$A65A (Four 12-entry battle presentation callback tables selected through $A626 and dispatched at $A559-$A589); Pointer $13:$A65C (Four 12-entry battle presentation callback tables selected through $A626 and dispatched at $A559-$A589); Pointer $13:$A65E (Four 12-entry battle presentation callback tables selected through $A626 and dispatched at $A559-$A589)	A	A,P	$75D2,$7B,$82,$8D	$8AB5,$9201,$934A,$93C2,$9948,$99C5,$AD26
13	984D	BattlePresentation_Entry_984D	Pointer $13:$A660 (Four 12-entry battle presentation callback tables selected through $A626 and dispatched at $A559-$A589)	A	A,P	$02,$03,$75D2,$75D4,$75D5,$75D7,$75D8,$75DB,$75E5,$75E6,$75E7,$7B,$82,$8A,$8C,$8D	$8610,$861C,$93C2,$99C5,$AA54
13	98AC	BattlePresentation_Entry_98AC	Pointer $13:$A786 (Callback field in the second battle-effect record list dispatched at $A744)	A	A,P	$75D2,$7B,$82,$8D	$8AB5,$9201,$934A,$93C2,$9933,$9948,$99C5,$AD26
13	98BC	BattlePresentation_Entry_98BC	Pointer $13:$A782 (Callback field in the second battle-effect record list dispatched at $A744)	A,X	A,P,X	$75D2,$7B,$82,$8D	$8AAB,$8AB5,$9201,$934A,$93C2,$9933,$9948,$99C5,$AD26
13	98E9	BattlePresentation_Entry_98E9	Pointer $13:$A77E (Callback field in the second battle-effect record list dispatched at $A744)	A,X	A,P,X	$75D2,$7B,$82,$8D	$8AB5,$9201,$934A,$93C2,$9933,$9948,$99C5,$AD26
13	990E	BattlePresentation_Entry_990E	Pointer $13:$A78A (Callback field in the second battle-effect record list dispatched at $A744)	A	A,P	$75D2,$75D4,$75D5,$75D7,$75D8,$75DB,$75E5,$75E6,$75E7	$9933,$993D,$AA54
13	9933	BattlePresentation_Entry_9933	Direct call from $13:$98AC; Direct call from $13:$98BC; Direct call from $13:$98E9; Direct call from $13:$990E	A	A,P	$00	$9406
13	993D	BattlePresentation_Entry_993D	Direct call from $13:$991E; Direct call from $13:$9926	A	A,P	$75D2	$99C5
13	9948	BattlePresentation_Entry_9948	Direct call from $13:$9841	A	A,P,X,Y	$00,$01,$0E,$75D4,$75D5,$75D7,$75D8,$75DB,$75E5,$75E6,$75E7	$8176,$83AA,$8610,$861C,$9365,$999F,$AA54,$ABF7,$AC09,$AC19,$AC3C,$C813,$C851
13	999F	BattlePresentation_Entry_999F	Direct call from $13:$9958	A	A,P	$04,$05	
13	99C5	BattlePresentation_Entry_99C5	Direct call from $13:$9810; Direct call from $13:$9855; Direct call from $13:$9942	A,Y	A,P,Y	$7B,$7C,$82	$8866,$9A03,$9A0B,$9B0D
13	9A03	BattlePresentation_Entry_9A03	Direct call from $13:$99E6; Direct call from $13:$99F0	A,X	A,P,X		
13	9A0B	BattlePresentation_Entry_9A0B	Direct call from $13:$99C5	A	A,P,Y	$75C1,$75C2,$75C3,$75C4,$75C5,$75C6,$75C7,$75C8,$81,$8A,$8B,$8C,$8D,$8E,$8F,$90,$91	$8D77,$9A50
13	9A50	BattlePresentation_Entry_9A50	Direct call from $13:$9A3E; Direct call from $13:$9A43; Direct call from $13:$9A48	A,X,Y	A,P,X,Y	$01,$02,$03,$04,$75C1+X,$75C2+X,$82,$8A+X,$8B+X	$819A,$8330,$937A,$939A,$9AAA
13	9AAA	BattlePresentation_Entry_9AAA	Direct call from $13:$9A54	A,Y	A,P,Y		$9AB2
13	9AB2	BattlePresentation_Entry_9AB2	Direct call from $13:$9AAC	A,X	A,P,X	$00,$7B	$93D0
13	9B0D	BattlePresentation_Entry_9B0D	Direct call from $13:$99D2	A,X,Y	A,P,X,Y	$04,$05	$8610,$861C,$8866,$89F5,$9B97,$C851
13	9B97	BattlePresentation_Entry_9B97	Direct call from $13:$9B4E; Direct call from $13:$9B8C	A	A,P,X,Y		$8176,$83AA
13	9BA6	BattlePresentation_Entry_9BA6	Pointer $13:$A63E (Four 12-entry battle presentation callback tables selected through $A626 and dispatched at $A559-$A589); Pointer $13:$A759 (Callback field in the first battle-effect record list dispatched at $A744)	A	A,P	$81	$9201,$9276,$93AB,$9CA8
13	9BBB	BattlePresentation_Entry_9BBB	Pointer $13:$A63C (Four 12-entry battle presentation callback tables selected through $A626 and dispatched at $A559-$A589); Pointer $13:$A652 (Four 12-entry battle presentation callback tables selected through $A626 and dispatched at $A559-$A589); Pointer $13:$A654 (Four 12-entry battle presentation callback tables selected through $A626 and dispatched at $A559-$A589); Pointer $13:$A765 (Callback field in the first battle-effect record list dispatched at $A744); Pointer $13:$A76D (Callback field in the first battle-effect record list dispatched at $A744); Pointer $13:$A779 (Callback field in the first battle-effect record list dispatched at $A744)	A	A,P	$8D	$9201,$93B4,$9C3A
13	9BCD	BattlePresentation_Entry_9BCD	Pointer $13:$A686 (Four 12-entry battle presentation callback tables selected through $A626 and dispatched at $A559-$A589)	A	A,P	$81	$9201,$9276,$93AB,$9D4B
13	9BE2	BattlePresentation_Entry_9BE2	Pointer $13:$A68A (Four 12-entry battle presentation callback tables selected through $A626 and dispatched at $A559-$A589); Pointer $13:$A775 (Callback field in the first battle-effect record list dispatched at $A744)	A,Y	A,P,X,Y	$00,$01,$75D1,$75D2,$75E1,$75E2,$81,$8C	$8216,$89F5,$8D77,$9201,$9477,$A9C2
13	9C3A	BattlePresentation_Entry_9C3A	Direct call from $13:$9BC5	A	A,P,X	$00,$01,$75DF,$75E0,$75E1,$75E2,$81	$85EE,$8602,$9276,$9C89,$A9C2
13	9C89	BattlePresentation_Entry_9C89	Direct call from $13:$9C63	A,Y	A,P,Y	$00,$01,$0F,$75D1	$8D77,$96C6,$97A3,$97C0,$97D7,$9800,$9D76
13	9CA8	BattlePresentation_Entry_9CA8	Direct call from $13:$9BB3	A	A,P	$75E1,$75E2	$9CB2,$A9C2
13	9CB2	BattlePresentation_Entry_9CB2	Direct call from $13:$9CA8	A,Y	A,P,Y	$0F,$75D1	$96C6,$97A3,$97C0,$97D7,$9800
13	9D4B	BattlePresentation_Entry_9D4B	Direct call from $13:$9BDA	A	A,P	$75E1,$75E2	$9D55,$A9C2
13	9D55	BattlePresentation_Entry_9D55	Direct call from $13:$9D4B	A,Y	A,P,Y	$0F,$75D1	$96C6,$97A3,$97C0,$97D7,$9800
13	9D76	BattlePresentation_Entry_9D76	Direct call from $13:$9D41; Direct call from $13:$A0AF	A,X,Y	A,P,X,Y	$00,$00+X,$01,$01+X,$19	$8330,$8D77
13	9D9C	BattlePresentation_Entry_9D9C	Pointer $13:$A648 (Four 12-entry battle presentation callback tables selected through $A626 and dispatched at $A559-$A589)	A	A,P	$75D2,$8C	$9DB0,$AC63
13	9DB0	BattlePresentation_Entry_9DB0	Direct call from $13:$9DA1; Direct call from $13:$9E02	A,Y	A,P,Y	$7B,$82,$8A	$89F5,$8A6B
13	9DEC	BattlePresentation_Entry_9DEC	Pointer $13:$A78F (Callback field in the third battle-effect record list dispatched at $A744)	A	A,P	$75D2,$75D4,$75D5,$75DB,$75E5,$75E6,$82,$8C	$8AB5,$9406,$9DB0,$AA54
13	9E31	BattlePresentation_Entry_9E31	Pointer $13:$A64A (Four 12-entry battle presentation callback tables selected through $A626 and dispatched at $A559-$A589); Pointer $13:$A662 (Four 12-entry battle presentation callback tables selected through $A626 and dispatched at $A559-$A589)	A,Y	A,P,X,Y	$00,$01,$75D2,$82,$8A,$8C	$861C,$8A6B,$8AB5,$AC63
13	9E35	BattlePresentation_Entry_9E35	Pointer $13:$A664 (Four 12-entry battle presentation callback tables selected through $A626 and dispatched at $A559-$A589)	A,Y	A,P,X,Y	$00,$01,$75D2,$82,$8A,$8C	$861C,$8A6B,$8AB5,$AC63
13	9E8B	BattlePresentation_Entry_9E8B	Pointer $13:$A64C (Four 12-entry battle presentation callback tables selected through $A626 and dispatched at $A559-$A589)	A,Y	A,P,Y	$75D2,$82,$8A,$8C	$8A6B,$AC63
13	9EC3	BattlePresentation_Entry_9EC3	Pointer $13:$A678 (Four 12-entry battle presentation callback tables selected through $A626 and dispatched at $A559-$A589); Pointer $13:$A688 (Four 12-entry battle presentation callback tables selected through $A626 and dispatched at $A559-$A589)	A,X	A,P,X	$00,$75D2,$75DA,$75DB,$81,$94,$95	$9F24,$9F4E,$C827,$C891
13	9F24	BattlePresentation_Entry_9F24	Direct call from $13:$9EED	A,Y	A,P,X,Y	$00	$9276,$96C6,$9F4E,$C827
13	9F4E	BattlePresentation_Entry_9F4E	Direct call from $13:$9ECE; Direct call from $13:$9F44	A	A,P,X	$00,$01	
13	9F5A	BattlePresentation_Entry_9F5A	Pointer $13:$A67A (Four 12-entry battle presentation callback tables selected through $A626 and dispatched at $A559-$A589); Pointer $13:$A68C (Four 12-entry battle presentation callback tables selected through $A626 and dispatched at $A559-$A589)	A	A,P	$81	$93AB,$A3B2,$A3D9,$A3F1,$ACB1
13	9F76	BattlePresentation_Entry_9F76	Pointer $13:$A68E (Four 12-entry battle presentation callback tables selected through $A626 and dispatched at $A559-$A589); Pointer $13:$A794 (Callback field in the fourth battle-effect record list dispatched at $A744)	A	A,P	$8D	$93B4,$A366,$A3D9,$A3F1
13	9F8D	BattlePresentation_Entry_9F8D	Pointer $13:$A690 (Four 12-entry battle presentation callback tables selected through $A626 and dispatched at $A559-$A589)	A	A,P		$9406,$A2E7,$A4DC
13	9F9F	BattlePresentation_Entry_9F9F	Pointer $13:$A640 (Four 12-entry battle presentation callback tables selected through $A626 and dispatched at $A559-$A589)	A,X	A,P,X		$9406,$A276,$A4DC
13	9FB8	BattlePresentation_Entry_9FB8	Pointer $13:$A67C (Four 12-entry battle presentation callback tables selected through $A626 and dispatched at $A559-$A589)	X	P,X		$A1F2,$A4DC
13	9FC7	BattlePresentation_Entry_9FC7	Pointer $13:$A692 (Four 12-entry battle presentation callback tables selected through $A626 and dispatched at $A559-$A589)	A	A,P	$75DA,$75DB,$82	$8AB5,$A0E5,$A113
13	9FE2	BattlePresentation_Entry_9FE2	Pointer $13:$A656 (Four 12-entry battle presentation callback tables selected through $A626 and dispatched at $A559-$A589)	A	A,P	$75D2,$82	$8AB5,$9406,$A043,$A085,$AD0E
13	A00D	BattlePresentation_Entry_A00D	Pointer $13:$A658 (Four 12-entry battle presentation callback tables selected through $A626 and dispatched at $A559-$A589)	A	A,P	$75D2,$75DA,$75DB,$7B,$82	$8AB5,$A043
13	A043	BattlePresentation_Entry_A043	Direct call from $13:$9FF4; Direct call from $13:$A01A	A,X,Y	A,P,X,Y	$00	$8176,$83AA,$861C,$8866,$89B6,$89F5,$A0C0
13	A085	BattlePresentation_Entry_A085	Direct call from $13:$9FEB	A,X	A,P,X,Y	$00,$01	$8176,$83AA,$A0A5
13	A0A5	BattlePresentation_Entry_A0A5	Direct call from $13:$A085	A	A,P,X,Y	$81,$94,$95	$9D76,$C81D
13	A0C0	BattlePresentation_Entry_A0C0	Direct call from $13:$A060	A,Y	A,P,Y	$00,$01,$81	$8D77
13	A0E5	BattlePresentation_Entry_A0E5	Direct call from $13:$9FC7	A,X	A,P,X	$7C,$81,$94	$96C6,$A42F
13	A113	BattlePresentation_Entry_A113	Direct call from $13:$9FCC	A,X,Y	A,P,X,Y	$7B,$7C,$7D,$82,$8A	$8176,$83AA,$8866,$89B6,$89F5,$A199,$A1B8
13	A199	BattlePresentation_Entry_A199	Direct call from $13:$A14E	A,Y	A,P,Y	$02,$03,$0C,$0D,$0E,$0F	$8823
13	A1B8	BattlePresentation_Entry_A1B8	Direct call from $13:$A113	A,X,Y	A,P,X,Y	$8B,$8C,$8D,$8E	$86C7
13	A1F2	BattlePresentation_Entry_A1F2	Direct call from $13:$9FBE	A,X,Y	A,P,X,Y	$00,$00+X,$01,$7B,$7C,$7D,$81	$899C
13	A276	BattlePresentation_Entry_A276	Direct call from $13:$9FAF	A,X,Y	A,P,X,Y	$00,$01,$02,$03,$04,$81	$8176,$83AA,$899C
13	A2E7	BattlePresentation_Entry_A2E7	Direct call from $13:$9F96	A,Y	A,P,X,Y	$7B,$7C,$7D,$7E,$81,$82	$83AA,$8842,$8856,$8A6B
13	A366	BattlePresentation_Entry_A366	Direct call from $13:$9F85	A	A,P	$0E,$0F,$75E1,$75E2,$75E3,$81,$8C	$8602,$A3B2,$A4C8,$ACB1
13	A3B2	BattlePresentation_Entry_A3B2	Direct call from $13:$9F66; Direct call from $13:$A37A	A,X	A,P,X	$7C	$8811,$9276,$96C6,$A42F
13	A3D9	BattlePresentation_Entry_A3D9	Direct call from $13:$9F5A; Direct call from $13:$9F76	A	A,P		$9406
13	A3F1	BattlePresentation_Entry_A3F1	Direct call from $13:$9F5F; Direct call from $13:$9F7B	A,X,Y	A,P,X,Y	$75DF,$75E0,$82	$8719,$8866,$89B6
13	A42F	BattlePresentation_Entry_A42F	Direct call from $13:$A107; Direct call from $13:$A3C1	A	A,P	$81,$94	$A444,$A488
13	A444	BattlePresentation_Entry_A444	Direct call from $13:$A432	A,X,Y	A,P,X,Y	$0C,$0D,$7B,$82	$8866,$89B6,$A5AA
13	A488	BattlePresentation_Entry_A488	Direct call from $13:$A43D	A,X	A,P,X	$02,$03,$7C,$81,$94,$95	$92E2
13	A4C8	BattlePresentation_Entry_A4C8	Direct call from $13:$A390	A	A,P	$75E3	
13	A4DC	BattlePresentation_Entry_A4DC	Direct call from $13:$9F9B; Direct call from $13:$9FB4; Direct call from $13:$9FC3	A	A,P	$75DA,$75DB	
13	A4E8	BattlePresentation_Entry_A4E8	Direct call from $13:$8F4A	A,X	A,P,X	$00,$81	$8D77,$8F16,$A509
13	A509	BattlePresentation_Entry_A509	Direct call from $13:$A4FA	A,X,Y	A,P,X,Y	($88),Y,$94,$95	$81A5,$8330,$C813
13	A54C	BattlePresentation_Entry_A54C	Pointer $13:$A694 (Four 12-entry battle presentation callback tables selected through $A626 and dispatched at $A559-$A589)		P		
13	A54D	BattlePresentation_Entry_A54D	Direct call from $13:$AF1A; Direct call from $13:$AF32; Direct call from $13:$AF37; Direct call from $13:$AF3F; Direct call from $13:$AF50; Direct call from $13:$AF55; Direct call from $13:$AF5A; Direct call from $13:$AF5F; Direct call from $13:$AF64; Direct call from $13:$AF69; Direct call from $13:$AF7C; Direct call from $13:$AF81; Direct call from $13:$AF86; Direct call from $13:$AF8B; Direct call from $13:$AF9F; Direct call from $13:$AFA4; Direct call from $13:$AFA9; Direct call from $13:$AFAE; Direct call from $13:$AFB3; Direct call from $13:$AFB8; Direct call from $13:$AFBD; Direct call from $13:$AFC2; Direct call from $13:$AFCA; Direct call from $13:$AFCF; Direct call from $13:$AFD4; Direct call from $13:$AFE4; Direct call from $13:$AFF8; Direct call from $13:$AFFD; Direct call from $13:$B002; Direct call from $13:$B007; Direct call from $13:$B00C; Direct call from $13:$B011; Direct call from $13:$B016; Direct call from $13:$B01B; Direct call from $13:$B023; Direct call from $13:$B028; Direct call from $13:$B038; Direct call from $13:$B03D	A,X,Y	A,P,X,Y	$75D3,$75F0,$86,$87,$88,$89	$A58D,$A5FC
13	A58D	BattlePresentation_Entry_A58D	Direct call from $13:$A554; Direct call from $13:$A8E5	A,Y	A,P	$0C,$0D	$A5AA
13	A5AA	BattlePresentation_Entry_A5AA	Direct call from $13:$A461; Direct call from $13:$A594; Direct call from $13:$AD62; Direct call from $13:$AED7	A,X,Y	A,P,X,Y	$00,$01,$0F,$86,$87	$89B6,$A61A,$C813
13	A5FC	BattlePresentation_Entry_A5FC	Direct call from $13:$A54E	A,Y	A,P,Y		$89F5
13	A61A	BattlePresentation_Entry_A61A	Direct call from $13:$A5AA; Direct call from $13:$A5C7	A	A,P	$00	
13	A6C6	BattlePresentation_Entry_A6C6	Direct call from $13:$AF13; Direct call from $13:$AF4B; Direct call from $13:$AF9A; Direct call from $13:$AFF3; Direct call from $13:$B04C	A,X,Y	A,P,X,Y	$75F1,$79,$7A	$89B6,$A703,$A73C
13	A6CA	BattlePresentation_Entry_A6CA	Direct call from $13:$AF22; Direct call from $13:$AF6C; Direct call from $13:$AFC5; Direct call from $13:$B01E; Direct call from $13:$B04F	A,X,Y	A,P,X,Y	$75F1,$79,$7A	$89B6,$A703,$A73C
13	A6CE	BattlePresentation_Entry_A6CE	Direct call from $13:$AF25; Direct call from $13:$AF6F; Direct call from $13:$AFD7; Direct call from $13:$B02B; Direct call from $13:$B052	A,X,Y	A,P,X,Y	$75F1,$79,$7A	$89B6,$A703,$A73C
13	A6D2	BattlePresentation_Entry_A6D2	Direct call from $13:$AF3A; Direct call from $13:$AF8E; Direct call from $13:$AFE7; Direct call from $13:$B040; Direct call from $13:$B05D	A,X,Y	A,P,X,Y	$75F1,$79,$7A	$89B6,$A703,$A73C
13	A703	BattlePresentation_Entry_A703	Direct call from $13:$A6ED	A,X,Y	A,P,X,Y	$00,$01,$7355,$75D3,$86,$87	
13	A73C	BattlePresentation_Entry_A73C	Direct call from $13:$A6F2	A	A,P	$75F0	
13	A797	BattlePresentation_Entry_A797	Direct call from $13:$A9B2; Pointer $13:$8026 (28-entry code dispatch table; first target is $8038)	A,X,Y	A,P,X,Y	$00,$01,$02,$03,$04,$05	$89F5,$8A6B,$A85B,$A8AA
13	A85B	BattlePresentation_Entry_A85B	Direct call from $13:$A806	A,X,Y	A,P,X,Y	$06,$07,$08	
13	A8AA	BattlePresentation_Entry_A8AA	Direct call from $13:$A7CB; Direct call from $13:$A834	A,X,Y	A,P,X,Y	$03,$04,$05,$06,$07,$08	$899C
13	A8D5	BattlePresentation_Entry_A8D5	Direct call from $13:$A8C6	A	A,P	$75F3,$75F4,$75F5	
13	A8E1	BattlePresentation_Entry_A8E1	Direct call from $13:$A8C9	A,X,Y	A,P,X	$75F3,$75F4	$A58D
13	A906	BattlePresentation_Entry_A906	Direct call from $13:$A8CC	A,Y	A,P,Y		$89B6
13	A92E	BattlePresentation_Entry_A92E	Direct call from $13:$A8CF	A,X	A,P,X	$75F0	
13	A9C2	BattlePresentation_Entry_A9C2	Direct call from $13:$ACAB	A	A,P	$0F,$75D4,$75D5,$75D6,$75D9,$75DB,$75E5,$75EC	$AA54,$AA67,$AB59
13	AA54	BattlePresentation_Entry_AA54	Direct call from $13:$AA4D; Direct call from $13:$ABF3; Direct call from $13:$AC9F; Direct call from $13:$AD0A	A	A,P	$75DA,$75F2	
13	AA67	BattlePresentation_Entry_AA67	Direct call from $13:$A9C8	A,Y	A,P,X,Y	$08,$09,$0A,$0B,$0C,$0D,$0E,$0F,$1A	$8176,$8330,$8366,$83AA,$8454,$C813
13	AB59	BattlePresentation_Entry_AB59	Direct call from $13:$AA23	A,X,Y	A,P,X,Y	$08,$09,$0D,$0E,$0F	$83F4,$89B6
13	ABF7	BattlePresentation_Entry_ABF7	Direct call from $13:$ABA4	A	A,P		
13	AC09	BattlePresentation_Entry_AC09	Direct call from $13:$AB9F	A,X	A,P,X		
13	AC19	BattlePresentation_Entry_AC19	Direct call from $13:$ABA9	A	A,P	$0A,$0B	
13	AC3C	BattlePresentation_Entry_AC3C	Direct call from $13:$ABAC	A	A,P	$0C,$0D	
13	AC63	BattlePresentation_Entry_AC63	Direct call from $13:$9DAC; Direct call from $13:$9E87; Direct call from $13:$9EBF	A	A,P	$75D4,$75D5,$75DB,$75E5,$75E6	$AA54
13	ACB1	BattlePresentation_Entry_ACB1	Direct call from $13:$9F6E; Direct call from $13:$A3AE	A	A,P,X,Y	$0A,$0B,$0C,$0D,$75D4,$75D5,$75DB	$8176,$819A,$83AA,$AA54
13	AD0E	BattlePresentation_Entry_AD0E	Direct call from $13:$A001	A	A,P	$75D4,$75DA,$75DB	
13	AD26	BattlePresentation_Entry_AD26	Direct call from $13:$981D	A,X,Y	A,P,X,Y	$00,$0C,$0D,$8C,$8D,$95	$8198,$86D6,$8719,$87D9,$8823,$8866,$A5AA,$ADC0,$C851
13	ADC0	BattlePresentation_Entry_ADC0	Direct call from $13:$AD83	A,X	A,P,X	$04,$8A,$8B,$94,$95	$819A,$9304,$C851
13	AE11	BattlePresentation_Entry_AE11	Direct call from $13:$811D	A,Y	A,P,X,Y	$00,$01,$0C,$0D,$7368,$75EF,$7B,$82,$8A,$8B,$8C,$94,$95	$8187,$8330,$89F5,$8A6B,$A5AA,$AEA6,$AEAF,$AEB4,$C81D
13	AEA6	BattlePresentation_Entry_AEA6	Direct call from $13:$AE46	X	A,P,X		$AEC0,$C7FB
13	AEAF	BattlePresentation_Entry_AEAF	Direct call from $13:$AE57	A	A,P	$8B,$8C	
13	AEB4	BattlePresentation_Entry_AEB4	Direct call from $13:$AE4F	X	A,P,X		$AEC0,$C7FB
13	AEC0	BattlePresentation_Entry_AEC0	Direct call from $13:$AEA6; Direct call from $13:$AEB4	X	P,X		
13	AF10	BattlePresentation_Entry_AF10	Pointer $13:$807E (Eight-entry battle-state handler table selected by doubled state $75E8 at $8062-$8071)	A,X	A,P,X	$7300+X,$7324+X	$9135,$91A0,$9584,$A54D,$A6C6,$A6CA,$A6CE,$A6D2,$B0E0
13	AF48	BattlePresentation_Entry_AF48	Pointer $13:$8080 (Eight-entry battle-state handler table selected by doubled state $75E8 at $8062-$8071)	A,X	A,P,X	$7300+X,$7324+X	$9135,$91A0,$9584,$A54D,$A6C6,$A6CA,$A6CE,$A6D2,$B0E0
13	AF97	BattlePresentation_Entry_AF97	Pointer $13:$807C (Eight-entry battle-state handler table selected by doubled state $75E8 at $8062-$8071)	A,X	A,P,X	$7300+X,$7324+X	$9135,$91A0,$9584,$A54D,$A6C6,$A6CA,$A6CE,$A6D2,$B0E0
13	AFF0	BattlePresentation_Entry_AFF0	Pointer $13:$807A (Eight-entry battle-state handler table selected by doubled state $75E8 at $8062-$8071)	A,X	A,P,X	$7300+X,$7324+X	$9135,$91A0,$9584,$A54D,$A6C6,$A6CA,$A6CE,$A6D2,$B0E0
13	B049	BattlePresentation_Entry_B049	Pointer $13:$8082 (Eight-entry battle-state handler table selected by doubled state $75E8 at $8062-$8071); Pointer $13:$8084 (Eight-entry battle-state handler table selected by doubled state $75E8 at $8062-$8071); Pointer $13:$8086 (Eight-entry battle-state handler table selected by doubled state $75E8 at $8062-$8071)	A,X	A,P,X	$7300+X,$7324+X	$9135,$91A0,$9584,$A6C6,$A6CA,$A6CE,$A6D2,$B0E0
13	B066	BattlePresentation_Entry_B066	Pointer $13:$8016 (28-entry code dispatch table; first target is $8038)	A,X	A,P,X		$B08C
13	B08C	BattlePresentation_Entry_B08C	Direct call from $13:$B083	A,X,Y	A,P,X	$01,$619B+X	$B0B4,$B0BD,$C891
13	B0B4	BattlePresentation_Entry_B0B4	Direct call from $13:$92B1; Direct call from $13:$B08D	A,Y	A,P,Y		$B0BD
13	B0BD	BattlePresentation_Entry_B0BD	Direct call from $13:$B09A; Direct call from $13:$B0B4	A	A,P		$B0C3
13	B0C3	BattlePresentation_Entry_B0C3	Direct call from $13:$B0BD	A,X,Y	A,P,X,Y	$00	
13	B0E0	BattlePresentation_Entry_B0E0	Direct call from $13:$AF42; Direct call from $13:$AF91; Direct call from $13:$AFEA; Direct call from $13:$B043; Direct call from $13:$B060	A,Y	A,P,X,Y	$00,$01,$02,$03,$04,$75DA,$75DB	$83F4,$89B6,$B132
13	B132	BattlePresentation_Entry_B132	Direct call from $13:$B0EF	A,X,Y	A,P,Y		$B14B
13	B14B	BattlePresentation_Entry_B14B	Direct call from $13:$B136	A,X,Y	A,P,X	$00	
13	B15F	BattlePresentation_Entry_B15F	Pointer $13:$8BAF (104-entry battle-action handler table indexed through the $8B8B base pointer at $8599 and dispatched at $8509)	A	A,P	$75B1,$75B2	$8198,$8236,$8875
13	B16A	BattlePresentation_Entry_B16A	Pointer $13:$8BB1 (104-entry battle-action handler table indexed through the $8B8B base pointer at $8599 and dispatched at $8509)	A	A,P	$75B5,$75B6	$8198,$8236,$B1E5
13	B175	BattlePresentation_Entry_B175	Pointer $13:$8BAB (104-entry battle-action handler table indexed through the $8B8B base pointer at $8599 and dispatched at $8509)	A	A,P	$75B9,$75BA	$8236,$8275,$82C9,$8875,$8930,$B190,$B1E5
13	B190	BattlePresentation_Entry_B190	Direct call from $13:$B178; Direct call from $13:$B181; Direct call from $13:$B18A; Direct call from $13:$B1F1; Direct call from $13:$B1FA; Direct call from $13:$B203	A,X	A,P,X	$00+X,$01+X,$19	$8330
13	B195	BattlePresentation_Entry_B195	Pointer $13:$8BAD (104-entry battle-action handler table indexed through the $8B8B base pointer at $8599 and dispatched at $8509)	A	A,P	$75B9,$75BA	$8236,$8275,$82C9,$8875,$8930,$B1B0,$B1E5
13	B1B0	BattlePresentation_Entry_B1B0	Direct call from $13:$B198; Direct call from $13:$B1A1; Direct call from $13:$B1AA; Direct call from $13:$B280; Direct call from $13:$B289; Direct call from $13:$B292	A	A,P	$94,$95	$8198,$8231
13	B1B8	BattlePresentation_Entry_B1B8	Pointer $13:$8BB3 (104-entry battle-action handler table indexed through the $8B8B base pointer at $8599 and dispatched at $8509)	A	A,P	$75B9,$75BA,$94,$95	$81E0,$8236,$8275,$82C9,$8875,$8930,$B1E5
13	B1DF	BattlePresentation_Entry_B1DF	Direct call from $13:$B1EE; Direct call from $13:$B209; Direct call from $13:$B229; Direct call from $13:$B262; Direct call from $13:$B27D; Direct call from $13:$B3FE; Direct call from $13:$B427	A	A,P	$0E,$0F,$94,$95	$873B,$87D9
13	B1E5	BattlePresentation_Entry_B1E5	Direct call from $13:$B16A; Direct call from $13:$B175; Direct call from $13:$B195; Direct call from $13:$B1B8	A	A,P	$0E,$0F,$94,$95	$8737,$87D9
13	B1EE	BattlePresentation_Entry_B1EE	Pointer $13:$8C0F (104-entry battle-action handler table indexed through the $8B8B base pointer at $8599 and dispatched at $8509)	A	A,P	$75BB,$75BC	$8236,$828A,$82DE,$8879,$8934,$B190,$B1DF
13	B209	BattlePresentation_Entry_B209	Pointer $13:$8C15 (104-entry battle-action handler table indexed through the $8B8B base pointer at $8599 and dispatched at $8509)	A	A,P	$75BB,$75BC	$8236,$828A,$82DE,$8879,$8934,$B1DF,$B224
13	B224	BattlePresentation_Entry_B224	Direct call from $13:$B20C; Direct call from $13:$B215; Direct call from $13:$B21E	A,X	A,P,X	$00+X,$01+X,$19	$8330
13	B229	BattlePresentation_Entry_B229	Pointer $13:$8C13 (104-entry battle-action handler table indexed through the $8B8B base pointer at $8599 and dispatched at $8509)	A	A,P	$75BB,$75BC	$8236,$828A,$82DE,$8879,$8934,$B1DF
13	B23B	BattlePresentation_Entry_B23B	Pointer $13:$8C17 (104-entry battle-action handler table indexed through the $8B8B base pointer at $8599 and dispatched at $8509)	A	A,P	$75B3,$75B4	$8198,$8236,$8879
13	B24C	BattlePresentation_Entry_B24C	Pointer $13:$8BBF (104-entry battle-action handler table indexed through the $8B8B base pointer at $8599 and dispatched at $8509)	A	A,P	$75B1,$75B2	$8198,$8236,$886B
13	B257	BattlePresentation_Entry_B257	Pointer $13:$8BC1 (104-entry battle-action handler table indexed through the $8B8B base pointer at $8599 and dispatched at $8509)	A	A,P	$75B1,$75B2	$8198,$8236,$886B
13	B262	BattlePresentation_Entry_B262	Pointer $13:$8C01 (104-entry battle-action handler table indexed through the $8B8B base pointer at $8599 and dispatched at $8509)	A	A,P	$75BB,$75BC,$94,$95	$8198,$81E0,$8236,$828A,$8934,$B1DF
13	B27D	BattlePresentation_Entry_B27D	Pointer $13:$8C4F (104-entry battle-action handler table indexed through the $8B8B base pointer at $8599 and dispatched at $8509)	A	A,P	$75BB,$75BC	$8236,$828A,$82DE,$8879,$8934,$B1B0,$B1DF
13	B298	BattlePresentation_Entry_B298	Pointer $13:$8C57 (104-entry battle-action handler table indexed through the $8B8B base pointer at $8599 and dispatched at $8509)	A	A,P	$75B3,$75B4	$8198,$8236,$8879
13	B2A3	BattlePresentation_Entry_B2A3	Pointer $13:$8BBB (104-entry battle-action handler table indexed through the $8B8B base pointer at $8599 and dispatched at $8509)	A	A,P	$75B1,$75B2	$8236,$B2BA
13	B2AB	BattlePresentation_Entry_B2AB	Pointer $13:$8BFB (104-entry battle-action handler table indexed through the $8B8B base pointer at $8599 and dispatched at $8509); Pointer $13:$8BFD (104-entry battle-action handler table indexed through the $8B8B base pointer at $8599 and dispatched at $8509); Pointer $13:$8BFF (104-entry battle-action handler table indexed through the $8B8B base pointer at $8599 and dispatched at $8509)	A,X	A,P,X	$75B3,$75B4	$8236,$B2BA
13	B2BA	BattlePresentation_Entry_B2BA	Direct call from $13:$B2A5; Direct call from $13:$B2B1	A,X	A,P,X	$00,$00+X,$01+X,$0E,$0F,$19,$94,$95	$8330,$86E5,$C813,$C851
13	B392	BattlePresentation_Entry_B392	Direct call from $13:$B3FB; Direct call from $13:$B424; Pointer $13:$8BEF (104-entry battle-action handler table indexed through the $8B8B base pointer at $8599 and dispatched at $8509); Pointer $13:$8C53 (104-entry battle-action handler table indexed through the $8B8B base pointer at $8599 and dispatched at $8509)	A,X	A,P,X		$8236,$8784,$8823,$B3D7,$B3EB,$C813
13	B3B2	BattlePresentation_Entry_B3B2	Pointer $13:$8BF1 (104-entry battle-action handler table indexed through the $8B8B base pointer at $8599 and dispatched at $8509)	A,X	A,P,X	$94,$95	$8236,$B3D7,$B3EB
13	B3CA	BattlePresentation_Entry_B3CA	Pointer $13:$8BF3 (104-entry battle-action handler table indexed through the $8B8B base pointer at $8599 and dispatched at $8509)	A,X	A,P,X	$94,$95	$8236,$B3D7,$B3EB,$C827
13	B3D7	BattlePresentation_Entry_B3D7	Direct call from $13:$B3A9; Direct call from $13:$B3C3	A,Y	A,P,Y	$75A3+Y,$75A4+Y	
13	B3EB	BattlePresentation_Entry_B3EB	Direct call from $13:$B392; Direct call from $13:$B3B2; Direct call from $13:$B3CA	A,Y	A,P,X,Y		$899C
13	B3FB	BattlePresentation_Entry_B3FB	Pointer $13:$8BF5 (104-entry battle-action handler table indexed through the $8B8B base pointer at $8599 and dispatched at $8509)	A	A,P	$75BB,$75BC	$8236,$828A,$82DE,$8879,$8934,$B1DF,$B392,$B419
13	B419	BattlePresentation_Entry_B419	Direct call from $13:$B401; Direct call from $13:$B40A; Direct call from $13:$B413	A	A,P	$94,$95	$8198,$8231
13	B421	BattlePresentation_Entry_B421	Pointer $13:$8BF7 (104-entry battle-action handler table indexed through the $8B8B base pointer at $8599 and dispatched at $8509)	A,X	A,P,X		$8236,$8784,$8823,$B3D7,$B3EB,$C813
13	B424	BattlePresentation_Entry_B424	Pointer $13:$8BF9 (104-entry battle-action handler table indexed through the $8B8B base pointer at $8599 and dispatched at $8509)	A	A,P	$75BB,$75BC	$81E0,$8236,$828A,$82DE,$8879,$8934,$B1DF,$B392
13	B442	BattlePresentation_Entry_B442	Pointer $13:$8BB7 (104-entry battle-action handler table indexed through the $8B8B base pointer at $8599 and dispatched at $8509)	A	A,P	$75BD,$75BE	$81E0,$8236,$87B9
13	B44B	BattlePresentation_Entry_B44B	Pointer $13:$8BB9 (104-entry battle-action handler table indexed through the $8B8B base pointer at $8599 and dispatched at $8509)	A	A,P,X	$75BD,$75BE,$94,$95	$8198,$8236,$87B9,$C813
13	B461	BattlePresentation_Entry_B461	Pointer $13:$8BB5 (104-entry battle-action handler table indexed through the $8B8B base pointer at $8599 and dispatched at $8509); Pointer $13:$8C11 (104-entry battle-action handler table indexed through the $8B8B base pointer at $8599 and dispatched at $8509); Pointer $13:$8C1B (104-entry battle-action handler table indexed through the $8B8B base pointer at $8599 and dispatched at $8509); Pointer $13:$8C1D (104-entry battle-action handler table indexed through the $8B8B base pointer at $8599 and dispatched at $8509); Pointer $13:$8C1F (104-entry battle-action handler table indexed through the $8B8B base pointer at $8599 and dispatched at $8509); Pointer $13:$8C21 (104-entry battle-action handler table indexed through the $8B8B base pointer at $8599 and dispatched at $8509); Pointer $13:$8C23 (104-entry battle-action handler table indexed through the $8B8B base pointer at $8599 and dispatched at $8509); Pointer $13:$8C25 (104-entry battle-action handler table indexed through the $8B8B base pointer at $8599 and dispatched at $8509); Pointer $13:$8C27 (104-entry battle-action handler table indexed through the $8B8B base pointer at $8599 and dispatched at $8509); Pointer $13:$8C29 (104-entry battle-action handler table indexed through the $8B8B base pointer at $8599 and dispatched at $8509); Pointer $13:$8C2B (104-entry battle-action handler table indexed through the $8B8B base pointer at $8599 and dispatched at $8509); Pointer $13:$8C2D (104-entry battle-action handler table indexed through the $8B8B base pointer at $8599 and dispatched at $8509); Pointer $13:$8C2F (104-entry battle-action handler table indexed through the $8B8B base pointer at $8599 and dispatched at $8509); Pointer $13:$8C31 (104-entry battle-action handler table indexed through the $8B8B base pointer at $8599 and dispatched at $8509); Pointer $13:$8C33 (104-entry battle-action handler table indexed through the $8B8B base pointer at $8599 and dispatched at $8509); Pointer $13:$8C35 (104-entry battle-action handler table indexed through the $8B8B base pointer at $8599 and dispatched at $8509); Pointer $13:$8C37 (104-entry battle-action handler table indexed through the $8B8B base pointer at $8599 and dispatched at $8509); Pointer $13:$8C39 (104-entry battle-action handler table indexed through the $8B8B base pointer at $8599 and dispatched at $8509); Pointer $13:$8C3B (104-entry battle-action handler table indexed through the $8B8B base pointer at $8599 and dispatched at $8509); Pointer $13:$8C3D (104-entry battle-action handler table indexed through the $8B8B base pointer at $8599 and dispatched at $8509); Pointer $13:$8C3F (104-entry battle-action handler table indexed through the $8B8B base pointer at $8599 and dispatched at $8509); Pointer $13:$8C41 (104-entry battle-action handler table indexed through the $8B8B base pointer at $8599 and dispatched at $8509); Pointer $13:$8C47 (104-entry battle-action handler table indexed through the $8B8B base pointer at $8599 and dispatched at $8509)		P		
13	B462	BattlePresentation_Entry_B462	Pointer $13:$8028 (28-entry code dispatch table; first target is $8038)	A,Y	A,P,Y	$6E,$82	$8A6B
13	B489	BattlePresentation_Entry_B489	Pointer $13:$800E (28-entry code dispatch table; first target is $8038)		P		$B496,$B4BA,$B4E8,$B573
13	B496	BattlePresentation_Entry_B496	Direct call from $13:$B48C	A	A,P	$04	$B553
13	B4BA	BattlePresentation_Entry_B4BA	Direct call from $13:$B48F	A,X	A,P,X	$00	
13	B4E8	BattlePresentation_Entry_B4E8	Direct call from $13:$B492	A	P	$03	
13	B553	BattlePresentation_Entry_B553	Direct call from $13:$B4B5; Direct call from $13:$B4DB; Direct call from $13:$B53C; Pointer $13:$8010 (28-entry code dispatch table; first target is $8038)	A	A,P,X	$00,$01	
13	B573	BattlePresentation_Entry_B573	Direct call from $13:$B489; Pointer $13:$8002 (28-entry code dispatch table; first target is $8038)	A,X	A,P,X	$00,$01	$B5AD
13	B5AD	BattlePresentation_Entry_B5AD	Direct call from $13:$B575		P		
13	B5BC	BattlePresentation_Entry_B5BC	Direct call from $13:$91F6	A,X	A,P,X		
13	B5E4	BattlePresentation_Entry_B5E4	Pointer $13:$800A (28-entry code dispatch table; first target is $8038)	A,X	A,P,X	$00,$70,$7D	$B61D
13	B61D	BattlePresentation_Entry_B61D	Direct call from $13:$B5EC		P		
13	B620	BattlePresentation_Entry_B620	Direct call from $13:$934D	A,X	A,P,X		
13	B66B	BattlePresentation_Entry_B66B	Direct call from $13:$B718; Pointer $13:$8004 (28-entry code dispatch table; first target is $8038)	A	A,P		
13	B6CB	BattlePresentation_Entry_B6CB	Direct call from $13:$B68C; Direct call from $13:$B6C5	A	P	$00	
13	B6DD	BattlePresentation_Entry_B6DD	Direct call from $13:$B68F	A	P	$00	
13	B718	BattlePresentation_Entry_B718	Pointer $13:$800C (28-entry code dispatch table; first target is $8038)	A	A,P	$00	$B66B
13	B72E	BattlePresentation_Entry_B72E	Pointer $13:$8006 (28-entry code dispatch table; first target is $8038)	X	A,P		
13	B732	BattlePresentation_Entry_B732	Pointer $13:$8008 (28-entry code dispatch table; first target is $8038)	X	A,P		
13	B7E3	BattlePresentation_Entry_B7E3	Pointer $13:$801E (28-entry code dispatch table; first target is $8038)	A,X	A,P	$4B0B+X	
13	B90B	BattlePresentation_Entry_B90B	Direct call from $13:$B915; Pointer $13:$8012 (28-entry code dispatch table; first target is $8038)	A	A,P		$B953
13	B915	BattlePresentation_Entry_B915	Pointer $13:$8014 (28-entry code dispatch table; first target is $8038)	A,X	A,P,X	$6E10	$B90B,$B953
13	B930	BattlePresentation_Entry_B930	Direct call from $13:$8912; Pointer $13:$8018 (28-entry code dispatch table; first target is $8038)	A	A,P		$B953
13	B937	BattlePresentation_Entry_B937	Pointer $13:$801A (28-entry code dispatch table; first target is $8038)	A	A,P		$B953
13	B949	BattlePresentation_Entry_B949	Pointer $13:$801C (28-entry code dispatch table; first target is $8038)	A	A,P		$B953
13	B953	BattlePresentation_Entry_B953	Direct call from $13:$B90C; Direct call from $13:$B91D; Direct call from $13:$B931; Direct call from $13:$B938; Direct call from $13:$B949	A,X	A,P,X	$6E10	
13	BBCB	BattlePresentation_Entry_BBCB	Pointer $13:$802A (28-entry code dispatch table; first target is $8038)		P		
13	BCEA	BattlePresentation_Entry_BCEA	Pointer $13:$802C (28-entry code dispatch table; first target is $8038)	A,X	A,P	$F7F0	
13	BE81	BattlePresentation_Entry_BE81	Pointer $13:$8030 (28-entry code dispatch table; first target is $8038)	A,X,Y	A,P	$4DF0	
13	BEA8	BattlePresentation_Entry_BEA8	Pointer $13:$8032 (28-entry code dispatch table; first target is $8038)	A,X,Y	A,P	$0673+X,$08+X,$12+X,$24,$2B2D,$76,$E1+Y	
13	BF21	BattlePresentation_Entry_BF21	Pointer $13:$8034 (28-entry code dispatch table; first target is $8038)	A,X,Y	A,P	$94E0	
13	BF65	BattlePresentation_Entry_BF65	Pointer $13:$8036 (28-entry code dispatch table; first target is $8038)	X	P	$BF96+X	
14	8034	Bank14_BattleTurnEngine	Pointer $14:$8020 (26-entry code dispatch table followed by code at $8034)	A,X	A,P,X	$0444+X,$05FC+X,$05FD,$06A0+X,$6E49+X,$C7,$C9,$CA	$8211,$C5AF
14	812F	BattleTurnEngine_Entry_812F	Pointer $14:$8014 (26-entry code dispatch table followed by code at $8034)	A,X,Y	A,P,X,Y	$0440+X,$6E49+X,$C4,$C5,$C6,$C7	$81CF,$81F4,$85AB,$91D3,$926B,$9292,$92EF,$93AB,$93F2,$9439,$946E,$9496,$9682,$9686,$969C,$9ADD,$9B4E,$9C4A,$9C54,$9C71,$9F0C,$C5AF,$FF74
14	81CF	BattleTurnEngine_Entry_81CF	Direct call from $14:$8129; Direct call from $14:$81C6	A,X	A,P,X	$0200+X,$4014,$C7	$9822,$C58F
14	81F4	BattleTurnEngine_Entry_81F4	Direct call from $14:$81B0	A,X	A,P,X	$6E45+X,$6E49+X	
14	8211	BattleTurnEngine_Entry_8211	Direct call from $14:$8038	A,X	A,P,X	$738D+X,$C7	$82CC,$9ED1
14	8220	BattleTurnEngine_Entry_8220	Pointer $14:$8000 (26-entry code dispatch table followed by code at $8034)	A,X	A,P,X	$738D+X,$C7	$822F,$9ED1
14	822F	BattleTurnEngine_Entry_822F	Direct call from $14:$8226; Direct call from $14:$8885; Direct call from $14:$88E4; Direct call from $14:$8A2E	A,X	A,P,X,Y	$0300,$0301,$0302,$0303+X,$04,$0440+X,$0444+X,$0448+X,$050B,$0690+X,$0698+X,$06A0+X,$1F,$C4,$C6	$8367,$837F,$83B7,$9A40,$9AC6,$9B8C,$9C1D,$9E7F,$C5B9,$C62D,$FF74
14	82CC	BattleTurnEngine_Entry_82CC	Direct call from $14:$8217	A,X	A,P,X	$0440+X,$0444+X,$0448+X,$0690+X,$0698+X,$06A0+X,$C4,$C6	$9A40,$9AC6,$9B8C,$9E7F
14	82E9	BattleTurnEngine_Entry_82E9	Pointer $14:$8002 (26-entry code dispatch table followed by code at $8034)	A,X	A,P,X,Y	$00,$01,$C7	$8364,$8367,$83A5,$83B7,$9653,$9665,$9ED1,$C5B9,$C90C
14	8364	BattleTurnEngine_Entry_8364	Direct call from $14:$8347; Direct call from $14:$A403		P		
14	8367	BattleTurnEngine_Entry_8367	Direct call from $14:$822F; Direct call from $14:$82E9		P,X		
14	837F	BattleTurnEngine_Entry_837F	Direct call from $14:$8240; Direct call from $14:$8245; Direct call from $14:$824A; Direct call from $14:$824F		P,X		$83A5,$C5B9,$C90C,$EEC6
14	83A5	BattleTurnEngine_Entry_83A5	Direct call from $14:$830C; Direct call from $14:$837F	A	A,P	$0606,$060A,$060D,$060F	$83B7
14	83B7	BattleTurnEngine_Entry_83B7	Direct call from $14:$8265; Direct call from $14:$82F9; Direct call from $14:$83A5	A,Y	P,Y	$05FC+Y	
14	83C2	BattleTurnEngine_Entry_83C2	Pointer $14:$8004 (26-entry code dispatch table followed by code at $8034)	A,X,Y	A,P,X,Y	$00+X,$0508+Y,$D6,$D7	$C73E,$C770,$C90C,$FF74
14	8414	BattleTurnEngine_Entry_8414	Pointer $14:$8008 (26-entry code dispatch table followed by code at $8034)	A,X,Y	A,P,X,Y	$05FB+X,$2001,$D6	$9653,$9665,$C5B9,$C90C
14	841C	BattleTurnEngine_Entry_841C	Pointer $14:$8006 (26-entry code dispatch table followed by code at $8034)	A,X,Y	A,P,X,Y	$05FB+X,$2001,$D6	$9653,$9665,$C5B9,$C90C
14	8454	BattleTurnEngine_Entry_8454	Pointer $14:$8032 (26-entry code dispatch table followed by code at $8034)		P		
14	8480	BattleTurnEngine_Entry_8480	Direct call from $14:$845D; Direct call from $14:$8469	A	A,P	$00,$01	$8496
14	8496	BattleTurnEngine_Entry_8496	Direct call from $14:$8474; Direct call from $14:$8486	A,X,Y	A,P,X,Y	$02,$0600+Y	$C5B9
14	84DF	BattleTurnEngine_Entry_84DF	Direct call from $14:$8A5A; Pointer $14:$800A (26-entry code dispatch table followed by code at $8034)	A	A,P	$C4,$C5,$C7	$9320,$93F2,$9439,$9ADD,$9BE4,$9CBA,$9E1C,$9E34,$9E42,$9E5E,$9ED1,$9F0C
14	852E	BattleTurnEngine_Entry_852E	Direct call from $14:$8A60; Pointer $14:$800C (26-entry code dispatch table followed by code at $8034)	A,X	A,P,X	$0440+X,$0690+X,$0698+X,$7385+X,$7392+X,$C4,$C7	$8583,$946E,$9496,$9CBA,$9E42,$9E8F,$9ED1,$9F0C,$C5B9
14	8583	BattleTurnEngine_Entry_8583	Direct call from $14:$856D; Direct call from $14:$9114	A,X,Y	A,P,X,Y	$00,$01,$02,$03,$047A+X,$047E,$0650+X,$0690+X,$0698+X,$06A0+X,$06A8,$06A9,$7385+Y,$7392+Y,$7600+X,$760C+Y,$C0,$C1,$C4,$C6,$C9,$CB,$CC,$D1,$D2,$D6,$D7,$D8	$924F,$9510,$9D21,$9D4B,$9DCC,$9E76,$9F26,$9F66,$9F8D,$9FA9,$9FEB,$C73E
14	85AB	BattleTurnEngine_Entry_85AB	Direct call from $14:$81C3	A,X	A,P,X	$02,$03,$1F,$6E59,$C4,$C8	$8625,$969C,$9F1A
14	860A	BattleTurnEngine_Entry_860A	Direct call from $14:$85F2	A,X	A,P	$02,$03,$C4,$C8	$969C
14	8625	BattleTurnEngine_Entry_8625	Direct call from $14:$85C5	A,X,Y	A,P,X,Y	$0300,$0301,$0302,$0303+X,$050B,$16,$17,$18,$19,$1F,$C0,$C1	$C62D
14	8642	BattleTurnEngine_Entry_8642	Pointer $14:$8012 (26-entry code dispatch table followed by code at $8034)	Y	A,P		
14	8653	BattleTurnEngine_Entry_8653	Pointer $14:$800E (26-entry code dispatch table followed by code at $8034)	A	A,P	$C4,$D6,$D8	$93F2,$9593,$9E42
14	8669	BattleTurnEngine_Entry_8669	Pointer $14:$8010 (26-entry code dispatch table followed by code at $8034)	A,X,Y	A,P,X,Y	$0440+X,$0477,$0478,$7385+X,$7392+X,$C5,$C7,$D2	$86C5,$946E,$9E7F,$C5B9
14	86C5	BattleTurnEngine_Entry_86C5	Direct call from $14:$86AD	A,X,Y	A,P,X,Y	$0477,$0478,$0690+X,$0698+X,$C5	$9822,$9A40
14	86ED	BattleTurnEngine_Entry_86ED	Pointer $14:$8018 (26-entry code dispatch table followed by code at $8034)	A,X,Y	A,P,X,Y	$0440+Y,$0690+X,$7385+Y,$7392+Y,$C5,$C6,$C7	$8737,$877A,$93D2,$9822,$9DCC,$9E7F,$9ED1,$C5B9
14	8737	BattleTurnEngine_Entry_8737	Direct call from $14:$86F0; Pointer $14:$8016 (26-entry code dispatch table followed by code at $8034)		P,X		
14	877A	BattleTurnEngine_Entry_877A	Direct call from $14:$86F9; Direct call from $14:$86FE	A,X,Y	A,P,X,Y	$05FD+Y,$D6	$8784,$951F
14	8784	BattleTurnEngine_Entry_8784	Direct call from $14:$876D; Direct call from $14:$8774; Direct call from $14:$877A	A,X,Y	A,P,X,Y	$D9	$878F,$94C5
14	878F	BattleTurnEngine_Entry_878F	Direct call from $14:$8784	A,X,Y	A,P,X,Y	$00,$0477+Y,$D8	
14	87C9	BattleTurnEngine_Entry_87C9	Pointer $14:$801E (26-entry code dispatch table followed by code at $8034)	A,X,Y	A,P,X,Y	$00,$01,$0300,$0301,$0302,$0303+X,$0304+X,$0313+X,$0314+X,$044C+X,$0469+X,$050B,$C4,$C6	$8921,$89DD,$89F0,$9E7F,$9ED1,$BD00,$C62D
14	88CC	BattleTurnEngine_Entry_88CC	Pointer $14:$8026 (26-entry code dispatch table followed by code at $8034)	X	P	$C6	$9E7F,$9ED1
14	8921	BattleTurnEngine_Entry_8921	Direct call from $14:$885A; Direct call from $14:$88AE; Direct call from $14:$8903	A	A,P	$0609,$060A,$060B	
14	8933	BattleTurnEngine_Entry_8933	Direct call from $14:$8875; Direct call from $14:$88D7	A,X,Y	A,P,X,Y	$00,$01,$02,$03,$D6,$D8	$8974,$C73E,$C90C
14	8974	BattleTurnEngine_Entry_8974	Direct call from $14:$896C	A,Y	A,P,X,Y	$00,$01,$03,$D8	$C73E
14	899C	BattleTurnEngine_Entry_899C	Direct call from $14:$88BF; Direct call from $14:$88C4; Direct call from $14:$8914; Direct call from $14:$8919	A,Y	A,P,X,Y	$00,$01,$03	$C73E
14	89C6	BattleTurnEngine_Entry_89C6	Direct call from $14:$88AB; Direct call from $14:$88C7; Direct call from $14:$8900; Direct call from $14:$891C	A,Y	A,P,X,Y	$00,$01,$02,$03	$C73E
14	89DD	BattleTurnEngine_Entry_89DD	Direct call from $14:$87D9	A	A,P	$C4	$9E0C
14	89F0	BattleTurnEngine_Entry_89F0	Direct call from $14:$87D1	A	A,P	$C4	$9E1C
14	8A04	BattleTurnEngine_Entry_8A04	Pointer $14:$801A (26-entry code dispatch table followed by code at $8034)	A,X	A,P,X	$04,$06,$0609,$060A,$060B,$738D+X,$C4,$C7	$822F,$84DF,$8A69,$8AA7,$8ACB,$8AE2,$8C07,$C5B9
14	8A69	BattleTurnEngine_Entry_8A69	Direct call from $14:$8A04	A,X,Y	A,P,X,Y	$0300,$0301,$0302,$0303+X,$050B,$16,$17,$18,$19,$1F,$C0,$C1	$9E0C,$C62D
14	8A76	BattleTurnEngine_Entry_8A76	Direct call from $14:$8A63	A,X,Y	A,P,X,Y	$0300,$0301,$0302,$0303+X,$050B,$16,$17,$18,$19,$1F,$C0,$C1	$9E0C,$C62D
14	8AA7	BattleTurnEngine_Entry_8AA7	Direct call from $14:$8A1F	A,Y	A,P,Y	$04,$C7	
14	8ACB	BattleTurnEngine_Entry_8ACB	Direct call from $14:$8A28	A,X	A,P,X	$00,$01,$02,$03	$8C8C
14	8AE2	BattleTurnEngine_Entry_8AE2	Direct call from $14:$8A34	A,X	A,P,X,Y	$08,$09,$0A	$8B13,$C770
14	8B13	BattleTurnEngine_Entry_8B13	Direct call from $14:$8B0B	A	A,P,X,Y	$03	$8C86,$C770
14	8B36	BattleTurnEngine_Entry_8B36	Direct call from $14:$8A3A	A,X,Y	A,P,X,Y	$00,$01,$03,$06,$08,$0C	$8BC9,$8C86,$C770,$C90C,$FF74
14	8B85	BattleTurnEngine_Entry_8B85	Direct call from $14:$8A3D	A,X	A,P,X,Y	$00,$01,$06,$0C	$8BC9,$8C86,$C770,$C90C,$FF74
14	8BC9	BattleTurnEngine_Entry_8BC9	Direct call from $14:$8BAC; Direct call from $14:$8BBF	X,Y	A,P,X,Y	$06	$8BE8
14	8BE8	BattleTurnEngine_Entry_8BE8	Direct call from $14:$8BDD	A,X	A,P,X,Y	$00,$01	$8C8C,$C770
14	8C07	BattleTurnEngine_Entry_8C07	Direct call from $14:$8A47	A,Y	A,P,X,Y	$00	$C73E,$C90C
14	8C5C	BattleTurnEngine_Entry_8C5C	Direct call from $14:$8C37; Direct call from $14:$8C41	A,X,Y	A,P,X,Y	$00,$02,$03	$C73E
14	8C86	BattleTurnEngine_Entry_8C86	Direct call from $14:$8B32; Direct call from $14:$8B7F; Direct call from $14:$8B9F		P		$8C8C
14	8C8C	BattleTurnEngine_Entry_8C8C	Direct call from $14:$8C02; Direct call from $14:$8C86	A,X,Y	A,P,X,Y	$00,$01,$03,$07	$C73E
14	8D7A	BattleTurnEngine_Entry_8D7A	Pointer $14:$801C (26-entry code dispatch table followed by code at $8034)		P		
14	8DFE	BattleTurnEngine_Entry_8DFE	Direct call from $14:$8DDE	A,X,Y	A,P,X,Y	$00,$01,$03,$2000,$2005	$8ED9,$8F3A,$8F9C,$FF74
14	8E2F	BattleTurnEngine_Entry_8E2F	Direct call from $14:$8DCA	A,X,Y	A,P,X,Y	$0300+X,$04,$05,$050B	
14	8E6B	BattleTurnEngine_Entry_8E6B	Direct call from $14:$8DCD; Direct call from $14:$8DF1	A,X	A,P,X	$0300,$0301,$0302,$0303+X,$0410+X,$050B	
14	8E9D	BattleTurnEngine_Entry_8E9D	Direct call from $14:$8DD0; Direct call from $14:$8DF4	A,X	A,P,X	$0200+X,$0300,$0301,$0302,$0303+X,$030B+X,$050B	
14	8ED9	BattleTurnEngine_Entry_8ED9	Direct call from $14:$8E19	A,X,Y	A,P,X,Y	$01,$2000,$2005	$FF74
14	8F3A	BattleTurnEngine_Entry_8F3A	Direct call from $14:$8E15	A,X,Y	A,P,X,Y	$02,$03,$04	
14	8F9C	BattleTurnEngine_Entry_8F9C	Direct call from $14:$8DD7; Direct call from $14:$8E0F; Direct call from $14:$8E29	A,X,Y	A,P,X,Y	$0300+Y,$04,$05,$050B,$1F	
14	9030	BattleTurnEngine_Entry_9030	Pointer $14:$802A (26-entry code dispatch table followed by code at $8034)	A,X,Y	A,P,X,Y	$00,$01,$02,$03,$04,$1F	$9099,$9C17,$9ED1,$A0B4,$C73E,$C90C,$FF74
14	9099	BattleTurnEngine_Entry_9099	Direct call from $14:$9080; Direct call from $14:$908C	A,X,Y	A,P,X,Y	$00,$04	$C73E,$C770,$FF74
14	90BE	BattleTurnEngine_Entry_90BE	Pointer $14:$8030 (26-entry code dispatch table followed by code at $8034)	A,Y	A,P,Y	$C7	$9BE4,$9E76,$9ED1
14	90D8	BattleTurnEngine_Entry_90D8	Pointer $14:$8024 (26-entry code dispatch table followed by code at $8034)	A,X	A,P,X	$05,$06A0+X,$7392+X,$C4,$C6,$C7	$8583,$913F,$914E,$915D,$9320,$9822,$9A40,$9CBA,$9E76,$9E8F,$9ED1,$C891
14	913F	BattleTurnEngine_Entry_913F	Direct call from $14:$911A; Direct call from $14:$9137	A,X	A,P,X	$06A0+X,$7392+X	
14	914E	BattleTurnEngine_Entry_914E	Direct call from $14:$9102	A,X	A,P,X,Y	$00,$03,$04,$06,$07,$08,$D3	$9C1D,$C73E,$C770,$FF74
14	915D	BattleTurnEngine_Entry_915D	Direct call from $14:$9134	A,X	A,P,X,Y	$00,$03,$04,$06,$07,$08,$D3	$9C1D,$C73E,$C770,$FF74
14	91D3	BattleTurnEngine_Entry_91D3	Direct call from $14:$812F	A,X,Y	A,P,X,Y	$00,$01,$02,$03,$0440+X,$044C+X,$045A,$0468,$0480+X,$0508,$0509,$05FC+X,$05FD,$064F+X,$0650+X,$6E4D+X,$738D+X,$75FF+X,$C0+X,$CB,$CC	$C5B9,$C73E,$FF74
14	924F	BattleTurnEngine_Entry_924F	Direct call from $14:$9894; Direct call from $14:$9A85	A,X	A,P,X	$0480+X,$064F+X,$75FF+X	
14	926B	BattleTurnEngine_Entry_926B	Direct call from $14:$8138	A,X	A,P,X	$6E45+X,$6E49+X	
14	9292	BattleTurnEngine_Entry_9292	Direct call from $14:$8135	A,X	A,P,X	$00,$01,$02,$03,$0300+X,$0303+X,$04,$045A,$0468,$050B,$2006,$C4,$CB	$969C
14	92EF	BattleTurnEngine_Entry_92EF	Direct call from $14:$80BC; Direct call from $14:$8155	A,Y	A,P,Y	$7385+Y,$7392+Y,$D3	$9320
14	9320	BattleTurnEngine_Entry_9320	Direct call from $14:$8515; Direct call from $14:$90E2; Direct call from $14:$92EF	A,X,Y	A,P,X,Y	$0650+X,$C0,$C1,$D1,$D2,$D3,$D4,$D5	$9F26,$9F66,$9F8D,$9F9F,$9FA9,$9FEB
14	93AB	BattleTurnEngine_Entry_93AB	Direct call from $14:$81BD	A,X,Y	A,P,X,Y	$C5,$C6,$C7	$93D2,$9E8F
14	93D2	BattleTurnEngine_Entry_93D2	Direct call from $14:$8106; Direct call from $14:$872F; Direct call from $14:$8DBA; Direct call from $14:$93BE	A,X,Y	A,P,X,Y	$0690+X	
14	93F2	BattleTurnEngine_Entry_93F2	Direct call from $14:$8171; Direct call from $14:$850B; Direct call from $14:$8660	A,X	A,P,X	$0476,$D6	$944D,$94B1,$94C5,$9593
14	940F	BattleTurnEngine_Entry_940F	Direct call from $14:$947E	A	A,P		
14	9439	BattleTurnEngine_Entry_9439	Direct call from $14:$816C; Direct call from $14:$8510	A,X,Y	A,P,X,Y	$0476,$D6,$D9	$94B5,$94C5,$9593
14	944D	BattleTurnEngine_Entry_944D	Direct call from $14:$9404	A,X,Y	A,P,X,Y	$D9	
14	946E	BattleTurnEngine_Entry_946E	Direct call from $14:$80E1; Direct call from $14:$8189; Direct call from $14:$855B; Direct call from $14:$8669; Direct call from $14:$889F; Direct call from $14:$88FA	A	A,P	$05FD,$D6,$D9	$940F,$94B1,$94C5,$94EF,$952F,$9593
14	9496	BattleTurnEngine_Entry_9496	Direct call from $14:$80C2; Direct call from $14:$818C; Direct call from $14:$8560		P	$D6	$94B5,$94C5,$94EF,$952F,$9593
14	94B1	BattleTurnEngine_Entry_94B1	Direct call from $14:$93F2; Direct call from $14:$946E	A,Y	A,P,Y	$D6,$D8	$9557
14	94B5	BattleTurnEngine_Entry_94B5	Direct call from $14:$9439; Direct call from $14:$9496	A,Y	A,P,Y	$D6,$D8	$9557
14	94C5	BattleTurnEngine_Entry_94C5	Direct call from $14:$8787; Direct call from $14:$93F8; Direct call from $14:$9441; Direct call from $14:$9474; Direct call from $14:$949E	A,X,Y	A,P,X,Y	$D9	
14	94EF	BattleTurnEngine_Entry_94EF	Direct call from $14:$9479; Direct call from $14:$94A3	A,X,Y	A,P,X,Y	$D9	
14	9510	BattleTurnEngine_Entry_9510	Direct call from $14:$95F9; Direct call from $14:$961E; Direct call from $14:$98E4	A,X,Y	A,P,Y		
14	951F	BattleTurnEngine_Entry_951F	Direct call from $14:$9539	A,X,Y	A,P,Y	$0444+X	
14	952F	BattleTurnEngine_Entry_952F	Direct call from $14:$9487; Direct call from $14:$94A8	A,X,Y	A,P,X,Y	$05FD+Y	$951F
14	9557	BattleTurnEngine_Entry_9557	Direct call from $14:$94B9; Direct call from $14:$95C0; Direct call from $14:$95E8; Direct call from $14:$960C	A,X,Y	A,P,X,Y	$0476,$C0,$C1	$9F9F,$9FA9
14	9593	BattleTurnEngine_Entry_9593	Direct call from $14:$865D; Direct call from $14:$93F5; Direct call from $14:$943E; Direct call from $14:$9471; Direct call from $14:$949B	A,X,Y	A,P,X,Y	$0476,$0477,$0477+X,$0478,$0479,$D6,$D8	$9557
14	95E8	BattleTurnEngine_Entry_95E8	Direct call from $14:$9ACA; Direct call from $14:$9AD1	A,X,Y	A,P,X,Y	$0476,$05FD+Y,$C4,$D9	$9510,$9557
14	9653	BattleTurnEngine_Entry_9653	Direct call from $14:$82F2; Direct call from $14:$8429	A,X	A,P,X	$0650+X	
14	9665	BattleTurnEngine_Entry_9665	Direct call from $14:$8317; Direct call from $14:$843C	A,X	A,P,X	$05FC+X	
14	9682	BattleTurnEngine_Entry_9682	Direct call from $14:$817A	A,X	A,P,X		$9E1C
14	9686	BattleTurnEngine_Entry_9686	Direct call from $14:$817F	A,X	A,P,X		$9E1C
14	969C	BattleTurnEngine_Entry_969C	Direct call from $14:$81A1; Direct call from $14:$8618; Direct call from $14:$929D	A,X	A,P,X	$044C+X,$045A+X,$0468+X,$29,$C0,$C1,$CB,$CC,$D1	$9712,$9783,$9E0C,$9E1C,$9F26,$9FA9
14	9712	Bank14_DecodeMonsterGraphicsBitplanes	Direct call from $14:$96E3; Direct call from $14:$B2B1	A,X,Y	A,P,X,Y	$0650+X,$0660+X,$0670+Y,$D6,$D7,$D8	$9F66,$9F8D,$9F9F
14	9783	BattleTurnEngine_Entry_9783	Direct call from $14:$96EC	A,X,Y	A,P,X,Y	$16,$17,$1C,$1D,$2005,$2006,$2007,$CB+X,$D6	$9F66,$9F8D,$9F9F,$9FEB
14	9822	BattleTurnEngine_Entry_9822	Direct call from $14:$81E8; Direct call from $14:$86E7; Direct call from $14:$8732; Direct call from $14:$88A8; Direct call from $14:$88FD; Direct call from $14:$90F1; Direct call from $14:$913A	A,X,Y	A,P,X,Y	$00,$01,$02,$03,$047A+X,$047E,$0650+X,$06A8,$06A9,$7600+X,$760C+Y,$C0,$C1,$C4,$C6,$C9,$CB,$CC,$D1,$D2,$D6,$D7,$D8	$924F,$9510,$9D21,$9D4B,$9E76,$9F26,$9F66,$9F8D,$9FA9,$9FEB,$C73E
14	9A40	BattleTurnEngine_Entry_9A40	Direct call from $14:$82CC; Direct call from $14:$86C7; Direct call from $14:$9129; Direct call from $14:$A024; Pointer $14:$802E (26-entry code dispatch table followed by code at $8034)	A,Y	A,P,X,Y	$00,$C4,$D2,$D3,$D6,$D7	$924F,$9D21,$9D4B,$C73E,$C770,$FF74
14	9AC6	BattleTurnEngine_Entry_9AC6	Direct call from $14:$9AB0	A	A,P	$05FD,$D8	$95E8
14	9ADD	BattleTurnEngine_Entry_9ADD	Direct call from $14:$8162; Direct call from $14:$851F	A,X,Y	A,P,X,Y	$C4,$C5,$C9,$D6,$D7,$D8,$D9	$C770
14	9B4E	BattleTurnEngine_Entry_9B4E	Direct call from $14:$8195	A,X,Y	A,P,X,Y	$00,$01,$06A0+X,$C7,$C9	$C73E
14	9B8C	BattleTurnEngine_Entry_9B8C	Direct call from $14:$82D4	A,X,Y	A,P,X,Y	$04,$05,$06A0+X	$9BE4,$9C1D,$9C32
14	9BE4	BattleTurnEngine_Entry_9BE4	Direct call from $14:$851C; Direct call from $14:$90CF; Direct call from $14:$9B8C	A,X,Y	A,P,X,Y	$C9	$9E81
14	9C17	BattleTurnEngine_Entry_9C17	Direct call from $14:$908F	A,Y	A,P,X,Y	$00,$01,$02,$03,$04	$C73E
14	9C1D	BattleTurnEngine_Entry_9C1D	Direct call from $14:$825B; Direct call from $14:$8271; Direct call from $14:$91B6; Direct call from $14:$9BBE; Direct call from $14:$A51C; Direct call from $14:$A5FE; Direct call from $14:$A6D8; Direct call from $14:$A70C; Direct call from $14:$A7CF; Direct call from $14:$A85C; Direct call from $14:$A87D	A,Y	A,P,X,Y	$00,$01,$02,$03,$04	$C73E
14	9C32	BattleTurnEngine_Entry_9C32	Direct call from $14:$9BAA	A,Y	A,P,X,Y	$04,$05	$C73E,$C770
14	9C4A	BattleTurnEngine_Entry_9C4A	Direct call from $14:$8167	A	A,P	$CA	$9C54
14	9C54	BattleTurnEngine_Entry_9C54	Direct call from $14:$80BF; Direct call from $14:$8184; Direct call from $14:$9C4D	A,X,Y	A,P,X,Y	$C5,$CA	
14	9C71	BattleTurnEngine_Entry_9C71	Direct call from $14:$8126; Direct call from $14:$81C0	A,X,Y	A,P,Y	$0698,$0698+Y,$C7,$CA	$9E76
14	9CBA	BattleTurnEngine_Entry_9CBA	Direct call from $14:$8524; Direct call from $14:$8568; Direct call from $14:$90F4	A	A,P	$D6,$D7,$D8	$9CEB
14	9CEB	BattleTurnEngine_Entry_9CEB	Direct call from $14:$9CCB	A,X,Y	A,P,X,Y		
14	9D21	BattleTurnEngine_Entry_9D21	Direct call from $14:$9891; Direct call from $14:$9A68	A,X	A,P,X	$04F2,$04F3	
14	9D4B	BattleTurnEngine_Entry_9D4B	Direct call from $14:$98EF; Direct call from $14:$9A34; Direct call from $14:$9A8B	A,X,Y	A,P,X,Y	$00,$047F+X,$04DF+X,$04F2,$04F3	$9DA2
14	9DA2	BattleTurnEngine_Entry_9DA2	Direct call from $14:$9D64; Direct call from $14:$9D74	A,X,Y	A,P,X,Y	$047F+X,$04DF+X	
14	9DCC	BattleTurnEngine_Entry_9DCC	Direct call from $14:$85A0; Direct call from $14:$8704	A,X,Y	A,P,X,Y	$C6	
14	9E0C	BattleTurnEngine_Entry_9E0C	Direct call from $14:$89E5; Direct call from $14:$8A83; Direct call from $14:$8C2D; Direct call from $14:$96A1	A	A,P	$C4	$9E1C
14	9E1C	BattleTurnEngine_Entry_9E1C	Direct call from $14:$8501; Direct call from $14:$89FB; Direct call from $14:$968A; Direct call from $14:$969C; Direct call from $14:$9E14	A,Y	A,P,Y	$C8	
14	9E34	BattleTurnEngine_Entry_9E34	Direct call from $14:$8506; Direct call from $14:$8766	A	A,P	$C4	$9E42
14	9E42	BattleTurnEngine_Entry_9E42	Direct call from $14:$84F8; Direct call from $14:$8545; Direct call from $14:$9E3B	A,Y	A,P,Y	$C6	
14	9E5E	BattleTurnEngine_Entry_9E5E	Direct call from $14:$84E7	A,Y	A,P,Y	$C7	
14	9E76	BattleTurnEngine_Entry_9E76	Direct call from $14:$90C6; Direct call from $14:$90DB; Direct call from $14:$982C; Direct call from $14:$9C9C	X	A,P,X		$9E81
14	9E7F	BattleTurnEngine_Entry_9E7F	Direct call from $14:$8109; Direct call from $14:$82CF; Direct call from $14:$8691; Direct call from $14:$870F; Direct call from $14:$875A; Direct call from $14:$87CC; Direct call from $14:$88CF	A,X	A,P,X		
14	9E81	BattleTurnEngine_Entry_9E81	Direct call from $14:$9C06; Direct call from $14:$9E78	A,X	A,P,X		
14	9E8F	BattleTurnEngine_Entry_9E8F	Direct call from $14:$8100; Direct call from $14:$8531; Direct call from $14:$910C; Direct call from $14:$93BB	A,X,Y	A,P,X,Y	$738D+X	
14	9ED1	BattleTurnEngine_Entry_9ED1	Direct call from $14:$8103; Direct call from $14:$8214; Direct call from $14:$8223; Direct call from $14:$832B; Direct call from $14:$84E2; Direct call from $14:$8536; Direct call from $14:$870C; Direct call from $14:$8757; Direct call from $14:$87C9; Direct call from $14:$88CC; Direct call from $14:$9033; Direct call from $14:$90C1; Direct call from $14:$90D8; Direct call from $14:$910F	A,X	A,P,X	$C7	
14	9F0C	BattleTurnEngine_Entry_9F0C	Direct call from $14:$80B9; Direct call from $14:$814B; Direct call from $14:$84EF; Direct call from $14:$853C	A,X	A,P,X	$C4	
14	9F1A	BattleTurnEngine_Entry_9F1A	Direct call from $14:$85CF; Pointer $14:$8022 (26-entry code dispatch table followed by code at $8034)	A,X	A,P,X		
14	9F26	Bank14_SelectMonsterGraphicsBank	Direct call from $14:$9351; Direct call from $14:$96C5; Direct call from $14:$98FA	A,X,Y	A,P,X,Y	$C2	
14	9F66	Bank14_RefillMonsterGraphicsInput	Direct call from $14:$9354; Direct call from $14:$971C; Direct call from $14:$974C; Direct call from $14:$9787; Direct call from $14:$98FD; Direct call from $14:$BE37	A,X,Y	A,P,X,Y	$00,$01,$6DF8	$C7E1
14	9F8D	Bank14_ReadMonsterGraphicsByte	Direct call from $14:$9357; Direct call from $14:$935F; Direct call from $14:$9374; Direct call from $14:$971F; Direct call from $14:$973B; Direct call from $14:$9740; Direct call from $14:$9745; Direct call from $14:$9757; Direct call from $14:$978A; Direct call from $14:$9900; Direct call from $14:$9957; Direct call from $14:$995F; Direct call from $14:$9990; Direct call from $14:$A001; Direct call from $14:$A005; Direct call from $14:$BE40	A,X,Y	A,P,X,Y	$6DF8,$C0,$C1,$C3	
14	9F9F	BattleTurnEngine_Entry_9F9F	Direct call from $14:$9371; Direct call from $14:$9574; Direct call from $14:$972B; Direct call from $14:$972E; Direct call from $14:$97A2; Direct call from $14:$97A5; Direct call from $14:$9FFE; Direct call from $14:$A012		P	$6DF8,$C0,$C1	
14	9FA9	Bank14_LoadMonsterGraphicsDescriptor	Direct call from $14:$933C; Direct call from $14:$9565; Direct call from $14:$96A6; Direct call from $14:$9848	A,X	A,P,X	$00D0,$00D1,$C0,$C1,$CD,$CE,$CF	$C888
14	9FEB	BattleTurnEngine_Entry_9FEB	Direct call from $14:$9389; Direct call from $14:$981B; Direct call from $14:$9A2A	A,Y	A,P,Y	$C0,$C1	$9F8D,$9F9F,$A00E
14	A00E	BattleTurnEngine_Entry_A00E	Direct call from $14:$A00A	A	A,P		$9F9F
14	A01B	BattleTurnEngine_Entry_A01B	Pointer $14:$8028 (26-entry code dispatch table followed by code at $8034)	A,Y	A,P,X,Y	$00,$01,$02,$03,$04	$9A40,$A02E,$A07C,$A0D5,$C73E
14	A02E	BattleTurnEngine_Entry_A02E	Direct call from $14:$A021	A	A,P	$00,$02	$A042,$A092
14	A042	BattleTurnEngine_Entry_A042	Direct call from $14:$A036; Direct call from $14:$AE8B	A,X	A,P,X	$01	
14	A07C	BattleTurnEngine_Entry_A07C	Direct call from $14:$A01B; Direct call from $14:$A473; Direct call from $14:$A4A2; Direct call from $14:$A4D3; Direct call from $14:$A763; Direct call from $14:$A7F9	A,X,Y	A,P,X,Y	$0300,$0301,$0302,$0303+X,$050B,$0650+X,$0658+X	
14	A080	BattleTurnEngine_Entry_A080	Direct call from $14:$A6B9; Direct call from $14:$A719; Direct call from $14:$A7BF; Direct call from $14:$A7E0; Direct call from $14:$A84C; Direct call from $14:$A86D	A,X,Y	A,P,X,Y	$0300,$0301,$0302,$0303+X,$050B,$0650+X,$0658+X	
14	A092	BattleTurnEngine_Entry_A092	Direct call from $14:$A03C	A,X	A,P,X	$0300,$0301,$0302,$0303+X,$050B	
14	A0B4	BattleTurnEngine_Entry_A0B4	Direct call from $14:$9030; Direct call from $14:$A3F1	A	A,P	$1F	$FF74
14	A0D5	BattleTurnEngine_Entry_A0D5	Direct call from $14:$A01E	A,X,Y	A,P,X,Y	$00,$01,$02,$03,$04,$05,$06	$C73E,$C851
14	A3F1	BattleTurnEngine_Entry_A3F1	Pointer $14:$802C (26-entry code dispatch table followed by code at $8034)	A,X	A,P,X	$00,$01,$1F	$8364,$A0B4
14	A41B	BattleTurnEngine_Entry_A41B	Pointer $14:$A40D (Seven-entry nested battle presentation dispatch table)	A,X,Y	A,P,X,Y	$01,$0300,$0301,$0302,$0303+X,$04,$050B,$0F	$A07C,$AC1A,$B0ED,$B100,$C62D,$C73E,$C770,$FF74
14	A46A	BattleTurnEngine_Entry_A46A	Pointer $14:$A40F (Seven-entry nested battle presentation dispatch table)	A	A,P,X	$0F	$A07C,$AC1A,$B100
14	A499	BattleTurnEngine_Entry_A499	Pointer $14:$A411 (Seven-entry nested battle presentation dispatch table)	A	A,P,X	$0F	$A07C,$AC1A
14	A4D0	BattleTurnEngine_Entry_A4D0	Pointer $14:$A413 (Seven-entry nested battle presentation dispatch table)		P		
14	A5ED	BattleTurnEngine_Entry_A5ED	Direct call from $14:$A591; Direct call from $14:$A5C8	X	P,X		$B0ED
14	A5F8	BattleTurnEngine_Entry_A5F8	Direct call from $14:$A4E0; Direct call from $14:$A4EE; Direct call from $14:$A500	A,X,Y	A,P,X,Y	$04,$05,$06,$07,$08,$09,$0A,$0B,$0C	$9C1D,$AFA8
14	A609	BattleTurnEngine_Entry_A609	Direct call from $14:$A527; Direct call from $14:$A53B	A,X	A,P,X	$0601,$0602	$C5B9
14	A67F	BattleTurnEngine_Entry_A67F	Pointer $14:$A415 (Seven-entry nested battle presentation dispatch table)	A,X	A,P,X	$04,$05,$08,$09,$0A,$0B	$AC1A,$B0ED
14	A736	BattleTurnEngine_Entry_A736	Pointer $14:$A417 (Seven-entry nested battle presentation dispatch table)	A,X	A,P,X	$0F	$A07C,$AA43,$AC1A,$B0ED,$B100
14	A888	BattleTurnEngine_Entry_A888	Pointer $14:$A419 (Seven-entry nested battle presentation dispatch table)		P		
14	A9FD	BattleTurnEngine_Entry_A9FD	Direct call from $14:$A962; Direct call from $14:$A97E; Direct call from $14:$A98D; Direct call from $14:$A9A0	A,X,Y	A,P,X,Y	$00,$03,$04,$05	$C73E,$C770
14	AA43	BattleTurnEngine_Entry_AA43	Direct call from $14:$A483; Direct call from $14:$A4B8; Direct call from $14:$A4C4; Direct call from $14:$A50B; Direct call from $14:$A565; Direct call from $14:$A582; Direct call from $14:$A596; Direct call from $14:$A6C3; Direct call from $14:$A71E; Direct call from $14:$A747; Direct call from $14:$A75B; Direct call from $14:$A777; Direct call from $14:$A7B2; Direct call from $14:$A7F1; Direct call from $14:$A80D; Direct call from $14:$A83F; Direct call from $14:$A91B; Direct call from $14:$A92E; Direct call from $14:$A932; Direct call from $14:$A958; Direct call from $14:$A983; Direct call from $14:$A9B2	A,X	A,P,X	$05,$06,$07,$08,$09	$AFEA
14	AC1A	BattleTurnEngine_Entry_AC1A	Direct call from $14:$A478; Direct call from $14:$A49F; Direct call from $14:$A4A9; Direct call from $14:$A5A5; Direct call from $14:$A68B; Direct call from $14:$A6B6; Direct call from $14:$A6BE; Direct call from $14:$A6DD; Direct call from $14:$A711; Direct call from $14:$A716; Direct call from $14:$A742; Direct call from $14:$A756; Direct call from $14:$A768; Direct call from $14:$A785; Direct call from $14:$A7A8; Direct call from $14:$A7D4; Direct call from $14:$A7D8; Direct call from $14:$A7EC; Direct call from $14:$A7FE; Direct call from $14:$A812; Direct call from $14:$A835; Direct call from $14:$A861; Direct call from $14:$A865; Direct call from $14:$A8B0; Direct call from $14:$A8B4; Direct call from $14:$A8E8; Direct call from $14:$A953; Direct call from $14:$A9DD; Direct call from $14:$A9E1	A,X	A,P,X	$04,$05,$06,$07,$08,$09,$0A,$0B,$0C	$AFA8
14	AE7C	BattleTurnEngine_Entry_AE7C	Direct call from $14:$A47E; Direct call from $14:$A4B1; Direct call from $14:$A772; Direct call from $14:$A808	A,X,Y	A,P,Y	$00,$01,$02,$03,$05,$06,$0F	$A042,$B07A
14	AE80	BattleTurnEngine_Entry_AE80	Direct call from $14:$A6CF; Direct call from $14:$A72A; Direct call from $14:$A7C6; Direct call from $14:$A7E7; Direct call from $14:$A853; Direct call from $14:$A874	A,X,Y	A,P,Y	$00,$01,$02,$03,$05,$06,$0F	$A042,$B07A
14	AECD	BattleTurnEngine_Entry_AECD	Direct call from $14:$A6AE; Direct call from $14:$A700; Direct call from $14:$A7A3; Direct call from $14:$A830; Direct call from $14:$A90B	A,X	A,P,X	$04	$AEEA
14	AEEA	BattleTurnEngine_Entry_AEEA	Direct call from $14:$AEDB	A,X,Y	A,P,X,Y	$00+X	$C73E,$C770,$C90C
14	AFA8	BattleTurnEngine_Entry_AFA8	Direct call from $14:$AC60	A,X,Y	A,P,X,Y	$01,$02,$04,$08	$AFBA,$B018,$C73E
14	AFBA	BattleTurnEngine_Entry_AFBA	Direct call from $14:$AFB2	A,X,Y	A,P,X,Y	$01,$02,$04	$B018,$C73E
14	AFEA	BattleTurnEngine_Entry_AFEA	Direct call from $14:$AA60	A	A,P	$08	$AFFF
14	AFFF	BattleTurnEngine_Entry_AFFF	Direct call from $14:$AFF4; Direct call from $14:$AFF9	A,Y	A,P,Y		$B054,$C65A
14	B018	BattleTurnEngine_Entry_B018	Direct call from $14:$AFBF	A,Y	A,P,X,Y	$00,$03	$B054
14	B054	BattleTurnEngine_Entry_B054	Direct call from $14:$B001; Direct call from $14:$B01C	A,Y	A,P,X	$00,$01	
14	B07A	BattleTurnEngine_Entry_B07A	Direct call from $14:$AEB1	A,X,Y	A,P,X,Y	$0300,$0301,$0302,$0303+X,$0304+X,$0305+X,$0306+X,$0307+X,$0308+X,$04,$050B	
14	B0ED	BattleTurnEngine_Entry_B0ED	Direct call from $14:$A442; Direct call from $14:$A4BF; Direct call from $14:$A559; Direct call from $14:$A576; Direct call from $14:$A5A0; Direct call from $14:$A5CB; Direct call from $14:$A5EF; Direct call from $14:$A681; Direct call from $14:$A738; Direct call from $14:$A74C; Direct call from $14:$A891; Direct call from $14:$A8DE; Direct call from $14:$A916; Direct call from $14:$A925; Direct call from $14:$A929; Direct call from $14:$A93C; Direct call from $14:$A940; Direct call from $14:$A94A; Direct call from $14:$A94E; Direct call from $14:$A967; Direct call from $14:$A96B; Direct call from $14:$A975; Direct call from $14:$A979; Direct call from $14:$A992; Direct call from $14:$A996; Direct call from $14:$A9A5; Direct call from $14:$A9A9; Direct call from $14:$A9AD; Direct call from $14:$A9BC; Direct call from $14:$A9C6; Direct call from $14:$A9CA; Direct call from $14:$A9D4; Direct call from $14:$A9D8; Direct call from $14:$A9EB; Direct call from $14:$A9F5	A	A,P	$1F	$B100,$C62D
14	B100	BattleTurnEngine_Entry_B100	Direct call from $14:$A470; Direct call from $14:$A760; Direct call from $14:$A7BC; Direct call from $14:$A7DD; Direct call from $14:$A7F6; Direct call from $14:$A849; Direct call from $14:$A86A; Direct call from $14:$B0ED	A,X	A,P,X	$0300,$0301,$0302,$05,$050B,$08,$29,$C0,$C1,$C2	$B2AD
14	B2AD	BattleTurnEngine_Entry_B2AD	Direct call from $14:$B160	A,X,Y	A,P,X,Y	$01,$0303+Y,$05,$7600+Y	$9712
14	BD00	BattleTurnEngine_Entry_BD00	Direct call from $14:$87DE	A,X,Y	A,P,X,Y	$00,$01,$02,$03,$06,$07,$09,$0C,$0D,$0E,$0F,$24	$BDFF,$BE19,$BE27,$C3EA,$C827
14	BDFF	BattleTurnEngine_Entry_BDFF	Direct call from $14:$BDF4	A,X,Y	A,P,X,Y	$0650+Y,$09,$0D	
14	BE19	BattleTurnEngine_Entry_BE19	Direct call from $14:$BD16; Direct call from $14:$BD1C; Direct call from $14:$BD2B	A,Y	A,P,Y	$23,$24	$C3CE
14	BE27	BattleTurnEngine_Entry_BE27	Direct call from $14:$BD85; Direct call from $14:$BDE1	A,X,Y	A,P,X,Y	$0650+Y,$C0,$C1,$C2	$9F66,$9F8D
15	98F8	Bank15_InterpretEffectScript	Pointer $15:$801E (26-entry code dispatch table)	A	A,P		$9925,$C8CC,$D218
15	9914	ItemEffectInventory_Entry_9914	Direct call from $15:$9CA2	A,X,Y	A,P,X	$00	
15	9919	ItemEffectInventory_Entry_9919	Direct call from $15:$9BB7	A,Y	A,P	$00	
15	9925	ItemEffectInventory_Entry_9925	Direct call from $15:$98F8	A,X,Y	A,P,X	$E7,$E8,$E9,$FD,$FE,$FF	
15	9956	ItemEffectInventory_Entry_9956	Direct call from $15:$993C; Direct call from $15:$A9C3; Direct call from $15:$AEA0; Direct call from $15:$B51E	A	P		
15	9962	ItemEffectInventory_Entry_9962	Direct call from $15:$9942	A,X,Y	A,P,X,Y	$00,$01,$627B+X,$DA,$DB,$DC	$9919,$99CE,$9C42,$9C63,$9C92,$9CBF,$B7FB
15	99CE	ItemEffectInventory_Entry_99CE	Direct call from $15:$9BCB	A,X,Y	A,P,X,Y	$00,$DC	$9A7B,$9A8C,$9A93,$9A96,$9AA3,$9AB0,$9AC3,$9AC9,$9AD1,$9AF5,$9B09,$9B10,$9B1D,$9B38,$9B77,$9BA8
15	9A7B	ItemEffectInventory_Entry_9A7B	Direct call from $15:$9A5A; Direct call from $15:$9A74	A,Y	A,P,Y	$DC	
15	9A8C	ItemEffectInventory_Entry_9A8C	Direct call from $15:$99E1	Y	A,P,Y		$A769
15	9A93	ItemEffectInventory_Entry_9A93	Direct call from $15:$99EB		A,P		
15	9A96	ItemEffectInventory_Entry_9A96	Direct call from $15:$9A31	A,X,Y	A,P,X,Y		
15	9AA3	ItemEffectInventory_Entry_9AA3	Direct call from $15:$9A3B	A,X,Y	A,P,X,Y		
15	9AB0	ItemEffectInventory_Entry_9AB0	Direct call from $15:$9A45	A,X,Y	A,P,X,Y		
15	9AC3	ItemEffectInventory_Entry_9AC3	Direct call from $15:$99F5		P,X		
15	9AC9	ItemEffectInventory_Entry_9AC9	Direct call from $15:$99FF; Direct call from $15:$9CA5; Direct call from $15:$9F20; Direct call from $15:$9F37; Direct call from $15:$9F4E; Direct call from $15:$A019; Direct call from $15:$A0C3; Direct call from $15:$A131; Direct call from $15:$A2E5; Direct call from $15:$A2F1; Direct call from $15:$A319; Direct call from $15:$A37A; Direct call from $15:$A3AD; Direct call from $15:$A3D8; Direct call from $15:$A411; Direct call from $15:$A41D; Direct call from $15:$A455; Direct call from $15:$A504; Direct call from $15:$A524; Direct call from $15:$A5B1; Direct call from $15:$A5D4; Direct call from $15:$A7E9; Direct call from $15:$A88C; Direct call from $15:$A8C0; Direct call from $15:$A9D4; Direct call from $15:$A9F4; Direct call from $15:$AA4C; Direct call from $15:$AA62; Direct call from $15:$AAB2; Direct call from $15:$AADC; Direct call from $15:$AB00; Direct call from $15:$AB0B; Direct call from $15:$AB3A; Direct call from $15:$AB4A; Direct call from $15:$AD1C; Direct call from $15:$AD6A; Direct call from $15:$AD72; Direct call from $15:$AD7A; Direct call from $15:$ADB3; Direct call from $15:$ADBE; Direct call from $15:$ADF9; Direct call from $15:$AF57; Direct call from $15:$B8CB; Direct call from $15:$B8E5; Direct call from $15:$B9BE; Direct call from $15:$BCCD; Direct call from $15:$BCFB; Direct call from $15:$BDD3; Direct call from $15:$BDFF; Direct call from $15:$BE50; Direct call from $15:$BE6A; Direct call from $15:$BF24	A	A,P		$B7B5
15	9AD1	ItemEffectInventory_Entry_9AD1	Direct call from $15:$9A09	Y	A,P,Y		
15	9AD4	ItemEffectInventory_Entry_9AD4	Direct call from $15:$9D6A		P		
15	9AF5	ItemEffectInventory_Entry_9AF5	Direct call from $15:$9A13	Y	A,P,Y		
15	9AF8	ItemEffectInventory_Entry_9AF8	Direct call from $15:$ABE0; Direct call from $15:$AC0E		P		
15	9B09	ItemEffectInventory_Entry_9B09	Direct call from $15:$9A1D	A,Y	A,P,Y	$00	$9B1D,$9B38,$9B77,$9CE5
15	9B10	ItemEffectInventory_Entry_9B10	Direct call from $15:$9A27	A,Y	A,P,Y	$00	$9B1D,$9B38,$9B77
15	9B1D	ItemEffectInventory_Entry_9B1D	Direct call from $15:$9A6A; Direct call from $15:$9B64	A,Y	A,P,Y	$00	$9B1D,$9B38,$9B77
15	9B38	ItemEffectInventory_Entry_9B38	Direct call from $15:$9B30	A,Y	A,P,Y	$00	$9B1D,$9B38,$9B77
15	9B77	ItemEffectInventory_Entry_9B77	Direct call from $15:$9B61	A,Y	A,P,Y		
15	9BA8	ItemEffectInventory_Entry_9BA8	Direct call from $15:$9A5D; Direct call from $15:$9A77	A,X,Y	A,P,X,Y	$00,$627B+X,$DC	$9919,$99CE,$9C42,$9C63
15	9C42	ItemEffectInventory_Entry_9C42	Direct call from $15:$9C1B; Direct call from $15:$9C25	A,Y	A,P,Y	$DA,$DB,$DC,$DE,$DF	$9C5C
15	9C5C	ItemEffectInventory_Entry_9C5C	Direct call from $15:$9C56	Y	P,Y		$B056
15	9C63	ItemEffectInventory_Entry_9C63	Direct call from $15:$9C11	A,Y	A,P,Y	$00,$DA,$DB,$DC	$9CBF
15	9C92	ItemEffectInventory_Entry_9C92	Direct call from $15:$9998	A,X,Y	A,P,X	$00,$DA,$DB	$9914,$9AC9
15	9CBF	ItemEffectInventory_Entry_9CBF	Direct call from $15:$996C; Direct call from $15:$9C72	A	A,P,X	$07C5,$DB,$F9	$B1EF,$B7B5,$B7FB,$B810,$BA5D,$BACD,$BAEF
15	9CE5	ItemEffectInventory_Entry_9CE5	Direct call from $15:$9B09; Direct call from $15:$B26F; Direct call from $15:$BF0E	A	A,P		
15	9CEB	ItemEffectInventory_Entry_9CEB	Pointer $15:$8020 (26-entry code dispatch table)	A	A,P		
15	9D2A	ItemEffectInventory_Entry_9D2A	Pointer $15:$8085 (Command $01 callback operand parsed from a pointer-delimited effect script)	A,X,Y	A,P,X,Y	$00,$07C5,$0F,$DB,$F9	$B1EF,$B7B5,$B7FB,$B810,$BA5D,$BACD,$BAEF
15	9D36	ItemEffectInventory_Entry_9D36	Pointer $15:$8050 (Command $00 callback operand parsed from a pointer-delimited effect script)	A,X	A,P,X	$7046+X	
15	9D3E	ItemEffectInventory_Entry_9D3E	Pointer $15:$810C (Command $01 callback operand parsed from a pointer-delimited effect script)	A,X,Y	A,P,X	$00,$0F	
15	9D57	ItemEffectInventory_Entry_9D57	Pointer $15:$8128 (Command $00 callback operand parsed from a pointer-delimited effect script)	A,Y	A,P,Y		$D218
15	9D5C	ItemEffectInventory_Entry_9D5C	Pointer $15:$829F (Command $01 callback operand parsed from a pointer-delimited effect script)	A	A,P	$E7	$A66A
15	9D62	ItemEffectInventory_Entry_9D62	Pointer $15:$82A7 (Command $00 callback operand parsed from a pointer-delimited effect script)		A,P		
15	9D68	ItemEffectInventory_Entry_9D68	Pointer $15:$833A (Command $01 callback operand parsed from a pointer-delimited effect script)		A,P		$9AD4
15	9D83	ItemEffectInventory_Entry_9D83	Pointer $15:$8896 (Command $00 callback operand parsed from a pointer-delimited effect script)	A	A,P	$62AA	
15	9D8C	ItemEffectInventory_Entry_9D8C	Pointer $15:$8551 (Command $01 callback operand parsed from a pointer-delimited effect script)	A,X,Y	A,P,X	$00,$0F	$9D92
15	9D92	ItemEffectInventory_Entry_9D92	Direct call from $15:$9D8C; Direct call from $15:$A2C4	A	A,P	$70,$71,$FD,$FE,$FF	
15	9DB8	ItemEffectInventory_Entry_9DB8	Direct call from $15:$A35B; Direct call from $15:$A3C3; Direct call from $15:$A3E6	A,X	A,P,X	$00,$01,$02	
15	9DDA	ItemEffectInventory_Entry_9DDA	Pointer $15:$8608 (Command $01 callback operand parsed from a pointer-delimited effect script)	A,X	A,P,X	$44,$45,$6F66+X,$6F86+X,$6FA6+X,$6FC6+X,$DD	$A4C9,$A64C,$A658,$A65C,$A660,$A6A9,$A6BC,$A769,$A774,$B089,$D210
15	9DE0	ItemEffectInventory_Entry_9DE0	Pointer $15:$85FF (Command $01 callback operand parsed from a pointer-delimited effect script)		P		
15	9E56	ItemEffectInventory_Entry_9E56	Pointer $15:$88BC (Command $00 callback operand parsed from a pointer-delimited effect script); Pointer $15:$88D2 (Command $00 callback operand parsed from a pointer-delimited effect script)	A	A,P	$44,$45,$64	$A6BC,$B03F,$D210
15	9E82	ItemEffectInventory_Entry_9E82	Pointer $15:$88C1 (Command $01 callback operand parsed from a pointer-delimited effect script); Pointer $15:$88D7 (Command $01 callback operand parsed from a pointer-delimited effect script)		A,P		$A664,$A769,$A774,$B089
15	9E99	ItemEffectInventory_Entry_9E99	Pointer $15:$88AC (Command $00 callback operand parsed from a pointer-delimited effect script)	A	A,P	$70,$71,$FD,$FE,$FF	$B38A
15	9F79	ItemEffectInventory_Entry_9F79	Direct call from $15:$A6ED; Direct call from $15:$A717		P	$628C,$628D	
15	9FD6	ItemEffectInventory_Entry_9FD6	Pointer $15:$881A (Command $01 callback operand parsed from a pointer-delimited effect script)		P		
15	A016	ItemEffectInventory_Entry_A016	Pointer $15:$852F (Command $01 callback operand parsed from a pointer-delimited effect script)	A,X,Y	A,P,X,Y	$00,$0F,$6F,$70,$71	$9AC9,$A664
15	A02B	ItemEffectInventory_Entry_A02B	Pointer $15:$84C6 (Command $01 callback operand parsed from a pointer-delimited effect script)	A	A,P	$70,$71	
15	A051	ItemEffectInventory_Entry_A051	Pointer $15:$8497 (Command $00 callback operand parsed from a pointer-delimited effect script)	A	A,P	$70,$71	$B09A
15	A068	ItemEffectInventory_Entry_A068	Pointer $15:$858E (Command $00 callback operand parsed from a pointer-delimited effect script)		P		$A49E,$B0AE
15	A06E	ItemEffectInventory_Entry_A06E	Pointer $15:$802A (26-entry code dispatch table)	A	A,P,X	$04,$05,$70,$71,$FD,$FE,$FF	$C851,$C891
15	A095	ItemEffectInventory_Entry_A095	Pointer $15:$85BC (Command $00 callback operand parsed from a pointer-delimited effect script)		A,P		
15	A09D	ItemEffectInventory_Entry_A09D	Pointer $15:$85D7 (Command $00 callback operand parsed from a pointer-delimited effect script)	A,Y	A,P,Y		$D218
15	A0A2	ItemEffectInventory_Entry_A0A2	Pointer $15:$86C2 (Command $01 callback operand parsed from a pointer-delimited effect script)	A	A,P		$A66A,$D214
15	A0F9	ItemEffectInventory_Entry_A0F9	Pointer $15:$86D5 (Command $00 callback operand parsed from a pointer-delimited effect script)	A	A,P	$44,$45,$64	$A6C5,$B03F,$D214
15	A0FF	ItemEffectInventory_Entry_A0FF	Direct call from $15:$A0B4	A	A,P	$44,$45,$64	$B03F
15	A118	ItemEffectInventory_Entry_A118	Pointer $15:$83E9 (Command $01 callback operand parsed from a pointer-delimited effect script)	A,X,Y	A,P,X	$00,$0F,$E2,$E3,$FD,$FE,$FF	$9AC9,$A1DB,$A650,$A65C,$A660,$A668,$A66A
15	A1DB	ItemEffectInventory_Entry_A1DB	Direct call from $15:$A15B; Direct call from $15:$A198	A	A,P	$0554,$0555	
15	A1E7	ItemEffectInventory_Entry_A1E7	Direct call from $15:$A140; Direct call from $15:$A14B	A,Y	A,P,Y	$00,$01	
15	A20C	ItemEffectInventory_Entry_A20C	Pointer $15:$8028 (26-entry code dispatch table)		P		$D218
15	A244	ItemEffectInventory_Entry_A244	Pointer $15:$8022 (26-entry code dispatch table)		P		
15	A24C	ItemEffectInventory_Entry_A24C	Pointer $15:$8560 (Command $00 callback operand parsed from a pointer-delimited effect script); Pointer $15:$856E (Command $00 callback operand parsed from a pointer-delimited effect script)		P		$B0AE
15	A258	ItemEffectInventory_Entry_A258	Direct call from $15:$A303	A	A,P,X	$00,$01,$DA	$C851,$C891
15	A2C8	ItemEffectInventory_Entry_A2C8	Direct call from $15:$A252		P		
15	A3EC	ItemEffectInventory_Entry_A3EC	Direct call from $15:$A361; Direct call from $15:$A394	A	A,P	$00,$01,$02,$DE,$DF,$E0,$E1,$E2,$E3	$B424
15	A47C	ItemEffectInventory_Entry_A47C	Direct call from $15:$9F15; Direct call from $15:$A313; Direct call from $15:$A44F; Direct call from $15:$A58B; Direct call from $15:$A8A3; Direct call from $15:$B9B6; Direct call from $15:$BA60	A	A,P	$FD,$FE,$FF	
15	A489	ItemEffectInventory_Entry_A489	Pointer $15:$8B78 (Command $00 callback operand parsed from a pointer-delimited effect script)		P		$A49E,$B0AE
15	A48C	ItemEffectInventory_Entry_A48C	Direct call from $15:$AC82; Pointer $15:$844B (Command $00 callback operand parsed from a pointer-delimited effect script); Pointer $15:$86BA (Command $00 callback operand parsed from a pointer-delimited effect script); Pointer $15:$89F1 (Command $00 callback operand parsed from a pointer-delimited effect script); Pointer $15:$8E0C (Command $00 callback operand parsed from a pointer-delimited effect script); Pointer $15:$8E9B (Command $00 callback operand parsed from a pointer-delimited effect script); Pointer $15:$9080 (Command $00 callback operand parsed from a pointer-delimited effect script); Pointer $15:$9533 (Command $00 callback operand parsed from a pointer-delimited effect script)		P		$A49E,$B0AE
15	A49E	ItemEffectInventory_Entry_A49E	Direct call from $15:$A48C; Direct call from $15:$A495	A,X	A,P,X	$7040+X	
15	A4A6	ItemEffectInventory_Entry_A4A6	Pointer $15:$8998 (Command $00 callback operand parsed from a pointer-delimited effect script)		A,P		
15	A4AE	ItemEffectInventory_Entry_A4AE	Pointer $15:$89CB (Command $00 callback operand parsed from a pointer-delimited effect script)		A,P		
15	A4B6	ItemEffectInventory_Entry_A4B6	Pointer $15:$80B7 (Command $00 callback operand parsed from a pointer-delimited effect script); Pointer $15:$80CF (Command $00 callback operand parsed from a pointer-delimited effect script); Pointer $15:$811C (Command $00 callback operand parsed from a pointer-delimited effect script); Pointer $15:$8988 (Command $00 callback operand parsed from a pointer-delimited effect script); Pointer $15:$8AB8 (Command $00 callback operand parsed from a pointer-delimited effect script); Pointer $15:$8AD6 (Command $00 callback operand parsed from a pointer-delimited effect script)		P		
15	A4BA	ItemEffectInventory_Entry_A4BA	Pointer $15:$8024 (26-entry code dispatch table)		P		$A4C9
15	A4C9	ItemEffectInventory_Entry_A4C9	Direct call from $15:$9E17; Direct call from $15:$9E7C; Direct call from $15:$A0B7; Direct call from $15:$A2D5; Direct call from $15:$A4BA; Direct call from $15:$AB30; Direct call from $15:$AD64; Direct call from $15:$AE7B; Direct call from $15:$B00C; Direct call from $15:$BEE6	A	A,P		$B7B5
15	A4DE	ItemEffectInventory_Entry_A4DE	Pointer $15:$8720 (Command $00 callback operand parsed from a pointer-delimited effect script)		P		
15	A4F0	ItemEffectInventory_Entry_A4F0	Pointer $15:$8728 (Command $01 callback operand parsed from a pointer-delimited effect script)	A,X,Y	A,P,X	$00,$0F	$A664,$B089
15	A501	ItemEffectInventory_Entry_A501	Pointer $15:$8765 (Command $01 callback operand parsed from a pointer-delimited effect script)		A,P		$9AC9,$A660,$A664,$A668,$B09A
15	A521	ItemEffectInventory_Entry_A521	Pointer $15:$86F8 (Command $01 callback operand parsed from a pointer-delimited effect script)	A,X,Y	A,P,X	$00,$0F	$9AC9,$A664
15	A5E4	ItemEffectInventory_Entry_A5E4	Direct call from $15:$A599	A	A,P,X	$04,$05	$C827,$C891
15	A5FA	ItemEffectInventory_Entry_A5FA	Direct call from $15:$A59F	A	A,P,X	$04,$05	$C827,$C891
15	A60D	ItemEffectInventory_Entry_A60D	Direct call from $15:$9F1A		P,X		
15	A62C	ItemEffectInventory_Entry_A62C	Pointer $15:$87DF (Command $01 callback operand parsed from a pointer-delimited effect script)	A	A,P	$70,$71	
15	A64C	ItemEffectInventory_Entry_A64C	Direct call from $15:$9DDA; Direct call from $15:$A5B6	A,X,Y	A,P,X	$00,$0F	
15	A650	ItemEffectInventory_Entry_A650	Direct call from $15:$9E4C; Direct call from $15:$A187; Direct call from $15:$A5BE; Direct call from $15:$AE1C	A,X,Y	A,P,X	$00,$0F	
15	A654	ItemEffectInventory_Entry_A654	Direct call from $15:$9E52; Direct call from $15:$A184; Direct call from $15:$A5AE; Direct call from $15:$AB27; Direct call from $15:$AE19; Direct call from $15:$AF09; Direct call from $15:$AF5F	A,X,Y	A,P,X	$00,$0F	
15	A658	ItemEffectInventory_Entry_A658	Direct call from $15:$9E20; Direct call from $15:$A0E2; Direct call from $15:$A170; Direct call from $15:$A56D; Direct call from $15:$AB13; Direct call from $15:$AE0F; Direct call from $15:$AF54	A,X,Y	A,P,X	$00,$0F	
15	A65C	ItemEffectInventory_Entry_A65C	Direct call from $15:$9E1D; Direct call from $15:$A0CE; Direct call from $15:$A16A; Direct call from $15:$A1B5; Direct call from $15:$A53A; Direct call from $15:$ADC3; Direct call from $15:$AE8E; Direct call from $15:$AEEC; Direct call from $15:$AF39	A,X,Y	A,P,X	$00,$0F	
15	A660	ItemEffectInventory_Entry_A660	Direct call from $15:$9DF0; Direct call from $15:$A0C8; Direct call from $15:$A15E; Direct call from $15:$A19B; Direct call from $15:$A50F; Direct call from $15:$AABD; Direct call from $15:$AAE7; Direct call from $15:$AB08; Direct call from $15:$AC1A; Direct call from $15:$ADBB; Direct call from $15:$AE01; Direct call from $15:$AE61; Direct call from $15:$AF36	A,X,Y	A,P,X	$00,$0F	
15	A664	ItemEffectInventory_Entry_A664	Direct call from $15:$9E90; Direct call from $15:$A016; Direct call from $15:$A049; Direct call from $15:$A4F7; Direct call from $15:$A501; Direct call from $15:$A521; Direct call from $15:$ABE5; Direct call from $15:$AC09; Direct call from $15:$ADB0; Direct call from $15:$AFA5	A,X,Y	A,P,X	$00,$0F	
15	A668	ItemEffectInventory_Entry_A668	Direct call from $15:$9DED; Direct call from $15:$A03A; Direct call from $15:$A0C0; Direct call from $15:$A136; Direct call from $15:$A509; Direct call from $15:$AAB7; Direct call from $15:$AAE1; Direct call from $15:$AB83; Direct call from $15:$AE5E; Direct call from $15:$AF30	A,X,Y	A,P,X	$00,$0F	
15	A66A	ItemEffectInventory_Entry_A66A	Direct call from $15:$9D5C; Direct call from $15:$A0A2; Direct call from $15:$A12E; Direct call from $15:$A1CF; Direct call from $15:$A57C; Direct call from $15:$A5D1; Direct call from $15:$AAAF; Direct call from $15:$AAD9; Direct call from $15:$AAFD; Direct call from $15:$AB78; Direct call from $15:$ADF6; Direct call from $15:$AE2C; Direct call from $15:$AED6; Direct call from $15:$AF15; Direct call from $15:$AF24	A,X,Y	A,P,X	$00,$0F	
15	A679	ItemEffectInventory_Entry_A679	Pointer $15:$8A4F (Command $00 callback operand parsed from a pointer-delimited effect script)	A	A,P	$44,$45,$DD	$A6BC,$B7B5,$D210
15	A685	ItemEffectInventory_Entry_A685	Pointer $15:$8947 (Command $00 callback operand parsed from a pointer-delimited effect script); Pointer $15:$895D (Command $00 callback operand parsed from a pointer-delimited effect script)	A	A,P	$DD	$A6BC,$B7B5,$D210
15	A694	ItemEffectInventory_Entry_A694	Direct call from $15:$BF42	A	A,P	$64	$A6B7,$A6BC,$B03F,$B7B5,$D214
15	A6A9	ItemEffectInventory_Entry_A6A9	Direct call from $15:$9E1A		A,P		$B7B5
15	A6B7	ItemEffectInventory_Entry_A6B7	Direct call from $15:$A6A6; Direct call from $15:$A7B6; Direct call from $15:$BEBC; Direct call from $15:$BF21	A,X,Y	A,P,X	$0E,$0F,$6BDE	
15	A6BC	ItemEffectInventory_Entry_A6BC	Direct call from $15:$9E02; Direct call from $15:$9E65; Direct call from $15:$A68E; Direct call from $15:$A6A3; Direct call from $15:$AFF7	A,X	A,P,X	$DD	$A732,$A738,$AEA6
15	A6C5	ItemEffectInventory_Entry_A6C5	Direct call from $15:$A0B1; Direct call from $15:$A0FC	A,X	A,P,X		$A732,$A738
15	A6FF	ItemEffectInventory_Entry_A6FF	Direct call from $15:$BF48	A,X	A,P,X		$A732
15	A728	ItemEffectInventory_Entry_A728	Direct call from $15:$A6F3; Direct call from $15:$A71A		P		
15	A732	ItemEffectInventory_Entry_A732	Direct call from $15:$A6CF; Direct call from $15:$A709		P		
15	A738	ItemEffectInventory_Entry_A738	Direct call from $15:$A6D2	A	A,P	$DD	
15	A769	ItemEffectInventory_Entry_A769	Direct call from $15:$9A8F; Direct call from $15:$9E25; Direct call from $15:$9E84; Direct call from $15:$AE14		P		
15	A774	ItemEffectInventory_Entry_A774	Direct call from $15:$9E2C; Direct call from $15:$9E8B		P		
15	A797	ItemEffectInventory_Entry_A797	Pointer $15:$8458 (Command $00 callback operand parsed from a pointer-delimited effect script)		P		
15	A83A	ItemEffectInventory_Entry_A83A	Direct call from $15:$A809	A	A,P		
15	A841	ItemEffectInventory_Entry_A841	Direct call from $15:$A7A0	A	A,P		
15	A84E	ItemEffectInventory_Entry_A84E	Direct call from $15:$A7EE; Direct call from $15:$BF2D	A	A,P	$70,$71	
15	A85C	ItemEffectInventory_Entry_A85C	Direct call from $15:$A7A8; Direct call from $15:$A7DD; Pointer $15:$8008 (26-entry code dispatch table)	A	A,P		
15	A870	ItemEffectInventory_Entry_A870	Pointer $15:$8454 (Command $00 callback operand parsed from a pointer-delimited effect script)		P		
15	A960	ItemEffectInventory_Entry_A960	Direct call from $15:$A873; Direct call from $15:$A99A	A	A,P	$07C5	
15	A96D	ItemEffectInventory_Entry_A96D	Direct call from $15:$A99D	A,X	A,P,X	$00,$01	
15	A99A	ItemEffectInventory_Entry_A99A	Pointer $15:$9604 (Command $00 callback operand parsed from a pointer-delimited effect script)	A	P	$DB,$FD	$A960,$A96D
15	AA6E	ItemEffectInventory_Entry_AA6E	Pointer $15:$8464 (Command $00 callback operand parsed from a pointer-delimited effect script)		P		
15	AA74	ItemEffectInventory_Entry_AA74	Pointer $15:$8774 (Command $00 callback operand parsed from a pointer-delimited effect script)		P		$D214
15	AA7D	ItemEffectInventory_Entry_AA7D	Pointer $15:$845C (Command $00 callback operand parsed from a pointer-delimited effect script)		P		
15	AA83	ItemEffectInventory_Entry_AA83	Pointer $15:$8A05 (Command $00 callback operand parsed from a pointer-delimited effect script)		A,P		
15	AA89	ItemEffectInventory_Entry_AA89	Pointer $15:$8A29 (Command $00 callback operand parsed from a pointer-delimited effect script)		A,P		
15	AA97	ItemEffectInventory_Entry_AA97	Pointer $15:$87F1 (Command $01 callback operand parsed from a pointer-delimited effect script)		A,P		
15	AAAF	ItemEffectInventory_Entry_AAAF	Pointer $15:$8BB1 (Command $01 callback operand parsed from a pointer-delimited effect script)	A,X,Y	A,P,X	$00,$0F	$9AC9,$A660,$A668,$A66A
15	AAC3	ItemEffectInventory_Entry_AAC3	Pointer $15:$917E (Command $00 callback operand parsed from a pointer-delimited effect script)	A,Y	A,P,Y		$D218
15	AAC8	ItemEffectInventory_Entry_AAC8	Pointer $15:$8B2D (Command $00 callback operand parsed from a pointer-delimited effect script)	A,Y	A,P,Y		$D214
15	AACC	ItemEffectInventory_Entry_AACC	Pointer $15:$8B5F (Command $00 callback operand parsed from a pointer-delimited effect script)	A,Y	A,P,Y		$D214
15	AAD1	ItemEffectInventory_Entry_AAD1	Pointer $15:$8B63 (Command $00 callback operand parsed from a pointer-delimited effect script)		A,P		
15	AAD9	ItemEffectInventory_Entry_AAD9	Pointer $15:$8BC7 (Command $01 callback operand parsed from a pointer-delimited effect script)		A,P		$9AC9,$A660,$A668,$A66A
15	AAF5	ItemEffectInventory_Entry_AAF5	Pointer $15:$8C39 (Command $00 callback operand parsed from a pointer-delimited effect script)		A,P		
15	AAFB	ItemEffectInventory_Entry_AAFB	Pointer $15:$8C52 (Command $01 callback operand parsed from a pointer-delimited effect script)	A,X,Y	A,P,X	$00,$0F,$F9	$9AC9,$A658,$A660,$A66A
15	AB30	ItemEffectInventory_Entry_AB30	Pointer $15:$8012 (26-entry code dispatch table)		P		$A4C9
15	AB55	ItemEffectInventory_Entry_AB55	Pointer $15:$8C67 (Command $00 callback operand parsed from a pointer-delimited effect script)	A,X	A,P,X	$7046+X	
15	AB65	ItemEffectInventory_Entry_AB65	Pointer $15:$8C9F (Command $00 callback operand parsed from a pointer-delimited effect script)		A,P		
15	AB78	ItemEffectInventory_Entry_AB78	Pointer $15:$8D0B (Command $01 callback operand parsed from a pointer-delimited effect script)		P		$A66A
15	AB89	ItemEffectInventory_Entry_AB89	Pointer $15:$8C82 (Command $01 callback operand parsed from a pointer-delimited effect script)	A	A,P	$DA	
15	AB8B	ItemEffectInventory_Entry_AB8B	Pointer $15:$8D01 (Command $00 callback operand parsed from a pointer-delimited effect script)	A	P	$DA	
15	ABCB	ItemEffectInventory_Entry_ABCB	Pointer $15:$8613 (Command $01 callback operand parsed from a pointer-delimited effect script)	A,X,Y	A,P,X	$00,$0F,$7040+X	$9AF8,$A664
15	ABEE	ItemEffectInventory_Entry_ABEE	Pointer $15:$8F36 (Command $00 callback operand parsed from a pointer-delimited effect script)	A,Y	A,P,Y		$D218
15	ABF3	ItemEffectInventory_Entry_ABF3	Pointer $15:$8F4A (Command $00 callback operand parsed from a pointer-delimited effect script)	A,Y	A,P,Y		$D218
15	ABF8	ItemEffectInventory_Entry_ABF8	Pointer $15:$8DE6 (Command $00 callback operand parsed from a pointer-delimited effect script)	A,Y	A,P,Y		$D218
15	ABFD	ItemEffectInventory_Entry_ABFD	Pointer $15:$90A8 (Command $01 callback operand parsed from a pointer-delimited effect script)		P		
15	AC37	ItemEffectInventory_Entry_AC37	Pointer $15:$912C (Command $01 callback operand parsed from a pointer-delimited effect script)		P		
15	AC5D	ItemEffectInventory_Entry_AC5D	Pointer $15:$8DEC (Command $00 callback operand parsed from a pointer-delimited effect script)	A,Y	A,P,Y		$D218
15	AC62	ItemEffectInventory_Entry_AC62	Pointer $15:$8E1D (Command $01 callback operand parsed from a pointer-delimited effect script)	A,X,Y	A,P,X	$00,$0F,$DA,$DB	$C827,$C891
15	AC75	ItemEffectInventory_Entry_AC75	Pointer $15:$9305 (Command $00 callback operand parsed from a pointer-delimited effect script)	A,Y	A,P,Y		$D218
15	AC7A	ItemEffectInventory_Entry_AC7A	Pointer $15:$938B (Command $00 callback operand parsed from a pointer-delimited effect script)		A,P		
15	AC82	ItemEffectInventory_Entry_AC82	Pointer $15:$9396 (Command $00 callback operand parsed from a pointer-delimited effect script)	A	A,P	$E7	$A48C
15	AC88	ItemEffectInventory_Entry_AC88	Pointer $15:$9352 (Command $01 callback operand parsed from a pointer-delimited effect script)		P		
15	ACAE	ItemEffectInventory_Entry_ACAE	Pointer $15:$937E (Command $01 callback operand parsed from a pointer-delimited effect script)		P		
15	ACD2	ItemEffectInventory_Entry_ACD2	Pointer $15:$9378 (Command $01 callback operand parsed from a pointer-delimited effect script)		P		
15	AD19	ItemEffectInventory_Entry_AD19	Pointer $15:$936D (Command $00 callback operand parsed from a pointer-delimited effect script)		P		
15	AD64	ItemEffectInventory_Entry_AD64	Pointer $15:$8032 (26-entry code dispatch table)		P		$A4C9
15	AD8A	ItemEffectInventory_Entry_AD8A	Pointer $15:$93A7 (Command $00 callback operand parsed from a pointer-delimited effect script)	A,Y	A,P,Y		$D218
15	AD8F	ItemEffectInventory_Entry_AD8F	Pointer $15:$93AB (Command $00 callback operand parsed from a pointer-delimited effect script)	A,X,Y	A,P,X,Y	$07C5,$DB,$F9	$B1EF,$B7B5,$B7FB,$B810,$BA5D,$BACD,$BAEF
15	ADB0	ItemEffectInventory_Entry_ADB0	Pointer $15:$9423 (Command $01 callback operand parsed from a pointer-delimited effect script)	A,X,Y	A,P,X	$00,$0F	$9AC9,$A65C,$A660,$A664
15	ADD4	ItemEffectInventory_Entry_ADD4	Pointer $15:$9418 (Command $00 callback operand parsed from a pointer-delimited effect script)		A,P		
15	ADF1	ItemEffectInventory_Entry_ADF1	Pointer $15:$9467 (Command $00 callback operand parsed from a pointer-delimited effect script)	A,Y	A,P,Y		$D214
15	ADF6	ItemEffectInventory_Entry_ADF6	Pointer $15:$9480 (Command $01 callback operand parsed from a pointer-delimited effect script)	A,X,Y	A,P,X	$00,$0F	$9AC9,$A660,$A66A
15	AE26	ItemEffectInventory_Entry_AE26	Pointer $15:$948D (Command $01 callback operand parsed from a pointer-delimited effect script)		P		
15	AEA6	ItemEffectInventory_Entry_AEA6	Direct call from $15:$A6BF; Direct call from $15:$A70F; Direct call from $15:$AF45		P		
15	AEBC	ItemEffectInventory_Entry_AEBC	Pointer $15:$94AB (Command $01 callback operand parsed from a pointer-delimited effect script); Pointer $15:$9546 (Command $01 callback operand parsed from a pointer-delimited effect script); Pointer $15:$95C9 (Command $01 callback operand parsed from a pointer-delimited effect script)		A,P		
15	AECA	ItemEffectInventory_Entry_AECA	Pointer $15:$9451 (Command $01 callback operand parsed from a pointer-delimited effect script); Pointer $15:$9457 (Command $01 callback operand parsed from a pointer-delimited effect script); Pointer $15:$949B (Command $01 callback operand parsed from a pointer-delimited effect script); Pointer $15:$94A0 (Command $01 callback operand parsed from a pointer-delimited effect script); Pointer $15:$94B1 (Command $01 callback operand parsed from a pointer-delimited effect script); Pointer $15:$94BE (Command $01 callback operand parsed from a pointer-delimited effect script); Pointer $15:$94D5 (Command $01 callback operand parsed from a pointer-delimited effect script)	A,X,Y	A,P,X	$00,$0F	$B067
15	AED0	ItemEffectInventory_Entry_AED0	Pointer $15:$94CB (Command $01 callback operand parsed from a pointer-delimited effect script)		P		
15	AF0F	ItemEffectInventory_Entry_AF0F	Pointer $15:$94DB (Command $01 callback operand parsed from a pointer-delimited effect script)		P		
15	AF24	ItemEffectInventory_Entry_AF24	Pointer $15:$94E1 (Command $01 callback operand parsed from a pointer-delimited effect script)	A	A,P		$A65C,$A660,$A668,$A66A
15	AF65	ItemEffectInventory_Entry_AF65	Pointer $15:$94EE (Command $00 callback operand parsed from a pointer-delimited effect script)	A,Y	A,P,Y		$D218
15	AF69	ItemEffectInventory_Entry_AF69	Pointer $15:$94FD (Command $00 callback operand parsed from a pointer-delimited effect script)	A,Y	A,P,Y		$D218
15	AF6E	ItemEffectInventory_Entry_AF6E	Pointer $15:$9503 (Command $00 callback operand parsed from a pointer-delimited effect script)	A,X,Y	A,P,X,Y	$DA,$DB	$D218
15	AF72	ItemEffectInventory_Entry_AF72	Pointer $15:$9509 (Command $01 callback operand parsed from a pointer-delimited effect script)	A,X	A,P,X	$DA,$DB	
15	AFAC	ItemEffectInventory_Entry_AFAC	Pointer $15:$8BBE (Command $00 callback operand parsed from a pointer-delimited effect script)		A,P		
15	AFB4	ItemEffectInventory_Entry_AFB4	Pointer $15:$828A (Command $00 callback operand parsed from a pointer-delimited effect script)		P		$D214
15	AFBD	ItemEffectInventory_Entry_AFBD	Pointer $15:$9518 (Command $00 callback operand parsed from a pointer-delimited effect script)	A,X	A,P,X	$00,$6FE6+X,$7006+X,$7046+X	
15	B012	ItemEffectInventory_Entry_B012	Pointer $15:$8B59 (Command $00 callback operand parsed from a pointer-delimited effect script)	A,Y	A,P,Y		$D214
15	B017	ItemEffectInventory_Entry_B017	Pointer $15:$963F (Command $00 callback operand parsed from a pointer-delimited effect script and overlapping the script pointer table boundary)		P		
15	B030	ItemEffectInventory_Entry_B030	Direct call from $15:$B7A9		P		
15	B036	ItemEffectInventory_Entry_B036	Direct call from $15:$B6D5		P		
15	B03C	ItemEffectInventory_Entry_B03C	Pointer $15:$8C9A (Command $00 callback operand parsed from a pointer-delimited effect script)		P		
15	B03F	ItemEffectInventory_Entry_B03F	Direct call from $15:$9E68; Direct call from $15:$A10E; Direct call from $15:$A6B1; Direct call from $15:$AFFA		P		
15	B046	ItemEffectInventory_Entry_B046	Direct call from $15:$A79A; Direct call from $15:$A87A	A	A,P	$FD,$FE,$FF	
15	B056	ItemEffectInventory_Entry_B056	Direct call from $15:$9C5D	A,Y	A,P,Y	$E0,$E1	
15	B067	ItemEffectInventory_Entry_B067	Direct call from $15:$AECA	A,X	A,P,X	$0554+X,$0555+X,$0558	
15	B089	ItemEffectInventory_Entry_B089	Direct call from $15:$9E33; Direct call from $15:$9E95; Direct call from $15:$A4F2; Direct call from $15:$AC23; Direct call from $15:$AEDF; Direct call from $15:$AF02	A	P	$00	
15	B09A	ItemEffectInventory_Entry_B09A	Direct call from $15:$A053; Direct call from $15:$A514	A,Y	A,P	$E0	
15	B0AE	ItemEffectInventory_Entry_B0AE	Direct call from $15:$A068; Direct call from $15:$A24C; Direct call from $15:$A489; Direct call from $15:$A48F; Direct call from $15:$A498	A	A,P	$E7	
15	B0BB	ItemEffectInventory_Entry_B0BB	Direct call from $15:$9939	A	P		
15	B0D7	ItemEffectInventory_Entry_B0D7	Direct call from $15:$A043	A,Y	A,P,Y		$D218
15	B0E6	ItemEffectInventory_Entry_B0E6	Direct call from $15:$993F	A	A,P	$DA	
15	B1EF	ItemEffectInventory_Entry_B1EF	Direct call from $15:$A2FB; Direct call from $15:$B84E; Pointer $15:$8000 (26-entry code dispatch table)	A,X,Y	A,P,X,Y	$07BD+Y,$07C4,$DA,$DB	$B243,$B2A3,$BFA4
15	B243	ItemEffectInventory_Entry_B243	Direct call from $15:$B231	A,X,Y	A,P,X,Y	$07BD,$07BD+Y,$07BE,$07BF,$07C0	$9CE5,$B28C
15	B28C	ItemEffectInventory_Entry_B28C	Direct call from $15:$B243	A	A,P		
15	B2A3	ItemEffectInventory_Entry_B2A3	Direct call from $15:$B219	A	A,P	$DA,$DB	$B2C8,$BFA4
15	B2C8	ItemEffectInventory_Entry_B2C8	Direct call from $15:$B2A6; Direct call from $15:$B2B4; Direct call from $15:$B2BF		P	$DA,$DB	
15	B2CF	ItemEffectInventory_Entry_B2CF	Direct call from $15:$9F12; Direct call from $15:$A310; Direct call from $15:$A588; Direct call from $15:$AA00; Direct call from $15:$BAA4; Pointer $15:$8006 (26-entry code dispatch table)	A,X,Y	A,P,X,Y	$00,$01,$02	
15	B35F	ItemEffectInventory_Entry_B35F	Direct call from $15:$A44C; Direct call from $15:$B9B3; Direct call from $15:$BA86; Pointer $15:$8004 (26-entry code dispatch table)	A,X,Y	A,P,X		
15	B374	Bank15_InitializeInventoryStorage	Pointer $15:$800A (26-entry code dispatch table)	A,Y	A,P,Y	$61DB,$61DB+Y,$625B,$625C	
15	B38A	ItemEffectInventory_Entry_B38A	Direct call from $15:$9EC8; Direct call from $15:$9F55; Direct call from $15:$9F61; Direct call from $15:$B3AC; Direct call from $15:$BC7D; Direct call from $15:$BCEE; Direct call from $15:$BDAA; Pointer $15:$800C (26-entry code dispatch table)	A,Y	A,P,Y	$E7	
15	B3A1	ItemEffectInventory_Entry_B3A1	Direct call from $15:$9F2E; Direct call from $15:$BCE4; Pointer $15:$800E (26-entry code dispatch table)	A,Y	A,P,Y	$61DB+Y,$61DC+Y,$E8,$E9	$B38A
15	B3CA	ItemEffectInventory_Entry_B3CA	Direct call from $15:$BEB1; Pointer $15:$8010 (26-entry code dispatch table)	A,Y	A,P,Y	$61DB+Y,$E8	
15	B3F2	ItemEffectInventory_Entry_B3F2	Direct call from $15:$B500	A	A,P	$00,$01,$02,$03,$04,$05	
15	B424	ItemEffectInventory_Entry_B424	Direct call from $15:$A3FE	A	A,P	$00	$B432
15	B432	ItemEffectInventory_Entry_B432	Direct call from $15:$B424; Pointer $15:$8002 (26-entry code dispatch table)	A,Y	A,P,Y	$00,$0003+Y,$01,$02,$03,$04,$05,$E8,$E9	
15	B47C	ItemEffectInventory_Entry_B47C	Direct call from $15:$B36B	A,Y	A,P,Y	$00,$0003+Y,$01,$02,$03,$04,$05	
15	B4B9	ItemEffectInventory_Entry_B4B9	Direct call from $15:$BC74; Direct call from $15:$BDA2; Pointer $15:$8016 (26-entry code dispatch table)	A	A,P	$625B,$625C	
15	B4CB	ItemEffectInventory_Entry_B4CB	Direct call from $15:$BD56; Pointer $15:$8018 (26-entry code dispatch table)	A	A,P	$03,$625B,$625C	
15	B4E3	ItemEffectInventory_Entry_B4E3	Direct call from $15:$BC07; Direct call from $15:$BC4C; Direct call from $15:$BD1C; Direct call from $15:$BDED; Pointer $15:$801A (26-entry code dispatch table)	A	A,P	$00,$01	
15	B4EE	ItemEffectInventory_Entry_B4EE	Direct call from $15:$BD6B; Direct call from $15:$BECC; Pointer $15:$801C (26-entry code dispatch table)	A,X	A,P,X	$02,$03,$04,$05	$B3F2
15	B513	ItemEffectInventory_Entry_B513	Pointer $15:$802C (26-entry code dispatch table)		P		
15	B524	ItemEffectInventory_Entry_B524	Pointer $15:$8026 (26-entry code dispatch table)		P		
15	B530	ItemEffectInventory_Entry_B530	Pointer $15:$82AF (Command $00 callback operand parsed from a pointer-delimited effect script); Pointer $15:$82E0 (Command $00 callback operand parsed from a pointer-delimited effect script); Pointer $15:$92F7 (Command $00 callback operand parsed from a pointer-delimited effect script)		P		
15	B766	ItemEffectInventory_Entry_B766	Direct call from $15:$B5D1; Direct call from $15:$B624; Direct call from $15:$B69D	A	A,P	$FD,$FE,$FF	
15	B7A6	ItemEffectInventory_Entry_B7A6	Direct call from $15:$B5D7; Direct call from $15:$B62A; Direct call from $15:$B6A6		P		
15	B7B5	ItemEffectInventory_Entry_B7B5	Direct call from $15:$9ACB; Direct call from $15:$9EF7; Direct call from $15:$9F5E; Direct call from $15:$A300; Direct call from $15:$A4D1; Direct call from $15:$A545; Direct call from $15:$A6AB; Direct call from $15:$A7BD; Direct call from $15:$A896; Direct call from $15:$A8D2; Direct call from $15:$A902; Direct call from $15:$A9E1; Direct call from $15:$AA27; Direct call from $15:$AD28; Direct call from $15:$B518; Direct call from $15:$B52A; Direct call from $15:$B563; Direct call from $15:$B56B; Direct call from $15:$B5A7; Direct call from $15:$B5F0; Direct call from $15:$B643; Direct call from $15:$B6C7; Direct call from $15:$B6E3; Direct call from $15:$B6F4; Direct call from $15:$B74B; Direct call from $15:$B777; Direct call from $15:$B77C; Direct call from $15:$B806; Direct call from $15:$B817; Direct call from $15:$B858; Direct call from $15:$B886; Direct call from $15:$B938; Direct call from $15:$BA24; Direct call from $15:$BBDB; Direct call from $15:$BBE0; Direct call from $15:$BBF6; Direct call from $15:$BC1F; Direct call from $15:$BC95; Direct call from $15:$BD0B; Direct call from $15:$BD33; Direct call from $15:$BDBC; Direct call from $15:$BE17; Direct call from $15:$BF08	A,X,Y	A,P,X	$0E,$0F,$6BDE	
15	B7FB	ItemEffectInventory_Entry_B7FB	Direct call from $15:$9972; Direct call from $15:$B0C4; Direct call from $15:$B16E; Direct call from $15:$B822; Direct call from $15:$B829; Direct call from $15:$B830; Direct call from $15:$BBCE	A	A,P		
15	B810	ItemEffectInventory_Entry_B810	Direct call from $15:$B83D		P		
15	B81F	ItemEffectInventory_Entry_B81F	Pointer $15:$8580 (Command $00 callback operand parsed from a pointer-delimited effect script); Pointer $15:$8EE0 (Command $00 callback operand parsed from a pointer-delimited effect script)	A	A,P,X	$07C5,$DB,$F9	$B1EF,$B7B5,$B7FB,$B810,$BA5D,$BACD,$BAEF
15	B833	ItemEffectInventory_Entry_B833	Direct call from $15:$BEF6; Pointer $15:$8030 (26-entry code dispatch table)	A	A,P,X	$07C5,$DB,$F9	$B1EF,$B7B5,$B810,$BA5D,$BACD,$BAEF
15	BA10	ItemEffectInventory_Entry_BA10	Direct call from $15:$B9E0; Direct call from $15:$BCD5		A,P		
15	BA20	ItemEffectInventory_Entry_BA20	Direct call from $15:$B98F; Direct call from $15:$BCC2	A	A,P,X	$DF	$B7B5
15	BA3E	ItemEffectInventory_Entry_BA3E	Direct call from $15:$B8DB; Direct call from $15:$BE58		A,P		
15	BA55	ItemEffectInventory_Entry_BA55	Direct call from $15:$A8EF; Direct call from $15:$B8B6		P,X		
15	BA5D	ItemEffectInventory_Entry_BA5D	Direct call from $15:$B862		P		$A47C,$BA73
15	BA73	ItemEffectInventory_Entry_BA73	Direct call from $15:$A8A0; Direct call from $15:$BA5D	A,X,Y	A,P,X,Y	$00,$01,$02,$DC,$DF,$F9	
15	BA82	ItemEffectInventory_Entry_BA82	Direct call from $15:$B9ED	A	A,P	$00,$70,$71	$B35F
15	BAA0	ItemEffectInventory_Entry_BAA0	Direct call from $15:$B925	A	A,P	$00,$70,$71	$B2CF
15	BAC0	ItemEffectInventory_Entry_BAC0	Direct call from $15:$BA19		P		
15	BACD	ItemEffectInventory_Entry_BACD	Direct call from $15:$B874	A	A,P	$DC	
15	BAEF	ItemEffectInventory_Entry_BAEF	Direct call from $15:$B83A; Direct call from $15:$B853; Direct call from $15:$B869; Direct call from $15:$B871; Direct call from $15:$B87F; Direct call from $15:$B8A0; Direct call from $15:$B8AE; Direct call from $15:$B8BD; Direct call from $15:$B8C8; Direct call from $15:$B8D5; Direct call from $15:$B8E2; Direct call from $15:$B8FD; Direct call from $15:$B90E; Direct call from $15:$B91A; Direct call from $15:$B922; Direct call from $15:$B933; Direct call from $15:$B955; Direct call from $15:$B967; Direct call from $15:$B978; Direct call from $15:$B98C; Direct call from $15:$B999; Direct call from $15:$B9A9; Direct call from $15:$B9BB; Direct call from $15:$B9C5; Direct call from $15:$B9CD; Direct call from $15:$B9DD; Direct call from $15:$B9E7; Direct call from $15:$B9FC; Direct call from $15:$BA04; Direct call from $15:$BA0C	A,X,Y	A,P,X,Y	$00	
15	BBD4	ItemEffectInventory_Entry_BBD4	Overlapping continuation: STA $DA begins on the third operand of BRK service $62,$33 at $BBD1	A	P	$DA	
15	BECC	ItemEffectInventory_Entry_BECC	Direct call from $15:$BC34; Direct call from $15:$BD2B; Direct call from $15:$BD48	A	A,P	$FD,$FE,$FF	$B4EE
15	BED2	ItemEffectInventory_Entry_BED2	Pointer $15:$802E (26-entry code dispatch table)	A	A,P	$0553,$63,$64	$A4C9,$B833,$BF0E,$C891,$D218
15	BF0E	ItemEffectInventory_Entry_BF0E	Direct call from $15:$BEF0; Pointer $15:$8328 (Command $00 callback operand parsed from a pointer-delimited effect script)		P		$9CE5
15	BF4F	ItemEffectInventory_Entry_BF4F	Direct call from $15:$BF1B	A	A,P,X	$FE,$FF	
15	BFA4	ItemEffectInventory_Entry_BFA4	Direct call from $15:$B20A; Direct call from $15:$B20F; Direct call from $15:$B21C; Direct call from $15:$B2A3; Direct call from $15:$B2B1; Direct call from $15:$B2BC; Direct call from $15:$BF64; Direct call from $15:$BF70; Direct call from $15:$BF90	A,X	A,P,X	$E9	$C3EA
16	8028	Bank16_TextUiServices	Pointer $16:$8008 (20-entry text and user-interface service directory)		P		$8036,$85C8,$85F9,$872B
16	8036	TextUiSystem_Entry_8036	Direct call from $16:$8031		P		$803F,$8094
16	803F	TextUiSystem_Entry_803F	Direct call from $16:$8036	A,X,Y	A,P,X	$57,$5D,$6E89+X,$6E8A+X,$6E8B+X	$8051,$8678
16	8051	TextUiSystem_Entry_8051	Direct call from $16:$804C	A,X,Y	A,P	$57,$5D,$6E89+X,$6E8A+X,$6E8B+X	
16	8094	TextUiSystem_Entry_8094	Direct call from $16:$8039	A,X	A,P,X	$00,$01,$5D	$80EA,$836B,$8373,$868F
16	80EA	TextUiSystem_Entry_80EA	Direct call from $16:$80B9	A,X	A,P,X	$0551,$55,$60	$83CD,$85E7,$8626
16	810C	TextUiSystem_Entry_810C	Pointer $16:$80E2 (Nineteen-entry text/UI command handler table selected by clamped command values $40-$52 at $8094-$80B2)	A,X	A,P,X	$0551,$55,$57	$80EA,$8146,$816D,$836B,$8373,$85E7,$868F
16	8124	TextUiSystem_Entry_8124	Pointer $16:$80C4 (Nineteen-entry text/UI command handler table selected by clamped command values $40-$52 at $8094-$80B2)		A,P		$812A
16	812A	TextUiSystem_Entry_812A	Direct call from $16:$8124; Direct call from $16:$8138		A,P		$C62D
16	8138	TextUiSystem_Entry_8138	Pointer $16:$80DA (Nineteen-entry text/UI command handler table selected by clamped command values $40-$52 at $8094-$80B2)		P,X		$812A
16	8140	TextUiSystem_Entry_8140	Direct call from $16:$8153; Direct call from $16:$8161; Pointer $16:$80C6 (Nineteen-entry text/UI command handler table selected by clamped command values $40-$52 at $8094-$80B2)	A	A,P	$0551,$55	$83CD,$85E7,$8626
16	8146	TextUiSystem_Entry_8146	Direct call from $16:$810C; Direct call from $16:$815A; Direct call from $16:$8167; Pointer $16:$80CA (Nineteen-entry text/UI command handler table selected by clamped command values $40-$52 at $8094-$80B2)	A	A,P	$0551,$55	$83CD,$85E7,$8626
16	8153	TextUiSystem_Entry_8153	Pointer $16:$80C8 (Nineteen-entry text/UI command handler table selected by clamped command values $40-$52 at $8094-$80B2)		P		$8140,$816D
16	815A	TextUiSystem_Entry_815A	Pointer $16:$80CC (Nineteen-entry text/UI command handler table selected by clamped command values $40-$52 at $8094-$80B2)		P		$8146,$816D
16	8161	TextUiSystem_Entry_8161	Pointer $16:$80CE (Nineteen-entry text/UI command handler table selected by clamped command values $40-$52 at $8094-$80B2)		A,P		$812A,$8140
16	8167	TextUiSystem_Entry_8167	Pointer $16:$80D0 (Nineteen-entry text/UI command handler table selected by clamped command values $40-$52 at $8094-$80B2)		A,P		$812A,$8146
16	816D	TextUiSystem_Entry_816D	Direct call from $16:$810F; Direct call from $16:$8156; Direct call from $16:$815D	A	A,P	$00,$0551,$55,$56,$59	$8199,$81B0,$81CC,$8393,$85E7
16	8199	TextUiSystem_Entry_8199	Direct call from $16:$8190	A,X	A,P,X	$59	$C62D,$C65A
16	81A1	TextUiSystem_Entry_81A1	Direct call from $16:$81BB	A,X	A,P	$59	$C62D,$C65A
16	81B0	TextUiSystem_Entry_81B0	Direct call from $16:$8193	A	A,P,X		$81A1,$C8EC
16	81C7	TextUiSystem_Entry_81C7	Pointer $16:$80E0 (Nineteen-entry text/UI command handler table selected by clamped command values $40-$52 at $8094-$80B2)	X	P,X	$55	
16	81CC	TextUiSystem_Entry_81CC	Direct call from $16:$8175	A	A,P	$0551,$55	$85E7,$8626
16	81EA	TextUiSystem_Entry_81EA	Pointer $16:$80E8 (Nineteen-entry text/UI command handler table selected by clamped command values $40-$52 at $8094-$80B2)	A,X	A,P,X		
16	821C	TextUiSystem_Entry_821C	Pointer $16:$80E6 (Nineteen-entry text/UI command handler table selected by clamped command values $40-$52 at $8094-$80B2)		P,X		
16	8225	TextUiSystem_Entry_8225	Pointer $16:$80D2 (Nineteen-entry text/UI command handler table selected by clamped command values $40-$52 at $8094-$80B2)	A,X,Y	A,P,X,Y	$0554+Y,$57,$5C,$60,$72,$73,$74	$80EA,$836B,$8373,$868F,$BD31
16	8257	TextUiSystem_Entry_8257	Pointer $16:$80D4 (Nineteen-entry text/UI command handler table selected by clamped command values $40-$52 at $8094-$80B2)	A,X	A,P,X	$57,$5C,$60	$80EA,$8356,$836B,$8373,$868F
16	826B	TextUiSystem_Entry_826B	Pointer $16:$80D6 (Nineteen-entry text/UI command handler table selected by clamped command values $40-$52 at $8094-$80B2)	A,X	A,P,X	$57,$5C,$60	$80EA,$8356,$836B,$8373,$868F
16	8309	TextUiSystem_Entry_8309	Pointer $16:$80D8 (Nineteen-entry text/UI command handler table selected by clamped command values $40-$52 at $8094-$80B2)	A,X	A,P,X	$57,$5C,$60	$80EA,$8356,$836B,$8373,$868F
16	831B	TextUiSystem_Entry_831B	Pointer $16:$80DC (Nineteen-entry text/UI command handler table selected by clamped command values $40-$52 at $8094-$80B2)	A	A,P	$57	$80EA,$836B,$8373,$868F
16	8331	TextUiSystem_Entry_8331	Pointer $16:$80DE (Nineteen-entry text/UI command handler table selected by clamped command values $40-$52 at $8094-$80B2)		P		
16	8332	TextUiSystem_Entry_8332	Pointer $16:$80E4 (Nineteen-entry text/UI command handler table selected by clamped command values $40-$52 at $8094-$80B2)	A,X	A,P,X	$57,$5C,$60	$80EA,$836B,$8373,$868F
16	8356	TextUiSystem_Entry_8356	Direct call from $16:$825B; Direct call from $16:$826F; Direct call from $16:$830D	X	A,P,X	$5B	
16	835D	TextUiSystem_Entry_835D	Direct call from $16:$8265; Direct call from $16:$82E7; Direct call from $16:$8315	A,Y	A,P,Y	$0554+Y	
16	836B	TextUiSystem_Entry_836B	Direct call from $16:$80BD	A,X	P,X	$06AA+X,$52	
16	8373	TextUiSystem_Entry_8373	Direct call from $16:$80C0	A	A,P	$56	$8386,$8393,$83A4,$83C0
16	8386	TextUiSystem_Entry_8386	Direct call from $16:$837A		A,P		
16	8393	TextUiSystem_Entry_8393	Direct call from $16:$8182; Direct call from $16:$8377	A	A,P	$00,$01	
16	83A4	TextUiSystem_Entry_83A4	Direct call from $16:$8380	A	A,P		
16	83C0	TextUiSystem_Entry_83C0	Direct call from $16:$837D	A	A,P	$0551,$0552	$83FB,$85E7,$870E,$C62D
16	83CD	TextUiSystem_Entry_83CD	Direct call from $16:$8140	A	A,P	$0551,$0552	$83FB,$85E7,$C62D
16	83D2	TextUiSystem_Entry_83D2	Direct call from $16:$81C1	A	A,P	$0552	$83FB,$85E7,$C62D
16	83FB	TextUiSystem_Entry_83FB	Direct call from $16:$83EF		A,P		$8442,$844F,$848A,$84C4,$84EE,$8529,$8565,$858F,$85AD
16	8442	TextUiSystem_Entry_8442	Direct call from $16:$8409; Direct call from $16:$840F; Direct call from $16:$8415; Direct call from $16:$841B; Direct call from $16:$8427; Direct call from $16:$842D; Direct call from $16:$8433; Direct call from $16:$8439		P		
16	844F	TextUiSystem_Entry_844F	Direct call from $16:$8406	A,X,Y	A,P,X,Y	$0480,$0480+X,$0480+Y,$59,$5A	$84B1,$85A2
16	848A	TextUiSystem_Entry_848A	Direct call from $16:$840C; Direct call from $16:$8412; Direct call from $16:$8418	A,X,Y	A,P,X,Y	$0480,$0480+X,$0480+Y,$5A	$84B1,$85A2
16	84B1	TextUiSystem_Entry_84B1	Direct call from $16:$84A8; Direct call from $16:$84AB	A,X,Y	A,P,X,Y	$0480+Y,$59	
16	84C4	TextUiSystem_Entry_84C4	Direct call from $16:$841E	A,X,Y	A,P,X,Y	$0480,$0480+X,$0480+Y	$85A2
16	84EE	TextUiSystem_Entry_84EE	Direct call from $16:$8424	A,X,Y	A,P,X,Y	$0481,$0481+Y,$0483+X,$0483+Y,$59,$5A	$8550,$85A2
16	8529	TextUiSystem_Entry_8529	Direct call from $16:$842A; Direct call from $16:$8430; Direct call from $16:$8436	A,X,Y	A,P,X,Y	$0481,$0481+Y,$0483+X,$0483+Y,$5A	$8550,$85A2
16	8550	TextUiSystem_Entry_8550	Direct call from $16:$8547; Direct call from $16:$854A	A,X,Y	A,P,X,Y	$0480+Y,$59	
16	8565	TextUiSystem_Entry_8565	Direct call from $16:$843C	A,X,Y	A,P,X,Y	$0481,$0481+Y,$0483+X,$0483+Y	$85A2
16	858F	TextUiSystem_Entry_858F	Direct call from $16:$83FB	A,X,Y	A,P,X,Y	$0480+X,$04F2,$04F3	
16	85A2	TextUiSystem_Entry_85A2	Direct call from $16:$848A; Direct call from $16:$84C4; Direct call from $16:$8529; Direct call from $16:$8565	A,X	A,P,X	$0480+X	
16	85AD	TextUiSystem_Entry_85AD	Direct call from $16:$83FE	A,X,Y	A,P,X,Y	$06AA+X	
16	85C8	TextUiSystem_Entry_85C8	Direct call from $16:$802B	A,X,Y	A,P,X,Y	$0551,$52,$53,$54,$58,$5B,$5C,$60	
16	85E7	TextUiSystem_Entry_85E7	Direct call from $16:$811A; Direct call from $16:$8172; Direct call from $16:$81E5; Direct call from $16:$83D5; Direct call from $16:$83F7	A,X	A,P,X	$52	
16	85F9	TextUiSystem_Entry_85F9	Direct call from $16:$802E	A,X	A,P,X	$55,$6E8A,$6E8A+X,$6E8B	$87A8
16	8626	TextUiSystem_Entry_8626	Direct call from $16:$81CF	A,X	A,P,X	$55	
16	8652	TextUiSystem_Entry_8652	Direct call from $16:$A3C2; Pointer $16:$800A (20-entry text and user-interface service directory)	A,X	A,P,X	$0551,$0552,$06AA+X	
16	8664	TextUiSystem_Entry_8664	Pointer $16:$800C (20-entry text and user-interface service directory)	A,X	A,P,X	$051A,$0552,$1F	$FF74
16	8678	TextUiSystem_Entry_8678	Direct call from $16:$8043; Direct call from $16:$8727	A,X	A,P,X,Y	$6E89+X,$6E9A	$87A8
16	868F	TextUiSystem_Entry_868F	Direct call from $16:$80B6	A,X,Y	A,P,X,Y	$0551,$0552	$83FB,$85E7,$C62D
16	870E	TextUiSystem_Entry_870E	Direct call from $16:$83CA	A,X	A,P,X	$5C	$8678
16	872B	TextUiSystem_Entry_872B	Direct call from $16:$8028; Direct call from $16:$8786	A,X	A,P,X	$5E,$60	$874C,$8769,$87A8,$DF7A
16	874C	Bank16_SelectTextGroup	Direct call from $16:$872C	A,X,Y	A,P,Y	$0595,$49,$4A,$5F	
16	8769	TextUiSystem_Entry_8769	Direct call from $16:$872F	A,X,Y	A,P,X	$51	
16	8786	TextUiSystem_Entry_8786	Pointer $16:$8010 (20-entry text and user-interface service directory)	A	A,P	$00	$872B,$87A8
16	87A8	Bank16_DecodeHuffmanSymbol	Direct call from $16:$8604; Direct call from $16:$8617; Direct call from $16:$8678; Direct call from $16:$8740; Direct call from $16:$878D	A,X,Y	A,P,X,Y	$5E,$5F,$98,$99,$9A	$DF7A
16	8892	TextUiSystem_Entry_8892	Direct call from $16:$8BC9; Direct call from $16:$8D30; Direct call from $16:$9691; Pointer $16:$8014 (20-entry text and user-interface service directory)		P		
16	88C1	TextUiSystem_Entry_88C1	Direct call from $16:$889B	A,X	A,P,X	$55,$7020+X	$88F5,$890E,$8932
16	88F5	TextUiSystem_Entry_88F5	Direct call from $16:$88C1	A,X	A,P,X	$5F,$60	
16	890E	TextUiSystem_Entry_890E	Direct call from $16:$88C6	A,X	A,P,X		
16	891D	TextUiSystem_Entry_891D	Direct call from $16:$8898	A	A,P	$54,$55,$57	
16	8932	TextUiSystem_Entry_8932	Direct call from $16:$88CB; Pointer $16:$8016 (20-entry text and user-interface service directory)	A,X,Y	A,P,X,Y	$5F	
16	8A08	TextUiSystem_Entry_8A08	Pointer $16:$8000 (20-entry text and user-interface service directory)	A,X,Y	A,P,X,Y	$F6,$F7	$8AA5
16	8A18	TextUiSystem_Entry_8A18	Pointer $16:$8002 (20-entry text and user-interface service directory)	A,X,Y	A,P,X,Y	$00,$01,$0105+X,$0106+X,$F6,$F7	$8AA5,$C3EA
16	8A45	TextUiSystem_Entry_8A45	Pointer $16:$800E (20-entry text and user-interface service directory)	A,X,Y	A,P,X,Y	$00,$01,$0106+X,$0107+X,$F6	$8AA5,$C3EA
16	8A72	TextUiSystem_Entry_8A72	Pointer $16:$8012 (20-entry text and user-interface service directory)	A,X,Y	A,P,X,Y	$00,$01,$0106+X,$0107+X,$F6,$F7	$8AA5,$C3EA
16	8AA4	TextUiSystem_Entry_8AA4	Pointer $16:$8004 (20-entry text and user-interface service directory)		P		
16	8AA5	TextUiSystem_Entry_8AA5	Direct call from $16:$8A0E; Direct call from $16:$8A3B; Direct call from $16:$8A68; Direct call from $16:$8A9A; Pointer $16:$8006 (20-entry text and user-interface service directory)	A,X,Y	A,P,X,Y	$03C2+X,$03D4,$03DF,$03E0,$03E1,$047E+X,$047F+X,$049A+X,$049B+X,$04E0+Y,$04F2,$04F3,$076C+X,$076D+X,$0788,$07B4,$0C,$0D,$0E,$0F,$6E+X,$F5,$F7,$F8	$8892,$8BDA,$8C96,$8D5E,$8DD4,$8E18,$8EC0,$8F8C,$8FAA,$9022,$90C4,$90F0,$9543,$95AF,$95FF,$963D,$9CCB
16	8BDA	TextUiSystem_Entry_8BDA	Direct call from $16:$8AAE	A,X,Y	A,P,X,Y	$03C2+X,$03D4,$03DF,$03E0,$03E1,$0788+X,$07A0+X,$07A8+X,$07B4,$0C,$0D,$0E,$0F,$6E+X,$F5,$F7,$F8	$8892,$8D5E,$8E18,$8EC0,$9553,$9CCB
16	8C96	TextUiSystem_Entry_8C96	Direct call from $16:$8ADE; Direct call from $16:$8B0B; Direct call from $16:$91A8	A,X,Y	A,P,X,Y	$03C2+X,$03D4,$03DF,$03E0,$03E1,$0C,$0D,$0E,$0F,$6E+X,$F5,$F7,$F8	$8892,$8D5E,$8E18,$8EC0
16	8D5E	TextUiSystem_Entry_8D5E	Direct call from $16:$8CFB	A,X,Y	A,P,X,Y	$00,$01,$02,$03,$04,$0480+Y,$0481+Y,$04A0+Y,$04A1+Y,$04E0+X,$04E0+Y,$076A+X,$076B+X,$0C,$0D,$0E,$0F	$8DD4
16	8DD4	TextUiSystem_Entry_8DD4	Direct call from $16:$8B8B; Direct call from $16:$8DA2	A,X,Y	A,P,X,Y	$0000+Y,$04,$53,$54	$D251,$D3E6,$D486,$D4F3
16	8E18	TextUiSystem_Entry_8E18	Direct call from $16:$8CF5	A,Y	A,P	$02	$8E49,$8E4E,$8E8F
16	8E49	TextUiSystem_Entry_8E49	Direct call from $16:$8E38	A,X,Y	A,P,X	$02,$03E0,$0C+X,$0D+X	
16	8E4E	TextUiSystem_Entry_8E4E	Direct call from $16:$8E45	A,X,Y	A,P,X	$02,$03E0,$0C+X,$0D+X	
16	8E8F	TextUiSystem_Entry_8E8F	Direct call from $16:$8E1D	A,X	A,P,X	$00,$01	
16	8EC0	TextUiSystem_Entry_8EC0	Direct call from $16:$8CFE	A,X,Y	A,P,X,Y	$00,$02,$03DF,$03E0,$04A0+X,$04F2,$04F3,$F4	$91C6,$931B,$933F,$9349,$952B,$9543,$95AF,$95FF,$963D
16	8F8C	TextUiSystem_Entry_8F8C	Direct call from $16:$8AC8; Direct call from $16:$9DA3	A	A,P		$91BF,$91C6,$933F,$952B,$95FF
16	8FAA	TextUiSystem_Entry_8FAA	Direct call from $16:$8ACB	A,Y	A,P,Y	$03D4,$07B4,$F5	$998C
16	9022	TextUiSystem_Entry_9022	Direct call from $16:$8ACE	A,X,Y	A,P,X,Y	$03D4,$03DA,$0788+X,$0790+X,$0798+X,$07A0+X,$07A8+X,$F0	$975A,$9CCB,$A4F4
16	90C4	TextUiSystem_Entry_90C4	Direct call from $16:$8AAB	A	A,P	$03CC,$03CD,$03D4,$03E2,$F5,$F8	$9CC7,$C8EC
16	90F0	TextUiSystem_Entry_90F0	Direct call from $16:$8AF7	A,X,Y	A,P,Y	$03D4,$0788+X,$07B4,$F5	$8C96,$9CCB
16	91BF	TextUiSystem_Entry_91BF	Direct call from $16:$8FA3		P		$91C6,$92A2
16	91C6	TextUiSystem_Entry_91C6	Direct call from $16:$8EF5; Direct call from $16:$8F99; Direct call from $16:$91BF	A,Y	A,P,Y	$00F4,$04F2,$F0,$F2	$9230,$924B,$93AE,$952B,$975A,$982D
16	9230	TextUiSystem_Entry_9230	Direct call from $16:$91F4	A	A,P	$F2	$98B3,$9901
16	924B	TextUiSystem_Entry_924B	Direct call from $16:$922C	A,X,Y	A,P,X,Y	$0480+X,$04A0+X,$04C0+X,$09,$F2	$9976
16	92A2	TextUiSystem_Entry_92A2	Direct call from $16:$91C2	A,X,Y	A,P,X,Y	$00,$0480+X,$04E0+Y,$04F3	$92C5,$931B,$932C,$94EA,$94F4,$96E3
16	92C5	TextUiSystem_Entry_92C5	Direct call from $16:$9314	A	A,P		
16	931B	TextUiSystem_Entry_931B	Direct call from $16:$8F5A; Direct call from $16:$8F62; Direct call from $16:$92F6; Direct call from $16:$9304; Direct call from $16:$9309; Direct call from $16:$930E	A,X,Y	A,P,X,Y	$01,$0480+Y	
16	932C	TextUiSystem_Entry_932C	Direct call from $16:$92AC; Direct call from $16:$9945; Direct call from $16:$997C	A	A,P		
16	933F	TextUiSystem_Entry_933F	Direct call from $16:$8EDE; Direct call from $16:$8F92; Direct call from $16:$8F9C	A	P		$9349
16	9349	TextUiSystem_Entry_9349	Direct call from $16:$8ED8; Direct call from $16:$933F; Direct call from $16:$964A	A,X	A,P	$00F3,$03D2,$03D3,$F5	$93AE,$94EA,$94F4,$975A
16	93AE	TextUiSystem_Entry_93AE	Direct call from $16:$91FE; Direct call from $16:$9352	A,X,Y	A,P,X,Y	$00F4,$03C6,$F0	$94EA,$94FE,$9517
16	94EA	TextUiSystem_Entry_94EA	Direct call from $16:$9317; Direct call from $16:$93A5; Direct call from $16:$9410; Direct call from $16:$9488; Direct call from $16:$94BA; Direct call from $16:$9509	A	A,P	$04F2	
16	94F4	TextUiSystem_Entry_94F4	Direct call from $16:$9311; Direct call from $16:$938B	A	A,P	$04F2	
16	94FE	TextUiSystem_Entry_94FE	Direct call from $16:$93D1	A,Y	A,P,X	$00F4	$94EA
16	9517	TextUiSystem_Entry_9517	Direct call from $16:$93D6	A,Y	A,P,X	$00F4	
16	952B	TextUiSystem_Entry_952B	Direct call from $16:$8EFF; Direct call from $16:$8F8F; Direct call from $16:$91D7	A	A,P		$991D,$9976,$A39C
16	9543	TextUiSystem_Entry_9543	Direct call from $16:$8AB7; Direct call from $16:$8EC9	A,X,Y	A,P,X,Y	$03C7,$03D5,$0A,$0B,$EE,$EF,$F0,$F1,$F5,$F7,$F8	
16	9553	TextUiSystem_Entry_9553	Direct call from $16:$8BDC	A,X,Y	A,P,X,Y	$03D5,$0A,$0B,$EE,$EF,$F0,$F1,$F5	
16	95AF	TextUiSystem_Entry_95AF	Direct call from $16:$8ABA; Direct call from $16:$8ECC	A,Y	A,P,Y	$03C8,$03C9,$03CB,$03D4,$F0	$A4DE,$A4E9
16	95FF	TextUiSystem_Entry_95FF	Direct call from $16:$8ABD; Direct call from $16:$8ECF; Direct call from $16:$8ED5; Direct call from $16:$8F8C	A,Y	A,P,Y	$00F4,$03D3,$03D6,$03D7,$03DB,$04F2,$04F3,$F0	
16	963D	TextUiSystem_Entry_963D	Direct call from $16:$8AC0; Direct call from $16:$8ED2	A,Y	A,P,Y	$03C9,$03D5,$03D8,$03D9,$07B4,$F5	$8892,$9349,$96C5,$96F3,$998C
16	96C5	TextUiSystem_Entry_96C5	Direct call from $16:$9661	A,Y	A,P,Y	$03D5	
16	96E3	TextUiSystem_Entry_96E3	Direct call from $16:$92B1; Direct call from $16:$92EE; Direct call from $16:$92FC; Direct call from $16:$994A; Direct call from $16:$9967; Direct call from $16:$9986	A	A,P,X		
16	96F3	TextUiSystem_Entry_96F3	Direct call from $16:$968E	A,X	A,P,X	$00,$01,$02,$076A+X,$076B+X	
16	975A	TextUiSystem_Entry_975A	Direct call from $16:$907B; Direct call from $16:$91DA; Direct call from $16:$937C	A,Y	A,P,Y	$03DA	$978C,$97BB
16	978C	TextUiSystem_Entry_978C	Direct call from $16:$977E	A,X,Y	A,P,X,Y	$03D2,$0A,$0B	$9798
16	9798	TextUiSystem_Entry_9798	Direct call from $16:$97B4	A,X,Y	A,P,X,Y	$0A,$0B	
16	97BB	TextUiSystem_Entry_97BB	Direct call from $16:$9784	A,X	A,P,X,Y	$00F3,$03D0,$03D2,$03D6,$03D7,$F2,$F5	
16	982D	TextUiSystem_Entry_982D	Direct call from $16:$91FB	A,Y	A,P,X,Y	$0A,$0B,$0C	$987F,$9882,$98B3
16	987F	TextUiSystem_Entry_987F	Direct call from $16:$9862		P		
16	9882	TextUiSystem_Entry_9882	Direct call from $16:$9830; Direct call from $16:$985D	A,X,Y	A,P,X,Y	$00,$01,$02,$0D,$0E,$0F	
16	98B3	TextUiSystem_Entry_98B3	Direct call from $16:$9244; Direct call from $16:$984F; Direct call from $16:$9873; Direct call from $16:$AE48; Direct call from $16:$AECF; Direct call from $16:$AED4; Direct call from $16:$AEE6; Direct call from $16:$AEF4; Direct call from $16:$AF38; Direct call from $16:$AF43; Direct call from $16:$AF4F; Direct call from $16:$AFB9; Direct call from $16:$AFC1; Direct call from $16:$AFC6; Direct call from $16:$B02E; Direct call from $16:$B200; Direct call from $16:$B214; Direct call from $16:$B21E; Direct call from $16:$B22A; Direct call from $16:$BA6D; Direct call from $16:$BA72; Direct call from $16:$BA7F; Direct call from $16:$BB16; Direct call from $16:$BB4E; Direct call from $16:$BB79; Direct call from $16:$BB9B; Direct call from $16:$BBAB; Direct call from $16:$BBB0; Direct call from $16:$BBB5; Direct call from $16:$BBC6; Direct call from $16:$BBD7; Direct call from $16:$BBE1; Direct call from $16:$BBEB; Direct call from $16:$BC0B; Direct call from $16:$BC10; Direct call from $16:$BC2C; Direct call from $16:$BC7E; Direct call from $16:$BCB6; Direct call from $16:$BECF; Pointer $16:$801A (20-entry text and user-interface service directory)	A,X	A,P,X	$0480+X,$04C0+X,$09,$F2	
16	98D2	TextUiSystem_Entry_98D2	Direct call from $16:$AE42; Direct call from $16:$AFCB; Direct call from $16:$BA38; Direct call from $16:$BB10; Direct call from $16:$BB2F; Direct call from $16:$BB96; Direct call from $16:$BBA6; Direct call from $16:$BBDC; Direct call from $16:$BBE6; Direct call from $16:$BBF0	A,X	A,P,X	$04A0+X,$04C0+X,$09	
16	98FE	TextUiSystem_Entry_98FE	Direct call from $16:$AB46; Direct call from $16:$BB32; Direct call from $16:$BCF3		P	$F2	
16	9901	TextUiSystem_Entry_9901	Direct call from $16:$923B	A,Y	A,P,X,Y	$09	
16	991D	TextUiSystem_Entry_991D	Direct call from $16:$9531	A,X,Y	A,P,X,Y	$0480+X,$0480+Y,$04F2,$04F3	$932C,$96E3
16	9976	TextUiSystem_Entry_9976	Direct call from $16:$926A; Direct call from $16:$9534; Direct call from $16:$BA33	A,X	A,P	$F2	$932C,$96E3
16	998C	TextUiSystem_Entry_998C	Direct call from $16:$8FDB; Direct call from $16:$901C; Direct call from $16:$9672	A,Y	A,P,Y	$03CA,$03CE,$03CF,$F8	$99DF,$9A32,$9A80,$9AC0,$9AD7,$9B25,$9B5A,$9B7D,$9BB4,$9BBE,$9C0F,$9CC3
16	99DF	TextUiSystem_Entry_99DF	Direct call from $16:$99CA	A	A,P	$F8	$9C0F
16	9A32	TextUiSystem_Entry_9A32	Direct call from $16:$99C2; Direct call from $16:$99F4; Direct call from $16:$9EF1	A	A,P	$03D1,$07B4,$F8	$9BBE,$9C0F
16	9A80	TextUiSystem_Entry_9A80	Direct call from $16:$99F9; Direct call from $16:$9EF6	A	A,P	$F8	$9C0F
16	9AC0	TextUiSystem_Entry_9AC0	Direct call from $16:$99C7; Direct call from $16:$99FE; Direct call from $16:$9D0C; Direct call from $16:$9EFB	A,Y	A,P,Y	$03CA	$9C19
16	9AD7	TextUiSystem_Entry_9AD7	Direct call from $16:$9A01	A	A,P,X	$03CF,$07B4,$F8	$9C06,$9C0F
16	9B25	TextUiSystem_Entry_9B25	Direct call from $16:$9A06	A	A,P	$03CF	$9C06,$9C0F
16	9B5A	TextUiSystem_Entry_9B5A	Direct call from $16:$9A0B	A	A,P	$03CF	$9C06,$9C0F
16	9B7D	TextUiSystem_Entry_9B7D	Direct call from $16:$9A10	A,X	A,P,X	$03CF	$9C06,$9C0F
16	9BB4	TextUiSystem_Entry_9BB4	Direct call from $16:$99D1; Direct call from $16:$9A29; Direct call from $16:$9F06	X	A,P,X		
16	9BBE	TextUiSystem_Entry_9BBE	Direct call from $16:$9A1B; Direct call from $16:$9A67; Direct call from $16:$9DB2	A,X,Y	A,P,X,Y	$03DA,$F8	
16	9C06	TextUiSystem_Entry_9C06	Direct call from $16:$9AF7; Direct call from $16:$9B0A; Direct call from $16:$9B3D; Direct call from $16:$9B6A; Direct call from $16:$9B93; Direct call from $16:$9E1A	A	A,P	$03CA	$9C20
16	9C0F	TextUiSystem_Entry_9C0F	Direct call from $16:$9A24; Direct call from $16:$9A79; Direct call from $16:$9AB9; Direct call from $16:$9B05; Direct call from $16:$9B10; Direct call from $16:$9B53; Direct call from $16:$9B76; Direct call from $16:$9BAD; Direct call from $16:$9D98; Direct call from $16:$9DB5; Direct call from $16:$9DE6; Direct call from $16:$9E38	A	A,P	$03CA	$9C20,$C62D
16	9C19	TextUiSystem_Entry_9C19	Direct call from $16:$9AD3; Direct call from $16:$A049; Direct call from $16:$A0A8		P		$9C20,$C62D
16	9C20	TextUiSystem_Entry_9C20	Direct call from $16:$9C0B; Direct call from $16:$9C19	A,X,Y	A,P,X,Y	$00,$01,$03E2	$C65A
16	9CBF	TextUiSystem_Entry_9CBF	Direct ROM analysis: Four-byte compare-and-return routine immediately after the UI metric tables	A	P		
16	9CC3	TextUiSystem_Entry_9CC3	Direct call from $16:$99BF; Direct call from $16:$99EF; Direct call from $16:$9CFF; Direct call from $16:$9EEE; Direct call from $16:$9FD8; Direct call from $16:$A130		P		
16	9CC7	TextUiSystem_Entry_9CC7	Direct call from $16:$90E0		P		
16	9CCB	TextUiSystem_Entry_9CCB	Direct call from $16:$8AB4; Direct call from $16:$8C09; Direct call from $16:$8C38; Direct call from $16:$8C5C; Direct call from $16:$9022; Direct call from $16:$90BA; Direct call from $16:$9160	A	A,P,X		
16	9CD7	TextUiSystem_Entry_9CD7	Direct ROM analysis: Coherent text/UI routine block immediately after RTS $9CD6 and before decoded entry $9F58	A,X,Y	A,P,X,Y	$03CA,$03CF,$03D1,$03DA,$03DB,$03DC	$9AC0,$9CC3,$9D4F,$9D71,$9DBA,$9DF1
16	9D4F	TextUiSystem_Entry_9D4F	Direct call from $16:$9CFC; Direct call from $16:$9D2E; Direct call from $16:$9D95	A	A,P,Y	$03DB,$6E,$6F	
16	9D71	TextUiSystem_Entry_9D71	Direct call from $16:$9D02	A	A,P	$03D1,$03DB,$03DC	$8F8C,$9BBE,$9C0F,$9D4F
16	9DBA	TextUiSystem_Entry_9DBA	Direct call from $16:$9D07	A	A,P	$F8	$9C0F
16	9DF1	TextUiSystem_Entry_9DF1	Direct call from $16:$9D0F	A,X,Y	A,P,X,Y	$03DA	$9E1A,$9E3C
16	9E1A	TextUiSystem_Entry_9E1A	Direct call from $16:$9E16; Direct call from $16:$9F54	A,X	A,P,X	$03CF,$03DA	$9C06,$9C0F
16	9E3C	TextUiSystem_Entry_9E3C	Direct call from $16:$9DFA; Direct call from $16:$9F30	A,X	A,P,X,Y	$03DA	
16	9EE7	TextUiSystem_Entry_9EE7	Direct ROM analysis: Coherent text/UI selection routine block immediately after indexed lookup tables	A	A,P	$03CA	$9A32,$9A80,$9AC0,$9BB4,$9CC3,$9F0F,$9F27
16	9F0F	TextUiSystem_Entry_9F0F	Direct call from $16:$9EEB	A	A,P,Y	$6E,$6F	
16	9F27	TextUiSystem_Entry_9F27	Direct call from $16:$9EFE	A,X,Y	A,P,X,Y	$03DA	$9E1A,$9E3C
16	9FB6	TextUiSystem_Entry_9FB6	Direct ROM analysis: Coherent text/UI routine family after the terminal jump at $9FB3 with bounded loops and local helper calls; Direct call from $16:$A0E1	A,X	A,P,X	$02+X,$03CA,$03CF,$03DB,$03DC,$03DD	$9CC3,$A004,$A020,$A032,$A04D,$A067,$A07C,$A0AC
16	9FBB	TextUiSystem_Entry_9FBB	Direct ROM analysis: Alternate LDA #$20 entry joining the main text/UI routine at $9FBD	A,X	A,P,X	$02+X,$03CA,$03CF,$03DB,$03DC,$03DD	$9CC3,$A004,$A020,$A032,$A04D,$A067,$A07C,$A0AC
16	A004	TextUiSystem_Entry_A004	Direct call from $16:$9FDB	A	A,P	$F8	$A0D0
16	A020	TextUiSystem_Entry_A020	Direct call from $16:$9FE0	A	A,P	$F8	$A0D0
16	A032	TextUiSystem_Entry_A032	Direct call from $16:$9FE5	A,Y	A,P,Y	$03CA	$9C19
16	A04D	TextUiSystem_Entry_A04D	Direct call from $16:$9FE8	A	A,P	$03DB	$A0D0
16	A067	TextUiSystem_Entry_A067	Direct call from $16:$9FEB	A	A,P	$03DB	$A0D0
16	A07C	TextUiSystem_Entry_A07C	Direct call from $16:$9FEE	A,X	A,P,X	$03CA,$03CF,$03DB,$03DC	$9C19,$A0D0
16	A0AC	TextUiSystem_Entry_A0AC	Direct call from $16:$9FF1	A,X	A,P,X	$03CA,$03CF,$03DB,$03DC	$9C19,$A0D0
16	A0D0	TextUiSystem_Entry_A0D0	Direct call from $16:$A019; Direct call from $16:$A02B; Direct call from $16:$A063; Direct call from $16:$A078; Direct call from $16:$A08C; Direct call from $16:$A0BD	A,X	A,P,X	$02+X,$03CA	$9C20,$C62D
16	A0E1	TextUiSystem_Entry_A0E1	Direct ROM analysis: Dormant helper after the terminal JMP at $A0DE; calls $9FB6, invokes BRK service $03,$E7, and returns		P		$9FB6
16	A15A	TextUiSystem_Entry_A15A	Direct call from $16:$A133	A,X,Y	A,P,X,Y	$02,$03E3,$03E3+X,$03E4+X,$04,$F8	$A314,$A362,$A391,$A397
16	A215	TextUiSystem_Entry_A215	Direct call from $16:$A138	A,X	A,P,X	$02,$03E3,$03E3+X,$03E4+X,$F8	$A314,$A397
16	A231	TextUiSystem_Entry_A231	Direct call from $16:$A13D	A,X	A,P,X	$00,$01,$03CA	$A334
16	A248	TextUiSystem_Entry_A248	Direct call from $16:$A140	A,Y	A,P,Y	$00,$01,$03CA,$08,$09	$A327,$A334,$A362,$A37F
16	A27B	TextUiSystem_Entry_A27B	Direct call from $16:$A143	A,Y	A,P,Y	$00,$01,$03CA,$08,$09	$A327,$A334,$A362,$A37F
16	A2B1	TextUiSystem_Entry_A2B1	Direct call from $16:$A146	A,Y	A,P,Y	$00,$01,$03CA,$08,$09	$A327,$A334,$A362,$A37F
16	A2DB	TextUiSystem_Entry_A2DB	Direct call from $16:$A149	A,Y	A,P,Y	$00,$01,$03CA,$08,$09	$A327,$A334,$A362,$A37F
16	A314	TextUiSystem_Entry_A314	Direct call from $16:$A1B8; Direct call from $16:$A1FD; Direct call from $16:$A227	A	A,P	$00,$01,$03CA	$A334
16	A327	TextUiSystem_Entry_A327	Direct call from $16:$A311	A	A,P	$00,$01,$03CA,$03E2	$C65A
16	A334	TextUiSystem_Entry_A334	Direct call from $16:$A321	A	A,P	$00,$01,$03E2	$C65A
16	A362	TextUiSystem_Entry_A362	Direct call from $16:$A163; Direct call from $16:$A258; Direct call from $16:$A28E; Direct call from $16:$A2BB; Direct call from $16:$A2E5	A,X	A,P,X,Y	$00,$01	
16	A37F	TextUiSystem_Entry_A37F	Direct call from $16:$A24F; Direct call from $16:$A282; Direct call from $16:$A2B8; Direct call from $16:$A2E2	A	A,P	$0A,$0B	
16	A391	TextUiSystem_Entry_A391	Direct call from $16:$A1B3		P		
16	A397	TextUiSystem_Entry_A397	Direct call from $16:$A1FA		P		
16	A39C	TextUiSystem_Entry_A39C	Direct call from $16:$953F	A,Y	A,P,Y		
16	A446	TextUiSystem_Entry_A446	Direct call from $16:$A3AF	A,Y	A,P,Y	$F2	$A49A
16	A44C	TextUiSystem_Entry_A44C	Direct call from $16:$A3D3	A,Y	A,P	$F2	$A49A
16	A49A	TextUiSystem_Entry_A49A	Direct call from $16:$A3E3; Direct call from $16:$A452; Direct call from $16:$A464; Direct call from $16:$A470	A,X	A,P,X	$00,$0480+X,$04A0+X,$04C0+X,$09,$F2	
16	A4DE	TextUiSystem_Entry_A4DE	Direct call from $16:$95CE	A,Y	A,P,Y		
16	A4E9	TextUiSystem_Entry_A4E9	Direct call from $16:$95EA	A,Y	A,P,Y		
16	A4F4	TextUiSystem_Entry_A4F4	Direct call from $16:$90B1	A,Y	A,P,Y		
16	AAF7	TextUiSystem_Entry_AAF7	Pointer $16:$A5EB (Primary text/UI escape handler at the first command-pointer low-byte wrap, dispatched through $9841/$987F)	Y	A,P,X,Y	$03DD	$BA0E,$BEE8
16	ABFF	TextUiSystem_Entry_ABFF	Pointer $16:$A607 (Primary text/UI escape handler at the second command-pointer low-byte wrap, dispatched through $9841/$987F)	A,X,Y	A,P,X,Y	$03DB,$03DC,$03DD	$98B3,$BCC1
16	ACFF	TextUiSystem_Entry_ACFF	Pointer $16:$A619 (Primary text/UI escape handler at the third command-pointer low-byte wrap, dispatched through $9841/$987F)	A,X,Y	A,P,X,Y	$03DB,$03DC,$03DD	$98B3,$BCC1
16	ADF0	TextUiSystem_Entry_ADF0	Pointer $16:$A633 (Primary text/UI escape handler at the fourth command-pointer low-byte wrap, dispatched through $9841/$987F)	A,X,Y	A,P,X,Y	$72,$73,$74	$98B3,$BD41
16	AEBF	TextUiSystem_Entry_AEBF	Pointer $16:$A641 (Primary text/UI escape handler at the fifth command-pointer low-byte wrap, dispatched through $9841/$987F)	A,X,Y	A,P,X,Y	$00	$98B3
16	AFD8	TextUiSystem_Entry_AFD8	Pointer $16:$A64D (Primary text/UI escape handler at the sixth command-pointer low-byte wrap, dispatched through $9841/$987F)		A,P,X		
16	B0FA	TextUiSystem_Entry_B0FA	Pointer $16:$A68D (Primary text/UI escape handler at the seventh command-pointer low-byte wrap, dispatched through $9841/$987F)		P	$00	
16	B1F9	TextUiSystem_Entry_B1F9	Pointer $16:$A6E3 (Secondary text/UI escape handler at the first command-pointer low-byte wrap, dispatched through $9841/$987F)	A,X,Y	A,P,X,Y		$98B3,$B747,$BE97
16	B2AB	TextUiSystem_Entry_B2AB	Pointer $16:$A6EB (Secondary text/UI escape handler at the second command-pointer low-byte wrap, dispatched through $9841/$987F)	X	A,P,X		
16	B2DA	TextUiSystem_Entry_B2DA	Direct call from $16:$B2B6	A,X,Y	A,P,X,Y		
16	B3FC	TextUiSystem_Entry_B3FC	Pointer $16:$A703 (Secondary text/UI escape handler at the third command-pointer low-byte wrap, dispatched through $9841/$987F)	A,X,Y	A,P	$1E00+X	
16	B747	TextUiSystem_Entry_B747	Direct call from $16:$9FAE; Direct call from $16:$B223		P		
16	B78C	TextUiSystem_Entry_B78C	Direct call from $16:$B74B; Direct call from $16:$B773	A,X,Y	A,P,X,Y		
16	BA0E	TextUiSystem_Entry_BA0E	Direct call from $16:$AAF7	A,Y	A,P,Y	$6F	
16	BA29	TextUiSystem_Entry_BA29	Direct call from $16:$ABBD; Direct call from $16:$ABD0	A,X	A,P,X	$F2	$98D2,$9976
16	BA44	TextUiSystem_Entry_BA44	Direct call from $16:$AF5C; Direct call from $16:$BB92	A	A,P	$6E	
16	BA64	TextUiSystem_Entry_BA64	Direct call from $16:$B026; Direct call from $16:$BA78	A	P,X		
16	BA6D	TextUiSystem_Entry_BA6D	Direct call from $16:$AF5F	X	A,P,X		$98B3
16	BA78	TextUiSystem_Entry_BA78	Pointer $16:$8020 (20-entry text and user-interface service directory)	X	A,P,X		$98B3,$BA64
16	BA9F	TextUiSystem_Entry_BA9F	Pointer $16:$8022 (20-entry text and user-interface service directory)		P,X		
16	BAAE	TextUiSystem_Entry_BAAE	Pointer $16:$8024 (20-entry text and user-interface service directory)		P,X		
16	BAB3	TextUiSystem_Entry_BAB3	Pointer $16:$8026 (20-entry text and user-interface service directory)		P,X		
16	BB56	TextUiSystem_Entry_BB56	Direct call from $16:$AB34; Direct call from $16:$ABF9; Direct call from $16:$BBCA; Direct call from $16:$BBD2	A,X	A,P,X	$6E	
16	BB75	TextUiSystem_Entry_BB75	Pointer $16:$801E (20-entry text and user-interface service directory)	X,Y	A,P,X,Y		$98B3
16	BCC1	TextUiSystem_Entry_BCC1	Direct call from $16:$BCA3	A,Y	A,P		
16	BCEB	TextUiSystem_Entry_BCEB	Direct call from $16:$9F6B; Direct call from $16:$AB82; Direct call from $16:$ABB1; Direct call from $16:$B54C; Direct call from $16:$B7C9; Direct call from $16:$B824; Direct call from $16:$B83B; Direct call from $16:$B992		A,P		
16	BD05	TextUiSystem_Entry_BD05	Direct call from $16:$BCF8	X,Y	A,P,X		
16	BD31	TextUiSystem_Entry_BD31	Direct call from $16:$8235; Pointer $16:$8018 (20-entry text and user-interface service directory)	A,X,Y	A,P,X,Y		$BD41
16	BD41	TextUiSystem_Entry_BD41	Direct call from $16:$ADFA; Direct call from $16:$AFB2; Direct call from $16:$BB63; Direct call from $16:$BC1F; Direct call from $16:$BD38; Pointer $16:$801C (20-entry text and user-interface service directory)	A,X,Y	A,P,X,Y	$06,$07	$BD91,$BDC9,$BE64,$BE82
16	BD91	TextUiSystem_Entry_BD91	Direct call from $16:$BD5E	A,X,Y	A,P,X	$00+X,$72,$73,$74	
16	BDC9	TextUiSystem_Entry_BDC9	Direct call from $16:$BD61	A,X,Y	A,P,X,Y	$00+X,$72,$73,$74	$BE47
16	BE47	TextUiSystem_Entry_BE47	Direct call from $16:$BDE3	A,X	A,P,X	$00+X	
16	BE64	TextUiSystem_Entry_BE64	Direct call from $16:$BD64	A,X,Y	A,P,X,Y	$00+X	
16	BE82	TextUiSystem_Entry_BE82	Direct call from $16:$BD6E	A,X,Y	A,P,X,Y	$00+X	
16	BE97	TextUiSystem_Entry_BE97	Direct call from $16:$B1FB	A,X,Y	A,P,X,Y	$00,$01,$02,$03,$04,$05,$06	$98B3,$BE9E
16	BE9E	TextUiSystem_Entry_BE9E	Direct call from $16:$BEDC	A,X,Y	A,P,X,Y	$00,$01,$02,$04,$05	$98B3,$BE9E
16	BEE8	TextUiSystem_Entry_BEE8	Direct call from $16:$AB06	A	P		
17	804C	Bank17_MapSystemServices	Pointer $17:$8000 (38-entry mixed map-system directory followed by code at $804C)	A	A,P	$0505,$0508,$0509,$1F	$C54E,$C5C5
17	806C	Bank17_MapSystemInitialize	Direct ROM analysis: Resume after three-byte inline BRK service at $8068		P		$80B1,$81D7,$89EE,$8AAC,$8C04,$8C69,$8C83,$8C9D,$8D7F,$8ED6,$8F37,$8F64,$91AF,$91E7,$9242,$92B4,$9372,$C543,$C5BF,$C62D
17	80B1	MapSystem_Entry_80B1	Direct call from $17:$809C	A,X	A,P,X	$14,$36,$37,$62B0+X,$62B1+X,$82,$8A	$8141,$818F,$819F,$81B2,$81DD,$81F2,$8237,$8286,$8A3F,$8C39,$9242,$92B4,$92F6,$C62D,$C827,$C8EC,$FF74
17	80BC	MapSystem_Entry_80BC	Direct ROM analysis: Resume after two-byte inline BRK service at $80B9	A	A,P	$36,$37,$38	$8C39,$92B4,$C62D,$D210
17	8141	MapSystem_Entry_8141	Direct call from $17:$8137; Direct call from $17:$8929	A	A,P	$0203,$0207	
17	817C	Bank17_MapGameEntry	Direct ROM analysis: Resume after two-byte inline BRK service at $8179; jumps directly to $8654	A	A,P,Y	$82,$83,$84,$85	$8244,$86A6,$86BC,$8C9D,$8D25,$8D43,$8F37,$8F64,$8F8B,$9242,$92B4,$C891
17	818F	MapSystem_Entry_818F	Direct call from $17:$80FD; Direct call from $17:$886D	A	A,P	$FD,$FE,$FF	
17	819E	MapSystem_Entry_819E	Direct ROM analysis: Resume after two-byte inline BRK service at $819B		P		
17	819F	MapSystem_Entry_819F	Direct call from $17:$811B; Direct call from $17:$8910	A	A,P	$FD,$FE,$FF	
17	81B1	MapSystem_Entry_81B1	Direct ROM analysis: Resume after two-byte inline BRK service at $81AE		P		
17	81B2	MapSystem_Entry_81B2	Direct call from $17:$8122; Direct call from $17:$8915	A	A,P	$FD,$FE,$FF	
17	81C1	MapSystem_Entry_81C1	Direct ROM analysis: Resume after two-byte inline BRK service at $81BE		P		
17	81C2	MapSystem_Entry_81C2	Direct call from $17:$88B6; Direct call from $17:$8ABD; Direct call from $17:$9EF7		P		
17	81D7	MapSystem_Entry_81D7	Direct call from $17:$8090	X	A,P,X		$81F2
17	81DD	MapSystem_Entry_81DD	Direct call from $17:$8100	X	A,P,X		
17	81EE	MapSystem_Entry_81EE	Direct ROM analysis: Resume after two-byte inline BRK service at $81EB		P		$9446
17	81F2	MapSystem_Entry_81F2	Direct call from $17:$80B1; Direct call from $17:$81D7	A,X	A,P	$7E,$7F,$80,$81	$84A0,$84CD,$84EF,$8510,$8522,$8532,$8544,$8564,$8572,$860C,$861F
17	8237	MapSystem_Entry_8237	Direct call from $17:$8107; Direct call from $17:$812E; Direct call from $17:$87A9; Direct call from $17:$8920; Direct call from $17:$8D8E	A,X,Y	A,P,X,Y	$00,$01,$36,$7F	$8286,$82A9,$C65A
17	8244	MapSystem_Entry_8244	Direct call from $17:$817C; Direct call from $17:$87E3; Direct call from $17:$88F6; Direct call from $17:$896E; Direct call from $17:$8DBE	A	A,P	$36	$8286,$82A9
17	8286	MapSystem_Entry_8286	Direct call from $17:$80C3; Direct call from $17:$8256; Direct call from $17:$9203	A,X,Y	A,P,X,Y	$00,$01	$C65A
17	82A9	MapSystem_Entry_82A9	Direct call from $17:$8251; Direct call from $17:$926A	A,X	A,P,X	$72,$73,$74	$C827
17	82C5	MapSystem_Entry_82C5	Direct ROM analysis: Resume after two-byte inline BRK service at $82C2	A,X	A,P,X	$00,$01	$8C56
17	83CD	Bank17_UiUpdate	Direct ROM analysis: Coherent UI update routine adjacent to verified pointer tables; Direct call from $17:$8B3A		P		$83DA,$847C,$848E,$C8CC
17	83DA	Bank17_UiUpdateAlternate	Direct ROM analysis: Coherent UI update routine adjacent to verified pointer tables; Direct call from $17:$83D0		P		$83E1,$8434
17	83E1	MapSystem_Entry_83E1	Direct call from $17:$83DA	A,X	A,P,X	$72,$73,$74,$9D,$9E	
17	840E	MapSystem_Entry_840E	Direct ROM analysis: Resume after two-byte inline BRK service at $840B	A,X	A,P,X	$00,$01,$72,$73,$74,$9D,$9E	$8C56,$C62D,$C65A
17	8434	MapSystem_Entry_8434	Direct call from $17:$83DD	A,X	A,P,X	$72+X	
17	8441	MapSystem_Entry_8441	Direct ROM analysis: Resume after two-byte inline BRK service at $843E	A,X	A,P,X	$72+X	$8455
17	8453	MapSystem_Entry_8453	Direct ROM analysis: Resume after two-byte inline BRK service at $8450	A,X	A,P,X	$00,$01	$8C56,$C65A
17	8455	MapSystem_Entry_8455	Direct call from $17:$8443	A,X	A,P	$00,$01	$8C56,$C65A
17	847C	MapSystem_Entry_847C	Direct call from $17:$83CD	A	A,P	$0508	$FF74
17	848E	MapSystem_Entry_848E	Direct call from $17:$83D6	A	A,P	$0508	$FF74
17	849F	MapSystem_Entry_849F	Direct ROM analysis: Single-byte return stub adjacent to the map-system update routines		P		
17	84A0	MapSystem_Entry_84A0	Direct call from $17:$81F6	A,X,Y	A,P,X,Y	$0029+Y,$002E+Y,$29+X,$33	$8F8B
17	84CD	MapSystem_Entry_84CD	Direct call from $17:$81F9	A,X,Y	A,P,X,Y	$7634+X,$7635+X	
17	84EF	MapSystem_Entry_84EF	Direct call from $17:$81FC	A	A,P,X		$8564,$8572,$8647
17	8510	MapSystem_Entry_8510	Direct call from $17:$8201	A,X	A,P,X		
17	8522	MapSystem_Entry_8522	Direct call from $17:$8206		P,X		$8564,$8572
17	8532	MapSystem_Entry_8532	Direct call from $17:$820B	A,X	A,P,X		
17	8544	MapSystem_Entry_8544	Direct call from $17:$8210	A,X	A,P,X		$860C,$860E,$8637,$8647
17	8564	MapSystem_Entry_8564	Direct call from $17:$8215; Direct call from $17:$84EF; Direct call from $17:$8522	A,X	A,P,X		
17	8572	MapSystem_Entry_8572	Direct call from $17:$821A; Direct call from $17:$84F4; Direct call from $17:$8527	A,X,Y	A,P,X,Y	$33	$8592,$8647
17	8592	MapSystem_Entry_8592	Direct call from $17:$85A2	X,Y	A,P,X,Y		
17	860C	MapSystem_Entry_860C	Direct call from $17:$821F; Direct call from $17:$8544	A,X	A,P,X		
17	860E	MapSystem_Entry_860E	Direct call from $17:$855B	A,X	A,P,X		
17	861F	MapSystem_Entry_861F	Direct call from $17:$8224	X	P,X		$8637,$8639,$8647
17	8637	MapSystem_Entry_8637	Direct call from $17:$8551; Direct call from $17:$8624	A,X	A,P,X		
17	8639	MapSystem_Entry_8639	Direct call from $17:$862C	A,X	A,P,X		
17	8647	MapSystem_Entry_8647	Direct call from $17:$84F9; Direct call from $17:$854A; Direct call from $17:$8572; Direct call from $17:$861F	X	A,P,X		
17	868F	MapSystem_Entry_868F	Direct ROM analysis: Resume after two-byte inline BRK service at $868C		A,P,Y	$82	$86A6,$86BC,$8785,$87F1,$87F7,$87FD,$890A,$8C9D,$8D25,$8D43,$8F64,$8F8B,$9242
17	86A6	MapSystem_Entry_86A6	Direct call from $17:$8689	A	A,P,X		$877B,$87F1,$C90C
17	86BC	MapSystem_Entry_86BC	Direct call from $17:$8676	A,X,Y	A,P,X,Y	$7600,$7600+X,$7600+Y	$C891
17	877B	MapSystem_Entry_877B	Direct call from $17:$86B2; Direct call from $17:$8796	A,X	A,P,X	$2F+X	
17	8785	MapSystem_Entry_8785	Direct call from $17:$868F	A,X	A,P,X	$0200+X,$29,$8A	$8237,$877B,$87B2,$87D1,$8DC4,$8E30,$FF74
17	87B2	MapSystem_Entry_87B2	Direct call from $17:$87A6	A,X	A,P,X	$29,$34	
17	87D1	MapSystem_Entry_87D1	Direct call from $17:$87A3	A,X	A,P,X	$2F,$2F+X	$8244,$8E52,$8F37
17	87F1	MapSystem_Entry_87F1	Direct call from $17:$8695; Direct call from $17:$86B5		P,Y		$8F0E
17	87F7	MapSystem_Entry_87F7	Direct call from $17:$8698		P,Y		$8F1E
17	87FD	MapSystem_Entry_87FD	Direct call from $17:$869B	A,X,Y	A,P,X,Y	$29,$2A,$36,$37,$38	$818F,$8C39,$8F8B,$C62D
17	882A	MapSystem_Entry_882A	Direct ROM analysis: Resume after two-byte inline BRK service at $8827	A,X	A,P,X	$36,$37,$38,$62C0+X	$8C39,$92B4,$C62D,$D210
17	88A2	MapSystem_Entry_88A2	Direct ROM analysis: Resume after two-byte inline BRK service at $889F	A,X	A,P,X	$62C0+X,$62C3+X	$81C2,$8244,$9242,$9446,$FF74
17	88B3	MapSystem_Entry_88B3	Direct ROM analysis: Second consecutive BRK service after $88B0		P		
17	88B6	MapSystem_Entry_88B6	Direct ROM analysis: Resume after two-byte inline BRK service at $88B3	A,X	A,P,X	$62C0+X,$62C3+X	$81C2,$8244,$9242
17	88DD	MapSystem_Entry_88DD	Direct ROM analysis: Resume after two-byte inline BRK service at $88DA		A,P,Y	$82	$86A6,$86BC,$88EA,$8C9D,$8D25,$8D43,$8F64,$8F8B,$9242,$92B4
17	88EA	MapSystem_Entry_88EA	Direct call from $17:$88DD		P		
17	88ED	MapSystem_Entry_88ED	Direct ROM analysis: Resume after two-byte inline BRK service at $88EA		P,X		$C90C
17	88F6	MapSystem_Entry_88F6	Direct ROM analysis: Resume after two-byte inline BRK service at $88F3	A,X	A,P,X	$62C0+X,$62C3+X	$8244,$8F37,$9242,$92B4
17	890A	MapSystem_Entry_890A	Direct call from $17:$869E		A,P	$82	$8141,$819F,$81B2,$8237,$8A3F,$9242,$92B4,$92F6,$C8EC,$FF74
17	8974	MapSystem_Entry_8974	Direct ROM analysis: Resume after two-byte inline BRK service at $8971	A	A,P	$36,$37,$38,$62C9,$62CA,$62CB	$89A7,$8C04,$8C39,$9446,$C62D
17	89A7	MapSystem_Entry_89A7	Direct call from $17:$8974; Direct call from $17:$9E08; Pointer $17:$804A (38-entry mixed map-system directory followed by code at $804C)	A	A,P	$62AD,$62AE,$62AF	
17	89EE	MapSystem_Entry_89EE	Direct call from $17:$809F		P		$9242
17	89F4	MapSystem_Entry_89F4	Direct ROM analysis: Resume after two-byte inline BRK service at $89F1	A	A,P	$0203,$0207	$8A3F,$92F6,$C8EC,$FF74
17	8A3F	MapSystem_Entry_8A3F	Direct call from $17:$812B; Direct call from $17:$891D; Direct call from $17:$89F7	A,X	A,P,X	$0200+X	
17	8A53	Bank17_CasinoExitService	Direct ROM analysis: BRK-backed minigame service routine after the OAM template		P		
17	8A56	MapSystem_Entry_8A56	Direct ROM analysis: Resume after two-byte inline BRK service at $8A53	A	A,P		$8A69,$C5BF,$C5C5
17	8A69	Bank17_CasinoSetupServices	Direct call from $17:$8A60		P,X		
17	8A6E	MapSystem_Entry_8A6E	Direct ROM analysis: Resume after two-byte inline BRK service at $8A6B		P,X		
17	8A73	MapSystem_Entry_8A73	Direct ROM analysis: Consecutive BRK service after the continuation at $8A6E		P		
17	8A76	MapSystem_Entry_8A76	Direct ROM analysis: Resume after two-byte inline BRK service at $8A73		P		$C5AF
17	8A7C	MapSystem_Entry_8A7C	Direct ROM analysis: Resume after two-byte inline BRK service at $8A79		A,P		
17	8A81	MapSystem_Entry_8A81	Direct ROM analysis: Resume after two-byte inline BRK service at $8A7E		A,P		
17	8A87	MapSystem_Entry_8A87	Direct ROM analysis: Consecutive BRK service after the continuation at $8A81		P		
17	8A8A	MapSystem_Entry_8A8A	Direct ROM analysis: Resume after two-byte inline BRK service at $8A87	A,X	A,P,X	$7020+X	
17	8AA0	MapSystem_Entry_8AA0	Direct ROM analysis: Resume after two-byte inline BRK service at $8A9D	A	A,P	$0553,$1F	
17	8AAC	MapSystem_Entry_8AAC	Direct call from $17:$8087	A,X	A,P,X	$04F4,$0551,$0552,$29,$34,$36,$37,$38	$8BCD,$9242,$9266
17	8ABD	MapSystem_Entry_8ABD	Direct ROM analysis: Resume after two-byte inline BRK service at $8ABA		A,P		$81C2,$8A69,$C5BF,$C5C5
17	8AFD	Bank17_CasinoLoop	Direct ROM analysis: Resume after two-byte inline BRK service at $8AFA		P		$8B15,$8B32,$8B3E,$8BA0,$8C04,$8C24,$C62D
17	8B15	MapSystem_Entry_8B15	Direct call from $17:$8AFD	A	A,P	$14,$9D,$9E	$C8EC
17	8B32	MapSystem_Entry_8B32	Direct call from $17:$8B06	A	A,P		$83CD
17	8B3E	MapSystem_Entry_8B3E	Direct call from $17:$8B00	A	A,P	$04F4,$29,$34,$36,$62AD,$62AE,$62AF,$62C6,$62C7,$62C8	$8BCD,$8C04,$8C39,$9266,$C62D
17	8B74	MapSystem_Entry_8B74	Direct ROM analysis: Resume after two-byte inline BRK service at $8B71		P		
17	8B96	MapSystem_Entry_8B96	Direct ROM analysis: Resume after two-byte inline BRK service at $8B93		P		
17	8BA0	MapSystem_Entry_8BA0	Direct call from $17:$8B03	A	A,P		
17	8BA9	MapSystem_Entry_8BA9	Direct ROM analysis: Resume after two-byte inline BRK service at $8BA6	A	A,P	$04F4,$62C6,$62C7,$62C8	$8C04,$8C39,$C62D
17	8BCD	MapSystem_Entry_8BCD	Direct call from $17:$8AE7; Direct call from $17:$8B6B; Direct call from $17:$8B97; Direct call from $17:$9F32	A	A,P	$62AD,$62AE,$62AF	
17	8BE7	MapSystem_Entry_8BE7	Direct call from $17:$8C04; Direct call from $17:$9FFC	A,X	A,P,X	$72+X	
17	8BF4	MapSystem_Entry_8BF4	Direct ROM analysis: Resume after two-byte inline BRK service at $8BF1	A,X	A,P,X	$02+X	
17	8C04	MapSystem_Entry_8C04	Direct call from $17:$8078; Direct call from $17:$8998; Direct call from $17:$8B09; Direct call from $17:$8BA9	A,X,Y	A,P,X,Y	$00,$01,$0F	$8BE7,$C65A
17	8C24	MapSystem_Entry_8C24	Direct ROM analysis: Coherent numeric conversion routine called through adjacent code; Direct call from $17:$8B0C	A,X,Y	A,P,X,Y	$00,$01,$02+X,$0F,$29,$72+X	$C65A
17	8C39	MapSystem_Entry_8C39	Direct call from $17:$80F7; Direct call from $17:$8858; Direct call from $17:$8867; Direct call from $17:$899B; Direct call from $17:$8BAC	A,X	A,P,X	$72+X	
17	8C45	MapSystem_Entry_8C45	Direct ROM analysis: Resume after two-byte inline BRK service at $8C42	A,X,Y	A,P,X,Y	$00,$01,$0F	$C65A
17	8C56	MapSystem_Entry_8C56	Direct call from $17:$82DF; Direct call from $17:$8427; Direct call from $17:$8476	A,X	A,P,X	$00,$0F	$C65A
17	8C69	MapSystem_Entry_8C69	Direct call from $17:$808D		P,Y		$8D1A,$8D1F
17	8C83	MapSystem_Entry_8C83	Direct call from $17:$807E		P,Y		$8CD0
17	8C9D	MapSystem_Entry_8C9D	Direct call from $17:$80AB; Direct call from $17:$8670		P,Y		$8CB7
17	8CB7	MapSystem_Entry_8CB7	Direct call from $17:$8C9F; Direct call from $17:$8CA4; Direct call from $17:$8CA9; Direct call from $17:$8CAE; Direct call from $17:$8CB3; Direct call from $17:$8EE4	A,Y	A,P	$04F2	$8CFD
17	8CC3	MapSystem_Entry_8CC3	Direct ROM analysis: Resume after two-byte inline BRK service at $8CC0		P		$8CED
17	8CC9	MapSystem_Entry_8CC9	Direct ROM analysis: Resume after two-byte inline BRK service at $8CC6		P		$8CDD
17	8CCF	MapSystem_Entry_8CCF	Direct ROM analysis: Resume after two-byte inline BRK service at $8CCC		P		
17	8CD0	MapSystem_Entry_8CD0	Direct call from $17:$8C85; Direct call from $17:$8C8A; Direct call from $17:$8C8F; Direct call from $17:$8C94; Direct call from $17:$8C99	A,Y	A,P	$04F2	$8CDD
17	8CDC	MapSystem_Entry_8CDC	Direct ROM analysis: Resume after two-byte inline BRK service at $8CD9		P		
17	8CDD	MapSystem_Entry_8CDD	Direct call from $17:$8CC9; Direct call from $17:$8CD6	A,X	A,P,X	$0480+X,$04E0+X,$04F3	
17	8CED	MapSystem_Entry_8CED	Direct call from $17:$8CC3; Direct call from $17:$8D49	A,X	A,P,X	$0480+X,$04E0+X,$04F3	
17	8CFD	MapSystem_Entry_8CFD	Direct call from $17:$8CBD; Direct call from $17:$8D4F	A,X	A,P,X	$0480+X,$04E0+X,$04F3	
17	8D1A	MapSystem_Entry_8D1A	Direct call from $17:$8C70; Direct call from $17:$8C75; Direct call from $17:$8C7A; Direct call from $17:$8C7F		P,X		$8D43,$8D58,$8F5A,$8F9E,$C90C
17	8D1F	MapSystem_Entry_8D1F	Direct call from $17:$8C6B		P		$8D43,$8D58,$8F5A,$8F9E
17	8D25	MapSystem_Entry_8D25	Direct call from $17:$8686; Direct call from $17:$8F31		P		$8D58,$8F9E
17	8D2E	MapSystem_Entry_8D2E	Direct ROM analysis: Resume after two-byte inline BRK service at $8D2B		P		$8D5D
17	8D34	MapSystem_Entry_8D34	Direct ROM analysis: Resume after two-byte inline BRK service at $8D31		P		$8D67
17	8D3A	MapSystem_Entry_8D3A	Direct ROM analysis: Resume after two-byte inline BRK service at $8D37		P		
17	8D3D	MapSystem_Entry_8D3D	Direct ROM analysis: Resume after two-byte inline BRK service at $8D3A		P		
17	8D43	MapSystem_Entry_8D43	Direct call from $17:$867B; Direct call from $17:$8D1F; Direct call from $17:$8F25	A,Y	A,P	$04F2	$8CED
17	8D4F	MapSystem_Entry_8D4F	Direct ROM analysis: Resume after two-byte inline BRK service at $8D4C		P		$8CFD
17	8D55	MapSystem_Entry_8D55	Direct ROM analysis: Resume after two-byte inline BRK service at $8D52	A,X	A,P,X	$04B0+X,$04E0+X	
17	8D58	MapSystem_Entry_8D58	Direct call from $17:$8D28	A,X,Y	A,P,X,Y	$0480+X	
17	8D5D	MapSystem_Entry_8D5D	Direct ROM analysis: Coherent selector routine targeting $8D6E; Direct call from $17:$8D2E	A,X,Y	A,P,X,Y	$0480+X	$8D6E
17	8D67	MapSystem_Entry_8D67	Direct call from $17:$8D34	A,X,Y	A,P,X,Y	$0480+X	$8D6E
17	8D6E	MapSystem_Entry_8D6E	Direct call from $17:$8D5F; Direct call from $17:$8D69	A,X,Y	A,P,X,Y	$0480+X	
17	8D7F	MapSystem_Entry_8D7F	Direct call from $17:$8093		P		$92C5,$9314
17	8D88	MapSystem_Entry_8D88	Direct ROM analysis: Resume after two-byte inline BRK service at $8D85		P		$8237,$8DA0,$8DC4,$8DE5,$8E30,$8EA9,$FF74
17	8DA0	MapSystem_Entry_8DA0	Direct call from $17:$8D94	A,X	A,P,X	$2F+X,$34	$8E52
17	8DBE	MapSystem_Entry_8DBE	Direct ROM analysis: Resume after two-byte inline BRK service at $8DBB		A,P		$8244
17	8DC4	MapSystem_Entry_8DC4	Direct call from $17:$87A0; Direct call from $17:$8D91; Direct call from $17:$9CB5; Direct call from $17:$9F24	A,Y	A,P,Y	$14,$34,$35	$C8EC
17	8DE5	MapSystem_Entry_8DE5	Direct ROM analysis: Input handler called by bank $17:$8D97; Direct call from $17:$8D97	A,X	A,P,X	$29,$34,$8A	
17	8E30	MapSystem_Entry_8E30	Direct call from $17:$879D; Direct call from $17:$8D8B	A,X	A,P,X	$0200,$0203,$0204,$0207	
17	8E52	MapSystem_Entry_8E52	Direct call from $17:$87E0; Direct call from $17:$8DB1	A,X	A,P	$00,$01,$2A,$2B,$2C,$2D	$C65A
17	8EA1	MapSystem_Entry_8EA1	Direct ROM analysis: Resume after two-byte inline BRK service at $8E9E		P		
17	8EA9	MapSystem_Entry_8EA9	Direct ROM analysis: UI initializer called by bank $17:$8D88; Direct call from $17:$8D88	A,X	A,P,X	$0200+X,$29,$2F+X,$34,$35,$8A	
17	8ED6	MapSystem_Entry_8ED6	Direct call from $17:$8099	A,X,Y	A,P,X,Y	$7600+X,$7600+Y	$8CB7,$8F1E,$8F37
17	8F0E	MapSystem_Entry_8F0E	Direct call from $17:$87F3	A,Y	A,P,Y		$8F1E
17	8F1E	MapSystem_Entry_8F1E	Direct call from $17:$87F9; Direct call from $17:$8F15	A,Y	A,P,X,Y		$8D25,$8D43,$8F8B,$C90C
17	8F37	MapSystem_Entry_8F37	Direct call from $17:$80A2; Direct call from $17:$817F; Direct call from $17:$87D7; Direct call from $17:$88F9; Direct call from $17:$8ED6	A	A,P	$0200,$0204	
17	8F42	MapSystem_Entry_8F42	Direct ROM analysis: UI template copier reached from bank $17:$8D55	A,X	A,P,X	$04B0+X,$04E0+X	
17	8F5A	MapSystem_Entry_8F5A	Direct call from $17:$8D22	A,X	A,P,X	$2E	
17	8F64	MapSystem_Entry_8F64	Direct call from $17:$8084; Direct call from $17:$8673	A	A,P	$29,$2E	
17	8F71	MapSystem_Entry_8F71	Direct ROM analysis: Resume after two-byte inline BRK service at $8F6E	A	A,P,X		
17	8F77	MapSystem_Entry_8F77	Direct ROM analysis: Resume after two-byte inline BRK service at $8F74	A,X,Y	A,P,Y	$29,$7600+X,$7600+Y	
17	8F8B	MapSystem_Entry_8F8B	Direct call from $17:$84A7; Direct call from $17:$8681; Direct call from $17:$8800; Direct call from $17:$8812; Direct call from $17:$8F2E	A,X	A,P,X		
17	8F9E	MapSystem_Entry_8F9E	Direct call from $17:$8D25	A,X,Y	A,P,X,Y	$04B0,$04B0+X,$04B0+Y,$04BD,$04BE,$04BF,$04D8,$04E0+X,$29,$2A,$2B,$2C,$2D	
17	91AF	MapSystem_Entry_91AF	Direct call from $17:$8075	A,X	A,P,X	$0480+X,$04F3,$04F4,$0553,$05FC	
17	91D2	MapSystem_Entry_91D2	Direct ROM analysis: Resume after two-byte inline BRK service at $91CF	A,X,Y	A,P,X,Y	$7600+Y	
17	91E7	MapSystem_Entry_91E7	Direct call from $17:$8072	A,X	A,P,X	$0480+X,$04F2,$04F3	
17	91FF	MapSystem_Entry_91FF	Direct ROM analysis: Resume after two-byte inline BRK service at $91FC	A,X,Y	A,P,X,Y	$2006,$2007	$8286,$92B4,$9346,$C58F,$C5AF
17	9242	MapSystem_Entry_9242	Direct call from $17:$808A; Direct call from $17:$8096; Direct call from $17:$80A5; Direct call from $17:$80B6; Direct call from $17:$8118; Direct call from $17:$866D; Direct call from $17:$8692; Direct call from $17:$88B9; Direct call from $17:$88FF; Direct call from $17:$890A; Direct call from $17:$89EE; Direct call from $17:$8AB7; Direct call from $17:$9C94; Direct call from $17:$9D01; Direct call from $17:$9EF1; Direct call from $17:$9EFD; Direct call from $17:$A05E		A,P		
17	9247	MapSystem_Entry_9247	Direct ROM analysis: Resume after two-byte inline BRK service at $9244		P		
17	9266	MapSystem_Entry_9266	Direct call from $17:$8AED; Direct call from $17:$8B6E; Direct call from $17:$8B90; Direct call from $17:$8B9A	A,X	A,P,X		$82A9,$C62D
17	92B4	MapSystem_Entry_92B4	Direct call from $17:$80A8; Direct call from $17:$8125; Direct call from $17:$8182; Direct call from $17:$884A; Direct call from $17:$88E0; Direct call from $17:$88FC; Direct call from $17:$890D; Direct call from $17:$923B		A,P		$9331
17	92BC	MapSystem_Entry_92BC	Direct ROM analysis: Resume after two-byte inline BRK service at $92B9	A	A,P	$04F2	
17	92C4	MapSystem_Entry_92C4	Direct ROM analysis: Resume after two-byte inline BRK service at $92C1		P		
17	92C5	MapSystem_Entry_92C5	Direct call from $17:$8D7F	A,X	A,P,X	$0480+X	$9331
17	92D8	MapSystem_Entry_92D8	Direct ROM analysis: Resume after two-byte inline BRK service at $92D5		P		
17	92F6	MapSystem_Entry_92F6	Direct call from $17:$8128; Direct call from $17:$891A; Direct call from $17:$89F4	A,X	A,P,X	$048A+X	$9331
17	9309	MapSystem_Entry_9309	Direct ROM analysis: Resume after two-byte inline BRK service at $9306		P		
17	9314	MapSystem_Entry_9314	Direct call from $17:$8D82	A	A,P	$048D,$048E,$048F,$0490	$9331
17	9330	MapSystem_Entry_9330	Direct ROM analysis: Resume after two-byte inline BRK service at $932D		P		
17	9331	MapSystem_Entry_9331	Direct call from $17:$92B6; Direct call from $17:$92C7; Direct call from $17:$92F8; Direct call from $17:$9316; Direct call from $17:$9348	A,X	A,P,X	$0480+X,$04F2,$04F3	
17	9346	MapSystem_Entry_9346	Direct ROM analysis: Routine called from bank $17:$923D; Direct call from $17:$923E	A,X	A,P,X	$0481,$0481+X,$049A,$049D,$04B6,$04F3	$9331
17	9371	MapSystem_Entry_9371	Direct ROM analysis: Resume after two-byte inline BRK service at $936E		P		
17	9372	MapSystem_Entry_9372	Direct call from $17:$806F	A,X	A,P,X	$05FC+X,$2006,$2007	$93AA,$93EF,$C58F,$C5AF,$FF74
17	93AA	MapSystem_Entry_93AA	Direct call from $17:$937A; Direct call from $17:$937F	A,X,Y	A,P,X,Y	$2006,$2007,$29,$2A,$2B	
17	93EF	MapSystem_Entry_93EF	Direct call from $17:$9384; Direct call from $17:$9387	A,X,Y	A,P,X,Y	$2006,$2007,$29,$2A,$2B	
17	9446	Bank17_UiService	Direct ROM analysis: Coherent UI service routine immediately after PPU descriptor table; Direct call from $17:$81EE; Direct call from $17:$88A7; Direct call from $17:$89A1; Direct call from $17:$9D14		P,X		$C90C,$F0C7
17	9451	MapSystem_Entry_9451	Direct ROM analysis: Resume after two-byte inline BRK service at $944E		P		
17	9BFA	MapSystem_Entry_9BFA	Pointer $17:$8004 (38-entry mixed map-system directory followed by code at $804C)	A	A,P	$1F	$C5C5
17	9C07	Bank17_MapUiEntry	Direct ROM analysis: Resume after three-byte inline BRK service at $9C03		P		$9C35,$9C5F,$9C7E,$A57A,$A599,$A7FE,$A875,$C54E,$C58F,$C596,$C5AF,$C5C5
17	9C2E	MapSystem_Entry_9C2E	Direct ROM analysis: Resume after two-byte inline BRK service at $9C2B	A	A,P	$1F	
17	9C35	MapSystem_Entry_9C35	Direct call from $17:$9C22		P		$9C94,$9CFE,$9E76,$9EE6,$9FE4,$9FFC,$A026,$A050,$A33C,$C5BF,$FF74
17	9C5F	MapSystem_Entry_9C5F	Direct call from $17:$9C1C	A,X	A,P,X	$04FF,$29,$29+X,$2A,$2B,$51+X	$C891
17	9C7E	MapSystem_Entry_9C7E	Direct call from $17:$9C07	A	A,P	$0505,$0508,$0509,$0553	
17	9C94	MapSystem_Entry_9C94	Direct call from $17:$9C59		P		$9242
17	9C9A	MapSystem_Entry_9C9A	Direct ROM analysis: Resume after two-byte inline BRK service at $9C97	A	A,P,X	$5A	$8DC4,$9CD8,$C8EC,$C90C,$FF74
17	9CD8	MapSystem_Entry_9CD8	Direct call from $17:$9CAF	A,Y	A,P,Y	$1C,$1D,$1E	$C636
17	9CFE	MapSystem_Entry_9CFE	Direct call from $17:$9C50		A,P		$9242,$9D41,$9DD0,$9FE4
17	9D11	MapSystem_Entry_9D11	Direct ROM analysis: Resume after two-byte inline BRK service at $9D0E		P		$9446,$9D23,$9DE6
17	9D20	MapSystem_Entry_9D20	Direct ROM analysis: Resume after two-byte inline BRK service at $9D1D		P		
17	9D23	MapSystem_Entry_9D23	Direct call from $17:$9D11	A	A,P		
17	9D32	MapSystem_Entry_9D32	Direct ROM analysis: Resume after two-byte inline BRK service at $9D2F		P		
17	9D3C	MapSystem_Entry_9D3C	Direct ROM analysis: Resume after two-byte inline BRK service at $9D39		P		
17	9D3D	MapSystem_Entry_9D3D	Direct ROM analysis: Second BRK service selected by the branch at $9D27		P		
17	9D40	MapSystem_Entry_9D40	Direct ROM analysis: Resume after two-byte inline BRK service at $9D3D		P		
17	9D41	MapSystem_Entry_9D41	Direct ROM analysis: Map UI scan routine adjacent to the service-return stub; Direct call from $17:$9D08	Y	A,P,Y	$01	$9FC6
17	9D56	MapSystem_Entry_9D56	Direct ROM analysis: Map UI routine called directly from $9D70; Direct call from $17:$9D70; Direct call from $17:$9D8C	A,Y	A,P,Y	$1C,$1D,$5B	
17	9D70	MapSystem_Entry_9D70	Direct call from $17:$9E28	A,Y	A,P,Y	$1E,$82	$9D56,$C636
17	9DA9	MapSystem_Entry_9DA9	Direct call from $17:$9E1C; Direct call from $17:$9F9D	A	A,P	$83	$9DB8,$9DC0
17	9DB8	MapSystem_Entry_9DB8	Direct call from $17:$9DA9	A,X,Y	A,P,X,Y	$0200+X,$0201+X,$0202+X,$0203+X,$1E	$9D56,$9FC6,$C636
17	9DC0	MapSystem_Entry_9DC0	Direct call from $17:$9DAC	A,Y	A,P,Y	$1E	$9D56,$C636
17	9DD0	MapSystem_Entry_9DD0	Direct call from $17:$9D0B	Y	A,P,Y	$FD,$FE,$FF	$9E33
17	9DE6	MapSystem_Entry_9DE6	Direct ROM analysis: Map UI update routine adjacent to verified code; Direct call from $17:$9D17	A,Y	A,P,X,Y	$34,$36,$37,$38,$59,$81,$83	$89A7,$9D70,$9E33,$9FFC,$A022
17	9E16	MapSystem_Entry_9E16	Direct ROM analysis: Resume after two-byte inline BRK service at $9E13	A,Y	A,P,X,Y	$36,$59,$81,$83	$89A7,$9D70,$9DA9,$9E33,$9E68,$9F52,$9FFC,$A022,$FF74
17	9E33	MapSystem_Entry_9E33	Direct call from $17:$9DDD; Direct call from $17:$9DF5	A,X	A,P,X	$32,$33,$FD,$FE	
17	9E68	MapSystem_Entry_9E68	Direct ROM analysis: Arithmetic helper called by map UI update routine; Direct call from $17:$9E19	A	A,P	$32,$33	
17	9E76	MapSystem_Entry_9E76	Direct call from $17:$9C4D	A,X,Y	A,P,X,Y	$04FA+Y,$60,$7B+X,$7E+X,$81+X	$9EB8,$A38D
17	9EB8	MapSystem_Entry_9EB8	Direct call from $17:$9EA8	A,X,Y	A,P,X		
17	9EE6	MapSystem_Entry_9EE6	Direct call from $17:$9C47	A	A,P		$9242
17	9EF7	MapSystem_Entry_9EF7	Direct ROM analysis: Resume after two-byte inline BRK service at $9EF4		A,P		$81C2
17	9F03	MapSystem_Entry_9F03	Direct ROM analysis: Resume after two-byte inline BRK service at $9F00	A	A,P,X	$36	$8BCD,$8DC4,$C8EC,$C90C
17	9F38	MapSystem_Entry_9F38	Direct ROM analysis: Resume after two-byte inline BRK service at $9F35	A,X	A,P,X,Y	$36	$8BCD,$8DC4,$9F58,$9FC5,$9FFC,$A022,$C90C
17	9F4F	MapSystem_Entry_9F4F	Direct ROM analysis: Resume after two-byte inline BRK service at $9F4C		P		
17	9F52	MapSystem_Entry_9F52	Direct ROM analysis: Map UI sprite routine called directly from $9E16; Direct call from $17:$9E16	A,X,Y	A,P,X,Y	$00,$01,$0200+X,$0200+Y,$0201+X	$9DA9,$A58F,$FF74
17	9F58	MapSystem_Entry_9F58	Direct ROM analysis: Alternate signed-direction entry for the sprite movement routine; Direct call from $17:$9F3E	A,X,Y	A,P,X,Y	$00,$01,$0200+X,$0200+Y,$0201+X	$9DA9,$A58F,$FF74
17	9FC5	MapSystem_Entry_9FC5	Direct ROM analysis: Alternate entry decrements the object index before the OAM writer; Direct call from $17:$9F43	A,X,Y	A,P,X,Y	$0200+X,$0201+X,$0202+X,$0203+X	
17	9FC6	MapSystem_Entry_9FC6	Direct call from $17:$9D4A; Direct call from $17:$9DA0	A,X,Y	A,P,X	$0200+X,$0201+X,$0202+X,$0203+X	
17	9FCE	MapSystem_Entry_9FCE	Direct call from $17:$9FEA	A,X,Y	A,P	$0200+X,$0201+X,$0202+X,$0203+X	
17	9FE4	MapSystem_Entry_9FE4	Direct call from $17:$9C3B; Direct call from $17:$9C53; Direct call from $17:$9CFE	X,Y	A,P,X,Y		$9FCE
17	9FFC	MapSystem_Entry_9FFC	Direct call from $17:$9C35; Direct call from $17:$9E0D; Direct call from $17:$9F38	A,X	A,P,X	$01,$04F3+X,$04F4+X	$8BE7
17	A022	MapSystem_Entry_A022	Direct ROM analysis: Map UI setup helper called directly from $9E11; Direct call from $17:$9E10; Direct call from $17:$9F3B	A,X,Y	A,P,X,Y	$0200+Y,$0201+Y,$0202+Y,$0203+Y	
17	A026	MapSystem_Entry_A026	Direct call from $17:$9C38	A,X,Y	A,P,X,Y	$0200+Y,$0201+Y,$0202+Y,$0203+Y	
17	A050	MapSystem_Entry_A050	Direct call from $17:$9C4A	A,X	A,P,X,Y	$03,$2C,$2D,$2E,$2F+X,$35,$37	$9242,$A0F3,$A1B9,$A1FF,$A206,$A226,$A261,$C8EC,$FF74
17	A05E	MapSystem_Entry_A05E	Direct ROM analysis: Verified fallthrough map UI service sequence		P		$9242
17	A064	MapSystem_Entry_A064	Direct ROM analysis: Resume after two-byte inline BRK service at $A061	A,X	A,P,X,Y	$03,$2C,$2D,$2E,$2F+X,$35,$37	$A0F3,$A1B9,$A1FF,$A206,$A226,$A261,$C8EC,$FF74
17	A099	MapSystem_Entry_A099	Direct ROM analysis: Verified fallthrough path when fixed status byte is zero	A,X	A,P,X,Y	$03,$2C,$2D,$2E,$2F+X,$35,$37	$A0F3,$A1B9,$A1FF,$A206,$A261,$C8EC,$FF74
17	A0B9	MapSystem_Entry_A0B9	Direct ROM analysis: Resume after two-byte inline BRK service at $A0B6	A,X	A,P,X,Y	$03,$2C,$2D,$2E,$2F+X,$35,$37	$A0F3,$A1B9,$A1FF,$A206,$A261,$C8EC,$FF74
17	A0F3	MapSystem_Entry_A0F3	Direct call from $17:$A091	A,X,Y	A,P,X,Y	$00,$0D+X,$2C+X,$2F+X,$32+X	$A15B,$A34F
17	A143	MapSystem_Entry_A143	Direct ROM analysis: Resume after two-byte inline BRK service at $A140	A,X,Y	A,P,X,Y	$00,$0D+X,$2C+X,$2F+X,$32+X	$A15B,$A34F
17	A15B	MapSystem_Entry_A15B	Direct call from $17:$A11F	A,X,Y	A,P,Y	$2F+X,$5D+X	$C891
17	A160	MapSystem_Entry_A160	Direct ROM analysis: Verified fallthrough path from $A15B	A,X,Y	A,P,Y	$2F+X,$5D+X	$C891
17	A1B9	MapSystem_Entry_A1B9	Direct call from $17:$A0AE; Direct call from $17:$A214	A,X,Y	A,P,Y	$32+X	$C891
17	A1BE	MapSystem_Entry_A1BE	Direct ROM analysis: Verified fallthrough path from $A1B9	A,X,Y	A,P,Y	$32+X	$C891
17	A1FF	MapSystem_Entry_A1FF	Direct call from $17:$A081		P	$5B,$5C	
17	A206	MapSystem_Entry_A206	Direct call from $17:$A084	A,X	A,P,X	$2F+X,$35,$5B,$5C	$A1B9
17	A226	MapSystem_Entry_A226	Direct call from $17:$A064	A,Y	A,P,Y	$000A+Y,$002F+Y,$03,$04FA+Y,$04FF,$2C,$2D,$2E,$35,$37,$38,$5B,$5C	
17	A254	MapSystem_Entry_A254	Direct ROM analysis: Verified branch path in map UI initialization	A	A,P	$5B,$5C	
17	A261	MapSystem_Entry_A261	Direct call from $17:$A071; Direct call from $17:$A076; Direct call from $17:$A07B	A,X,Y	A,P,X,Y	$00,$01,$02,$0200+X,$0201+X,$0202+X,$0203+X,$0204+X,$0205+X,$0206+X,$0207+X,$0A+X,$0D+X,$29+X,$2F+X	$A315,$A34F,$A38D
17	A2B4	MapSystem_Entry_A2B4	Direct ROM analysis: Resume after two-byte inline BRK service at $A2B1		P		
17	A315	MapSystem_Entry_A315	Direct call from $17:$A271	A,X	A,P,X	$00,$0200+X	
17	A33C	MapSystem_Entry_A33C	Direct call from $17:$9C3E; Direct call from $17:$9C44	A,X,Y	A,P,X,Y	$00,$01,$0200+Y,$0201+Y,$0202+Y,$0203+Y,$0204+Y,$0205+Y,$0206+Y,$0207+Y,$0208+Y,$0209+Y,$020A+Y,$020B+Y,$020C+Y,$020D+Y,$020E+Y,$020F+Y	$A34F,$A38D,$A516
17	A34F	MapSystem_Entry_A34F	Direct call from $17:$A13D; Direct call from $17:$A2AE; Direct call from $17:$A343; Direct call from $17:$A34A	A,X,Y	A,P,X,Y	$01,$0200+Y,$0201+Y,$0202+Y,$0203+Y,$0204+Y,$0205+Y,$0206+Y,$0207+Y,$0208+Y,$0209+Y,$020A+Y,$020B+Y,$020C+Y,$020D+Y,$020E+Y,$020F+Y	$A516
17	A38D	MapSystem_Entry_A38D	Direct call from $17:$9E76; Direct call from $17:$A2E6; Direct call from $17:$A33C	A,X,Y	A,P,X,Y	$51,$52,$53+X	
17	A516	MapSystem_Entry_A516	Direct call from $17:$A35F; Direct call from $17:$A374	A,X,Y	A,P,X	$0200+Y,$0201+Y,$0202+Y,$0203+Y,$0204+Y,$0205+Y,$0206+Y,$0207+Y,$0208+Y,$0209+Y,$020A+Y,$020B+Y,$020C+Y,$020D+Y,$020E+Y,$020F+Y	
17	A57A	MapSystem_Entry_A57A	Direct call from $17:$9C19	A,Y	A,P,Y	$0200+Y	$A58F
17	A58F	MapSystem_Entry_A58F	Direct call from $17:$A588	A,Y	P,Y	$0200+Y	
17	A599	MapSystem_Entry_A599	Direct call from $17:$9C16	A,X,Y	A,P,X,Y	$03,$04,$05,$2006,$2007	$A62E
17	A62E	MapSystem_Entry_A62E	Direct call from $17:$A5A9; Direct call from $17:$A5D2; Direct call from $17:$A5D6; Direct call from $17:$A5DA	A,Y	A,P,Y	$00,$01,$02,$2007	
17	A7FE	MapSystem_Entry_A7FE	Direct call from $17:$9C13	A,X,Y	A,P,X,Y	$00,$01,$2006,$2007	
17	A875	MapSystem_Entry_A875	Direct call from $17:$9C0D	A,X	A,P,X	$05FC+X	
18	995A	MonsterBattleFont_Entry_995A	Pointer $18:$8004 (35-entry mixed bank directory; known data targets are excluded)	A,X,Y	A,P,X,Y	$6D8C+X,$7B	$9997
18	9982	MonsterBattleFont_Entry_9982	Pointer $18:$8006 (35-entry mixed bank directory; known data targets are excluded)	A,X,Y	A,P,X,Y	$00,$02,$6D8C+X,$6DC2+X,$7B	$99BD,$99DE,$99F9
18	9991	MonsterBattleFont_Entry_9991	Pointer $18:$8008 (35-entry mixed bank directory; known data targets are excluded)	A,X,Y	A,P,X,Y	$00,$02,$6D8C+X,$6DC2+X,$7B	$99BD,$99F9
18	9997	MonsterBattleFont_Entry_9997	Direct call from $18:$997A	A,X,Y	A,P,X,Y	$00,$02,$6D8C+X,$6DC2+X	$99BD,$99F9
18	99BD	MonsterBattleFont_Entry_99BD	Direct call from $18:$9997	A,X,Y	A,P,Y		
18	99DE	MonsterBattleFont_Entry_99DE	Direct call from $18:$998E		P		
18	99F9	MonsterBattleFont_Entry_99F9	Direct call from $18:$999C; Pointer $18:$8022 (35-entry mixed bank directory; known data targets are excluded)	A	A,P	$756B,$86,$87,$8A,$8B,$8C	$9A21
18	9A21	MonsterBattleFont_Entry_9A21	Direct call from $18:$9A0E	A,X,Y	A,P,X,Y	$756B+X,$7571+X,$8A,$8B	$9A72,$9B94
18	9A72	MonsterBattleFont_Entry_9A72	Direct call from $18:$9A55	A,X,Y	A,P,X,Y	$756B+X,$7571+X,$8C	
18	9AC1	MonsterBattleFont_Entry_9AC1	Pointer $18:$8020 (35-entry mixed bank directory; known data targets are excluded)	A,X,Y	A,P,Y	$0C,$0D	$9B94
18	9AD6	MonsterBattleFont_Entry_9AD6	Pointer $18:$801E (35-entry mixed bank directory; known data targets are excluded)	A,X,Y	A,P,X,Y	$02,$03	$9B94,$9BCC
18	9AF7	MonsterBattleFont_Entry_9AF7	Pointer $18:$8024 (35-entry mixed bank directory; known data targets are excluded)	A,X,Y	A,P,X,Y	$754B+X,$81	$9B3F,$9BCC
18	9B3F	MonsterBattleFont_Entry_9B3F	Direct call from $18:$9B37	A,X,Y	A,P,X,Y	$754B+X,$754C+X,$754D+X,$754E+X	$9B94
18	9B94	MonsterBattleFont_Entry_9B94	Direct call from $18:$9A32; Direct call from $18:$9AC4; Direct call from $18:$9AE5; Direct call from $18:$9B3F	A,X	A,P,X	$00+X,$01+X	$C827
18	9B96	MonsterBattleFont_Entry_9B96	Direct call from $18:$9BBB	A,X	A,P	$00+X,$01+X	$C827
18	9BB3	MonsterBattleFont_Entry_9BB3	Pointer $18:$8026 (35-entry mixed bank directory; known data targets are excluded)	A,X,Y	A,P,X,Y	$7364,$79	$9B96
18	9BCC	MonsterBattleFont_Entry_9BCC	Direct call from $18:$9AD8; Direct call from $18:$9B07	A,X	A,P	$86,$87	
18	9BE6	MonsterBattleFont_Entry_9BE6	Pointer $18:$8000 (35-entry mixed bank directory; known data targets are excluded)	A,X	A,P,X	$7396	$9C19,$9C88,$9CB2,$9CCC,$9CE8,$9CF6,$9D45,$9D58,$9D6B,$9D9C,$9DBB,$9DDE,$9E0D,$9FB8,$A069,$A0BA,$A0F9,$A20E,$C891
18	9C19	MonsterBattleFont_Entry_9C19	Direct call from $18:$9C04	A,X,Y	A,P,X,Y	$00,$01,$06,$07,$0B,$0E	$C81D,$C827
18	9C88	MonsterBattleFont_Entry_9C88	Direct call from $18:$9F95	A,X,Y	A,P,X,Y	$00,$01,$07,$0B,$0E	$C81D,$C827
18	9CB2	MonsterBattleFont_Entry_9CB2	Direct call from $18:$9C0A	A,X	A,P,X	$0E,$0F	$A231,$C827
18	9CCC	MonsterBattleFont_Entry_9CCC	Direct call from $18:$9C07; Direct call from $18:$9F98	A,X	A,P,X	$0F,$6E42	
18	9CE8	MonsterBattleFont_Entry_9CE8	Direct call from $18:$9F9D	A	A,P,X	$0E,$0F	$C827
18	9CF6	MonsterBattleFont_Entry_9CF6	Direct call from $18:$9C10; Direct call from $18:$9FAF	A	A,P	$0E,$6BEB	$C891
18	9D45	MonsterBattleFont_Entry_9D45	Direct call from $18:$9D2D	A	A,P,X	$0E,$0F	
18	9D58	MonsterBattleFont_Entry_9D58	Direct call from $18:$9D30	A,Y	A,P,Y	$00,$01,$6E01	
18	9D6B	MonsterBattleFont_Entry_9D6B	Direct call from $18:$9D33	A	A,P	$82,$83,$D2,$D3	$A231
18	9D9C	MonsterBattleFont_Entry_9D9C	Direct call from $18:$9D36; Direct call from $18:$9F51	A,X,Y	A,P,X,Y	$82+X,$D2+X	$A257
18	9DBB	MonsterBattleFont_Entry_9DBB	Direct call from $18:$9D39; Direct call from $18:$9F54	A,X,Y	A,P,X,Y	$04,$05,$82+X	
18	9DDE	MonsterBattleFont_Entry_9DDE	Direct call from $18:$9D3C; Direct call from $18:$9F57	A,X,Y	A,P,X,Y	$D2,$D3,$D4	$C891
18	9E0D	MonsterBattleFont_Entry_9E0D	Direct call from $18:$9D3F	A,X,Y	A,P,X,Y	$08,$0A,$0D,$0E,$6E00,$6E45,$6E46,$6E47+Y,$6E49,$6E49+X,$6E4A,$6E4B+Y,$CD,$CE	$9F34,$A262,$C81D,$C827,$C891
18	9F34	MonsterBattleFont_Entry_9F34	Direct call from $18:$9EBE; Direct call from $18:$9EE4; Direct call from $18:$9F67	A,Y	A,P	$D2,$D3	$9D9C,$9DBB,$9DDE,$A231
18	9FB8	MonsterBattleFont_Entry_9FB8	Direct call from $18:$9F8F	A,X,Y	A,P,X,Y	$6E05	
18	A069	MonsterBattleFont_Entry_A069	Direct call from $18:$9F92	A,X,Y	A,P,X,Y	$0E,$0F,$6E06,$6E07,$6E08	
18	A0BA	MonsterBattleFont_Entry_A0BA	Direct call from $18:$9C0D	A,X,Y	A,P,X,Y	$0E,$0F,$6E41	$C827
18	A0F9	MonsterBattleFont_Entry_A0F9	Direct call from $18:$9BF3	A	A,P	$0E,$0F,$6E45,$6E46,$6E47,$6E48,$6E49,$6E4A,$6E4B,$6E4C	
18	A123	MonsterBattleFont_Entry_A123	Direct call from $18:$A207	A,X	A,P,X		
18	A1AD	MonsterBattleFont_Entry_A1AD	Pointer $18:$8002 (35-entry mixed bank directory; known data targets are excluded)	A,Y	A,P,X,Y	$04,$05,$6E44,$6E45+Y	$A123,$C827
18	A20E	MonsterBattleFont_Entry_A20E	Direct call from $18:$A120	A,X	A,P,X,Y	$04	
18	A231	MonsterBattleFont_Entry_A231	Direct call from $18:$9CBC; Direct call from $18:$9D70; Direct call from $18:$9F42	A	A,P		
18	A257	MonsterBattleFont_Entry_A257	Direct call from $18:$9DA5	A,X	A,P,X		
18	A262	MonsterBattleFont_Entry_A262	Direct call from $18:$9F08; Direct call from $18:$9F16	A,Y	A,P,Y		
18	A813	MonsterBattleFont_Entry_A813	Pointer $18:$8028 (35-entry mixed bank directory; known data targets are excluded)	A	A,P	$6E82	
18	A840	MonsterBattleFont_Entry_A840	Direct call from $18:$A821	A,X,Y	A,P,X,Y	$0F,$2E,$6E35+Y,$6E45+Y	$A8B6,$A8C8,$ABB8
18	A8B6	MonsterBattleFont_Entry_A8B6	Direct call from $18:$A873; Direct call from $18:$A893	A	A,P	$29,$2A	
18	A8C8	MonsterBattleFont_Entry_A8C8	Direct call from $18:$A87C; Direct call from $18:$A89A	A,X,Y	A,P	$29,$2A	
18	A8D4	MonsterBattleFont_Entry_A8D4	Direct call from $18:$A824	A	A,P	$07B5,$07B6	$A906,$AD90
18	A906	MonsterBattleFont_Entry_A906	Direct call from $18:$A8D4	A,X,Y	A,P,X,Y	$30	
18	A98A	MonsterBattleFont_Entry_A98A	Direct call from $18:$A82E	A,X,Y	A,P,X,Y	$02	
18	AA06	MonsterBattleFont_Entry_AA06	Direct call from $18:$A834		P		$AA0D,$AA52
18	AA0D	MonsterBattleFont_Entry_AA0D	Direct call from $18:$AA06	A	A,P		
18	AA52	MonsterBattleFont_Entry_AA52	Direct call from $18:$AA09	A	A,P	$6E83,$6E84,$6E85	$AAE0,$AB42
18	AAB9	MonsterBattleFont_Entry_AAB9	Direct call from $18:$AA3A; Direct call from $18:$AAB0; Direct call from $18:$AB7E; Direct call from $18:$AC1A	A	A,P	$36,$37,$38	
18	AACC	MonsterBattleFont_Entry_AACC	Direct call from $18:$AAB3; Direct call from $18:$AB81		P		
18	AAE0	MonsterBattleFont_Entry_AAE0	Direct call from $18:$AA7F; Pointer $18:$8032 (35-entry mixed bank directory; known data targets are excluded)	A,X,Y	A,P,X,Y	$00,$01,$02	
18	AB42	MonsterBattleFont_Entry_AB42	Direct call from $18:$AA91	A	A,P	$FD,$FE,$FF	
18	AB8D	MonsterBattleFont_Entry_AB8D	Direct call from $18:$A831		P		
18	ABB8	MonsterBattleFont_Entry_ABB8	Direct call from $18:$A85E		A,P,Y		
18	ABD8	MonsterBattleFont_Entry_ABD8	Direct call from $18:$ABBF	A,X	P,X		
18	ABE6	MonsterBattleFont_Entry_ABE6	Direct call from $18:$AA45; Direct call from $18:$AA62; Direct call from $18:$AA9A		P		
18	ABEB	MonsterBattleFont_Entry_ABEB	Direct call from $18:$A829		A,P		$AC1F
18	AC1F	MonsterBattleFont_Entry_AC1F	Direct call from $18:$ABF0		A,P		
18	AC32	MonsterBattleFont_Entry_AC32	Direct call from $18:$AC0D	A	A,P	$6E82,$6E83	$AC44,$ACBF
18	AC44	MonsterBattleFont_Entry_AC44	Direct call from $18:$AC38		P		$AC53,$AC72,$ACD9,$AD49
18	AC53	MonsterBattleFont_Entry_AC53	Direct call from $18:$AC4D	A	A,P	$6E83	$AAB9
18	AC72	MonsterBattleFont_Entry_AC72	Direct call from $18:$AC4A	A	A,P	$34,$62AD,$62AE,$62AF,$6E82	$ACBF
18	ACBF	MonsterBattleFont_Entry_ACBF	Direct call from $18:$AC35; Direct call from $18:$AC99	A	A,P	$62AD,$62AE,$62AF	
18	ACD9	MonsterBattleFont_Entry_ACD9	Direct call from $18:$AC07; Direct call from $18:$AC44		P		$ACE3,$AD1C,$C62D
18	ACE3	MonsterBattleFont_Entry_ACE3	Direct call from $18:$AAD0; Direct call from $18:$ACD9	A,X	A,P,X	$72+X	
18	AD1C	MonsterBattleFont_Entry_AD1C	Direct call from $18:$ACDC	A	A,P	$72,$73,$74	
18	AD49	MonsterBattleFont_Entry_AD49	Direct call from $18:$AC47	A,Y	A,P,Y	$14,$33,$34	$C8EC
18	AD6A	MonsterBattleFont_Entry_AD6A	Direct call from $18:$A81E	A	A,P,X	$29,$30,$6E49,$6E4A,$6E4B,$6E4C,$6E82,$6E83,$6E84,$6E85	
18	AD90	MonsterBattleFont_Entry_AD90	Direct call from $18:$A8D7	A	A,P	$6E49,$6E4A,$6E4B,$6E4C	
18	AE4F	MonsterBattleFont_Entry_AE4F	Pointer $18:$8016 (35-entry mixed bank directory; known data targets are excluded)	A	A,P	$0506,$1F	$AEA7,$B1A5,$B226,$C543,$FF74
18	AEA7	MonsterBattleFont_Entry_AEA7	Direct call from $18:$AE64	A,Y	A,P,Y	$00,$01,$02,$03,$04,$DA,$DB,$DC,$DD,$DE,$DF,$E0,$E1	$AFB9,$AFC9,$AFD8,$B120,$C62D
18	AFB9	MonsterBattleFont_Entry_AFB9	Direct call from $18:$AF47; Direct call from $18:$AF6D	A,Y	A,P	$02,$04	
18	AFC9	MonsterBattleFont_Entry_AFC9	Direct call from $18:$AEFC; Direct call from $18:$AF06; Direct call from $18:$AF51; Direct call from $18:$AF70	A	A,P,X		
18	AFD8	MonsterBattleFont_Entry_AFD8	Direct call from $18:$AEEC; Direct call from $18:$AF44; Direct call from $18:$AF6A; Direct call from $18:$AFA7	A,X	A,P,X	$03,$0300+X,$0301+X,$0302+X,$0303+X,$04,$05,$050A,$050B,$06,$07,$08,$09	$B0FA
18	B0FA	MonsterBattleFont_Entry_B0FA	Direct call from $18:$B0B5	A,X	A,P,X	$03,$0300+X,$0301+X,$0302+X,$0303+X,$050A,$050B	
18	B120	MonsterBattleFont_Entry_B120	Direct call from $18:$AEC9	A	A,P	$00,$01,$E7,$E8,$E9	$C662
18	B149	MonsterBattleFont_Entry_B149	Direct call from $18:$B1B8; Direct call from $18:$B1C2; Direct call from $18:$B1F2	A,Y	A,P,Y	$02,$03,$04	$C62D,$C65A
18	B1A5	MonsterBattleFont_Entry_B1A5	Direct call from $18:$AE6A	A,Y	A,P,X,Y	$00,$01,$DA,$DB	$B149,$C62D
18	B226	MonsterBattleFont_Entry_B226	Direct call from $18:$AE50; Pointer $18:$800A (35-entry mixed bank directory; known data targets are excluded)	A,X	A,P,X	$0506	$C90C
18	B620	MonsterBattleFont_Entry_B620	Pointer $18:$8040 (35-entry mixed bank directory; known data targets are excluded)	A,X	A,P	$ED+X	
18	B65A	MonsterBattleFont_Entry_B65A	Pointer $18:$8044 (35-entry mixed bank directory; known data targets are excluded)	X,Y	P	$18+X	
18	B798	Bank18_LoadFontTiles	Pointer $18:$8010 (35-entry mixed bank directory; known data targets are excluded)	A,X,Y	A,P,X,Y	$00,$16,$17,$2006,$2007	$B7D8,$C5AF,$C888
18	B79E	MonsterBattleFont_Entry_B79E	Pointer $18:$8018 (35-entry mixed bank directory; known data targets are excluded)	A,X,Y	A,P,X,Y	$00,$16,$17,$2006,$2007	$B7D8,$C5AF,$C888
18	B7D8	MonsterBattleFont_Entry_B7D8	Direct call from $18:$B7BB; Direct call from $18:$B7BE; Direct call from $18:$B7CE	A,X	A,P,X	$2007	
18	B7E7	MonsterBattleFont_Entry_B7E7	Pointer $18:$8012 (35-entry mixed bank directory; known data targets are excluded)	A,Y	A,P,X,Y	$0300,$0301,$0302,$050B,$16	$B81C,$C62D
18	B81C	MonsterBattleFont_Entry_B81C	Direct call from $18:$B7FC; Direct call from $18:$B7FF; Direct call from $18:$B802; Direct call from $18:$B805	A,X,Y	A,P,X,Y	$0303+X	
18	BE7D	MonsterBattleFont_Entry_BE7D	Pointer $18:$8036 (35-entry mixed bank directory; known data targets are excluded)		P	$E1C0	
18	BF55	MonsterBattleFont_Entry_BF55	Pointer $18:$803A (35-entry mixed bank directory; known data targets are excluded)	A,X,Y	A,P	$00,$6A,$E1+Y	
18	BF8C	MonsterBattleFont_Entry_BF8C	Pointer $18:$803E (35-entry mixed bank directory; known data targets are excluded)	A,X,Y	A,P	$00+X,$18+X,$83+X	
18	BF90	MonsterBattleFont_Entry_BF90	Pointer $18:$803C (35-entry mixed bank directory; known data targets are excluded)	A,X,Y	A,P	$83+X	
19	8014	Bank19_FixedServiceTrampolines	Direct ROM scan: JMP to fixed trampoline $C01C; Pointer $19:$8004 (Ten-entry mixed map and tileset service directory)		P		
19	8017	MapAssetAudio_Entry_8017	Direct ROM scan: JMP to fixed trampoline $C01F; Direct call from $19:$8030; Pointer $19:$8006 (Ten-entry mixed map and tileset service directory)		P		
19	801A	MapAssetAudio_Entry_801A	Direct ROM scan: JMP to fixed trampoline $C022; Pointer $19:$8008 (Ten-entry mixed map and tileset service directory)		P		
19	801D	MapAssetAudio_Entry_801D	Direct ROM scan: JMP to fixed trampoline $C025; Pointer $19:$800A (Ten-entry mixed map and tileset service directory)		P		
19	8020	MapAssetAudio_Entry_8020	Direct ROM scan: JMP to fixed trampoline $C028; Pointer $19:$800C (Ten-entry mixed map and tileset service directory)		P		
19	8023	MapAssetAudio_Entry_8023	Direct ROM scan: JMP to fixed trampoline $C02B; Pointer $19:$800E (Ten-entry mixed map and tileset service directory)		P		
19	8026	Bank19_MapAssetServices	Pointer $19:$8012 (Ten-entry mixed map and tileset service directory)	A	A,P	$6E,$6E0A	$8017,$803B
19	803B	MapAssetAudio_Entry_803B	Direct call from $19:$802D; Pointer $19:$8010 (Ten-entry mixed map and tileset service directory)	A,X	A,P,X		
19	8050	MapAssetAudio_Entry_8050	Direct ROM analysis: Resume after three-byte inline BRK service at $804C	A,X	A,P,X		
19	806F	MapAssetAudio_Entry_806F	Direct ROM analysis: Resume after three-byte inline BRK service at $806B	A,X	A,P,X		
19	80CC	MapAssetAudio_Entry_80CC	Direct ROM analysis: Resume after three-byte inline BRK service at $80C8	X	A,P		
19	80F5	MapAssetAudio_Entry_80F5	Direct ROM analysis: Resume after three-byte inline BRK service at $80F1		A,P		
1B	8020	Bank1B_MapEventServices	Pointer $1B:$8000 (Sixteen-entry mixed event-service directory and text overlay)	A,X,Y	A,P,Y	$0515,$44,$45,$63,$64	$8097,$C5C5
1B	8097	MapEventText_Entry_8097	Direct call from $1B:$8022; Direct call from $1B:$8029	A,X,Y	A,P,X		
1B	80BA	MapEventText_Entry_80BA	Pointer $1B:$8004 (Sixteen-entry mixed event-service directory and text overlay)	A	A,P		
1B	80E0	MapEventText_Entry_80E0	Pointer $1B:$8002 (Sixteen-entry mixed event-service directory and text overlay)	A	A,P		$810D
1B	810D	MapEventText_Entry_810D	Direct call from $1B:$80E0	A	A,P,X,Y	$51,$52	$814F,$815D,$8207
1B	814F	MapEventText_Entry_814F	Direct call from $1B:$8137; Direct call from $1B:$8144	A,X,Y	A,P,X,Y	$05A0+X	
1B	815D	MapEventText_Entry_815D	Direct call from $1B:$813C; Direct call from $1B:$8149	A,X,Y	A,P,X,Y	$059E+X,$059F+X,$05A0+X	$81CB,$81ED,$81FA
1B	81CB	MapEventText_Entry_81CB	Direct call from $1B:$816A; Direct call from $1B:$8218	A	A,P		
1B	81ED	MapEventText_Entry_81ED	Direct call from $1B:$8174	A	A,P		
1B	81FA	MapEventText_Entry_81FA	Direct call from $1B:$8180	A	P		
1B	8207	MapEventText_Entry_8207	Direct call from $1B:$811B; Direct call from $1B:$8122	A,X,Y	A,P,Y	$05A0+X	$81CB
1B	8712	MapEventText_Entry_8712	Pointer $1B:$8006 (Sixteen-entry mixed event-service directory and text overlay)		P		$8719
1B	8719	MapEventText_Entry_8719	Direct call from $1B:$8712		P		$8728,$87AE,$87C0,$87E9
1B	8728	MapEventText_Entry_8728	Direct call from $1B:$871F	A,X	A,P,X		$873D,$877E
1B	873D	MapEventText_Entry_873D	Direct call from $1B:$872B		A,P	$053E,$053F,$0540,$0541	$8774
1B	8774	MapEventText_Entry_8774	Direct call from $1B:$8740; Direct call from $1B:$874F; Direct call from $1B:$875B; Direct call from $1B:$876A		P,X,Y		
1B	877E	MapEventText_Entry_877E	Direct call from $1B:$8728	A,X,Y	A,P,X,Y	$7600+Y	
1B	87AE	MapEventText_Entry_87AE	Direct call from $1B:$8722	A	A,P	$56,$57	
1B	87C0	MapEventText_Entry_87C0	Direct call from $1B:$871C	A	A,P	$55	$87D3,$8853,$887D,$C62D
1B	87D3	MapEventText_Entry_87D3	Direct call from $1B:$87CD	A	A,P	$53,$54,$55	
1B	87E9	MapEventText_Entry_87E9	Direct call from $1B:$8719	A,X,Y	A,P,X,Y	$53,$54,$56,$57,$7700+X,$7701+X,$7710+Y	
1B	8853	MapEventText_Entry_8853	Direct call from $1B:$87C4	A,X	A,P,X	$51,$52,$6F40+X,$6F41+X	
1B	887D	MapEventText_Entry_887D	Direct call from $1B:$87C7	A,X,Y	A,P,X,Y	$0300+X,$050A,$050B	
1B	88AC	MapEventText_Entry_88AC	Pointer $1B:$8008 (Sixteen-entry mixed event-service directory and text overlay)	A,X,Y	A,P,X,Y	$00,$01,$2006,$2007,$6F40+Y,$6F41+Y	
1B	9135	MapEventText_Entry_9135	Pointer $1B:$800C (Sixteen-entry mixed event-service directory and text overlay)		P		$91A8,$9227,$924B,$9292,$92B3,$FF74
1B	917E	MapEventText_Entry_917E	Direct call from $1B:$914E; Direct call from $1B:$9154	A	A,P		$918E,$924B,$93BF
1B	918E	MapEventText_Entry_918E	Direct call from $1B:$9184	A	A,P	$0505,$0508,$0509	
1B	91A8	MapEventText_Entry_91A8	Direct call from $1B:$9144	A	A,P	$52	$91C3,$91E6,$9209,$9323,$932D,$FF74
1B	91C3	MapEventText_Entry_91C3	Direct call from $1B:$91AE	A	A,P	$0508,$53	$C891
1B	91E6	MapEventText_Entry_91E6	Direct call from $1B:$91B1	A,X,Y	A,P,X,Y	$0203+X,$54	
1B	9209	MapEventText_Entry_9209	Direct call from $1B:$91AB	A,Y	A,P,X,Y		$9227,$9241,$924B,$C90C
1B	9227	MapEventText_Entry_9227	Direct call from $1B:$913B; Direct call from $1B:$9209	A,X	A,P,X	$0200+X	
1B	9241	MapEventText_Entry_9241	Direct call from $1B:$920C	A	A,P	$0509	
1B	924B	MapEventText_Entry_924B	Direct call from $1B:$913E; Direct call from $1B:$9187; Direct call from $1B:$920F	A,X	A,P,X	$00,$01,$0300,$0301,$0302,$0303+X,$0323,$0324,$0325,$0326+X,$050B	$C626,$C662
1B	9292	MapEventText_Entry_9292	Direct call from $1B:$9138	A,X	A,P,X	$0200+X,$0202+X,$0509,$51,$52	
1B	92B3	MapEventText_Entry_92B3	Direct call from $1B:$9135	A	A,P	$060F,$0610,$0611,$49,$4A,$4B,$4C,$55	$92E5,$C5B9
1B	92E5	MapEventText_Entry_92E5	Direct call from $1B:$92C9	A,Y	A,P,Y	$0300,$0301,$0302,$0303+Y,$050B,$49,$4A,$4B,$4C	$C62D
1B	9323	MapEventText_Entry_9323	Direct call from $1B:$91A8	A	A,P	$56	$9331
1B	932D	MapEventText_Entry_932D	Direct call from $1B:$91B4	A,X	A,P,X	$56,$57,$58	$947E,$C90C,$FF74
1B	9331	MapEventText_Entry_9331	Direct call from $1B:$9327	A,X	A,P,X	$57,$58	$947E,$C90C,$FF74
1B	93BF	MapEventText_Entry_93BF	Direct call from $1B:$918A	A,X,Y	A,P,X,Y	$0200+X,$0203+X,$57,$58,$59,$5A	$9449,$947E
1B	9449	MapEventText_Entry_9449	Direct call from $1B:$93ED	A,X	A,P,X	$0200+X,$0203+X	
1B	947E	MapEventText_Entry_947E	Direct call from $1B:$934E; Direct call from $1B:$93EA; Direct call from $1B:$9446	A,X,Y	A,P,X,Y	$0230,$0230+Y,$0231,$0233,$0233+Y,$0234,$0234+Y,$0235,$0237,$0237+Y,$0238,$0238+Y,$0239,$023B,$023B+Y,$023C,$023C+Y,$023D,$023F,$023F+Y,$0240+Y,$0243+Y,$55,$56	$94AA,$94EB,$956D,$9586,$959F,$95B9
1B	94AA	MapEventText_Entry_94AA	Direct call from $1B:$949E; Direct call from $1B:$94A1; Direct call from $1B:$94A4; Direct call from $1B:$94A7	A,Y	A,P	$0230+Y,$0233+Y,$0234+Y,$0237+Y,$0238+Y,$023B+Y,$023C+Y,$023F+Y,$0240+Y,$0243+Y,$55	$94EB
1B	94EB	MapEventText_Entry_94EB	Direct call from $1B:$94D4; Direct call from $1B:$94D7; Direct call from $1B:$94DA; Direct call from $1B:$94DD; Direct call from $1B:$94E0	A,X,Y	A,P,X,Y	$0230+Y,$0231+Y	
1B	956D	MapEventText_Entry_956D	Direct call from $1B:$9567; Direct call from $1B:$956A	A	A,P	$55,$56	$959F
1B	9586	MapEventText_Entry_9586	Direct call from $1B:$9580; Direct call from $1B:$9583	A	A,P	$55,$56	$959F
1B	959F	MapEventText_Entry_959F	Direct call from $1B:$958C; Direct call from $1B:$958F; Direct call from $1B:$9592; Direct call from $1B:$9595	A,X,Y	A,P,X,Y	$0200+Y,$0201+Y,$0203+Y,$56	
1B	95B9	MapEventText_Entry_95B9	Direct call from $1B:$94FF	A,X	A,P,X	$0200+X	
1B	9E8F	MapEventText_Entry_9E8F	Pointer $1B:$800A (Sixteen-entry mixed event-service directory and text overlay)		P		
1B	9E97	MapEventText_Entry_9E97	Pointer $1B:$800E (Sixteen-entry mixed event-service directory and text overlay)		P,X		$C90C
1B	9ED0	MapEventText_Entry_9ED0	Direct call from $1B:$9EB4	A,X	A,P,X	$0300,$0301,$0302,$0303,$0304,$0305,$050B,$0603,$0604,$0605,$1F	$FF74
1B	9F16	MapEventText_Entry_9F16	Direct call from $1B:$9EA2	A,X,Y	A,P,X,Y	$0300+X,$0301+X,$0302+X,$050A,$050B,$49,$4A	$9F51
1B	9F51	MapEventText_Entry_9F51	Direct call from $1B:$9F1A	A,X	A,P,X	$0300+X,$0301+X,$0302+X,$0303+X,$0304+X,$0305+X,$0306+X,$0307+X,$0308+X,$0309+X,$050A,$050B	
1B	9F91	MapEventText_Entry_9F91	Direct call from $1B:$9E9F	A,X	A,P,X	$49,$4A,$51,$52,$53,$54,$55	$9FB3,$C662
1B	9FB3	MapEventText_Entry_9FB3	Direct call from $1B:$9F9F	A	A,P	$00,$01	
1B	A0FE	Bank1B_MapEventService_A0FE	Pointer $1B:$8012 (Sixteen-entry mixed event-service directory and text overlay)		P		
1B	A11D	MapEventText_Entry_A11D	Direct call from $1B:$A101		P		$A137,$A29E,$A2D3
1B	A127	MapEventText_Entry_A127	Direct call from $1B:$A119		P		$A168,$A203,$A2D3,$C592,$C5A8
1B	A137	MapEventText_Entry_A137	Direct call from $1B:$A123	A	A,P	$51,$52,$53	$A194,$A2D9,$A2E9,$A32D,$A380
1B	A168	MapEventText_Entry_A168	Direct call from $1B:$A133	A	A,P	$51,$52,$53	$A194,$A2D9,$A2E9,$A320,$A3C8
1B	A194	MapEventText_Entry_A194	Direct call from $1B:$A13D; Direct call from $1B:$A16E	A,X,Y	A,P,X,Y	$2000,$2005,$56,$58	
1B	A203	MapEventText_Entry_A203	Direct call from $1B:$A130	A,X,Y	A,P,X,Y	$51,$52,$53,$54,$55,$7700+Y,$7701+Y	
1B	A29E	MapEventText_Entry_A29E	Direct call from $1B:$A120	A,X	A,P,X	$51,$52,$53,$54,$55,$7700+X,$7782+X	
1B	A2D3	MapEventText_Entry_A2D3	Direct call from $1B:$A11D; Direct call from $1B:$A12D		P		$C543
1B	A2D9	MapEventText_Entry_A2D9	Direct call from $1B:$A13A; Direct call from $1B:$A16B	A	A,P	$1F	$FF74
1B	A2E9	MapEventText_Entry_A2E9	Direct call from $1B:$A140; Direct call from $1B:$A171	A,X	A,P,X	$55,$7700,$7700+X,$7701,$7782,$7782+X	
1B	A320	MapEventText_Entry_A320	Direct call from $1B:$A168	A,X,Y	A,P,X,Y	$0300+X,$050B,$57	
1B	A32D	MapEventText_Entry_A32D	Direct call from $1B:$A137	A,X,Y	A,P,X,Y	$0300+X,$050B,$57	
1B	A380	MapEventText_Entry_A380	Direct call from $1B:$A147	A,X,Y	A,P,X,Y	$59,$7700+Y,$7701+Y,$7782+Y	
1B	A3B0	MapEventText_Entry_A3B0	Direct call from $1B:$A3E9	A,Y	A,P,Y	$7782+Y	
1B	A3C8	MapEventText_Entry_A3C8	Direct call from $1B:$A178	A,X,Y	A,P,X,Y	$59,$7700+Y,$7701+Y	$A3B0
1B	A498	MapEventText_Entry_A498	Direct call from $1B:$A113	A,X,Y	A,P,X,Y	$0400+X,$2006,$2007	$A4DD,$C00A,$C5AF
1B	A4D7	MapEventText_Entry_A4D7	Direct ROM scan: JSR to fixed trampoline $C00A		P		$C00A
1B	A4DD	MapEventText_Entry_A4DD	Direct call from $1B:$A4C2; Direct call from $1B:$A4CA	A,X	A,P,X	$2006,$2007	
1B	A4EF	MapEventText_Entry_A4EF	Pointer $1B:$8016 (Sixteen-entry mixed event-service directory and text overlay)	A	A,P	$1F	
1B	A530	MapEventText_Entry_A530	Direct call from $1B:$A506	A	A,P,X	$0505,$1F	$A580,$C54E,$C58F,$C5AF,$C5BF,$C5C5,$C90C,$F3FB
1B	A580	MapEventText_Entry_A580	Direct call from $1B:$A537; Direct call from $1B:$A53C; Direct call from $1B:$A552	A,X,Y	A,P,X,Y	$00,$01,$02,$03,$04,$2006,$2007	$A588
1B	A588	MapEventText_Entry_A588	Direct call from $1B:$A581; Direct call from $1B:$A7A1; Direct call from $1B:$A7A6	A,X,Y	A,P,X,Y	$00,$01,$02,$03,$04,$2006,$2007	
1B	A6F0	MapEventText_Entry_A6F0	Direct call from $1B:$A739	A,X	A,P,X	$2006,$2007	
1B	A706	MapEventText_Entry_A706	Direct call from $1B:$A500	A,X	A,P,X	$05FC+X	
1B	A71C	MapEventText_Entry_A71C	Direct call from $1B:$A4FA; Direct call from $1B:$A50B; Direct call from $1B:$A527; Pointer $1B:$8018 (Sixteen-entry mixed event-service directory and text overlay)	A,X	A,P,X	$05FC+X	$C5B9
1B	A72C	MapEventText_Entry_A72C	Pointer $1B:$801A (Sixteen-entry mixed event-service directory and text overlay)	A	A,P,X	$0F	$A6F0,$A75B,$A77B,$C58F,$C5C5,$C8E1,$D218,$FF74
1B	A730	MapEventText_Entry_A730	Direct call from $1B:$ABF0	A	A,P,X	$0F	$A6F0,$A75B,$A77B,$C58F,$C5C5,$C8E1,$D218,$FF74
1B	A75B	MapEventText_Entry_A75B	Direct call from $1B:$A73C	A,X	A,P,X	$05FC+X,$0600	
1B	A77B	MapEventText_Entry_A77B	Direct call from $1B:$A734	A,X,Y	A,P,X,Y	$00,$01,$02,$03,$04,$0505,$0506,$0508,$0509,$2006,$2007	$A588,$C54E,$C5AF,$C5C5,$F3FB
1B	A7B2	MapEventText_Entry_A7B2	Direct call from $1B:$A50E	A	A,P,X	$05FD,$0D,$0E,$0F,$1F,$58	$A816,$A82B,$A85A,$A8A8,$A9F0,$AF67,$C03A,$C54E,$C592,$C5A8,$C5AF,$C8EC,$F3FB,$FECD,$FF10,$FF74
1B	A7BE	MapEventText_Entry_A7BE	Direct ROM scan: JSR to fixed trampoline $C03A	A	A,P,X	$05FD,$0D,$0E,$0F,$1F,$58	$A816,$A82B,$A85A,$A8A8,$A9F0,$C03A,$C592,$C5A8,$C5AF,$C8EC,$F3FB,$FECD,$FF10,$FF74
1B	A816	MapEventText_Entry_A816	Direct call from $1B:$A7F3	A,X	A,P,X	$58	$A85A
1B	A82B	MapEventText_Entry_A82B	Direct call from $1B:$A809	A	A,P,X	$16	$A83D,$A85A,$C5DE,$FF10
1B	A83D	MapEventText_Entry_A83D	Direct call from $1B:$A834; Direct call from $1B:$A837; Direct call from $1B:$A83A	A	A,P	$16	$C5DE,$FF10
1B	A85A	MapEventText_Entry_A85A	Direct call from $1B:$A7D4; Direct call from $1B:$A827; Direct call from $1B:$A82D		P		$A860
1B	A860	MapEventText_Entry_A860	Direct call from $1B:$A85A; Direct call from $1B:$AA20	A,X,Y	A,P,X,Y	$05FC+Y,$060B	
1B	A8A8	MapEventText_Entry_A8A8	Direct call from $1B:$A7C9	A,X	A,P,X,Y	$00,$01,$03,$04	$A8D8,$A91E,$A969,$A9A2,$A9B1
1B	A8D8	MapEventText_Entry_A8D8	Direct call from $1B:$A8D4	A,X	A,P,X	$00,$2006	$A902
1B	A902	MapEventText_Entry_A902	Direct call from $1B:$A8EB; Direct call from $1B:$A8F3	A,X,Y	A,P,X,Y	$2007	
1B	A91E	MapEventText_Entry_A91E	Direct call from $1B:$A8CE	A,X,Y	A,P,X,Y	$02,$03,$78C0+Y	
1B	A969	MapEventText_Entry_A969	Direct call from $1B:$A8BD; Direct call from $1B:$A8C4; Direct call from $1B:$A8CB	A,X,Y	A,P,X,Y	($00),Y,$00,$01,$02	
1B	A9A2	MapEventText_Entry_A9A2	Direct call from $1B:$A8A8	A,Y	A,P,Y	$7800+Y,$7900+Y	
1B	A9B1	MapEventText_Entry_A9B1	Direct call from $1B:$A8D1	A,X,Y	A,P,X,Y	$2006,$2007	$A9E9
1B	A9E9	MapEventText_Entry_A9E9	Direct call from $1B:$A9E2	A,X	P,X	$2007	
1B	A9F0	MapEventText_Entry_A9F0	Direct call from $1B:$A7ED	A,X,Y	A,P,X,Y	$00,$01,$02,$03,$0300+X,$0300+Y,$0301+Y,$0302+Y,$0303+X,$04,$05,$050B,$06,$0D,$0E,$0F	$A860
1B	AAF9	MapEventText_Entry_AAF9	Pointer $1B:$801C (Sixteen-entry mixed event-service directory and text overlay)	A,X	A,P,X	$00,$01	
1B	AB0D	MapEventText_Entry_AB0D	Pointer $1B:$AC5B (Five-entry chapter event handler table selected by doubled SaveCurrentChapterMinus1 and dispatched at $AAFA-$AB0A)	A	A,P		
1B	AB39	MapEventText_Entry_AB39	Pointer $1B:$AC5D (Five-entry chapter event handler table selected by doubled SaveCurrentChapterMinus1 and dispatched at $AAFA-$AB0A)	A	A,P		
1B	AB52	MapEventText_Entry_AB52	Pointer $1B:$AC5F (Five-entry chapter event handler table selected by doubled SaveCurrentChapterMinus1 and dispatched at $AAFA-$AB0A)	A	A,P	$3D	
1B	AB75	MapEventText_Entry_AB75	Pointer $1B:$AC61 (Five-entry chapter event handler table selected by doubled SaveCurrentChapterMinus1 and dispatched at $AAFA-$AB0A)		P		
1B	ABA6	MapEventText_Entry_ABA6	Pointer $1B:$AC63 (Five-entry chapter event handler table selected by doubled SaveCurrentChapterMinus1 and dispatched at $AAFA-$AB0A)		P		
1B	AC43	MapEventText_Entry_AC43	Direct call from $1B:$AC2F; Direct call from $1B:$AC3C	A	A,P	$6BDE	
1B	ACA0	MapEventText_Entry_ACA0	Direct ROM scan: JSR to fixed trampoline $C031		P		$C031
1B	ACB5	MapEventText_Entry_ACB5	Direct call from $1B:$AC85	A,X	A,P,X		$ACC5,$C9ED
1B	ACC5	MapEventText_Entry_ACC5	Direct call from $1B:$ACB9	A	A,P	$0530,$0531,$0532,$0533,$6BE7,$6BE8,$6BE9,$6BEA	
1B	ACEA	MapEventText_Entry_ACEA	Direct call from $1B:$AC82	A	A,P	$62ED	
1B	AD25	Bank1B_DormantMapHandlerRti	Direct ROM analysis: Coherent dormant handler ending with RTI at $AD39; branches and BRK continuations stay within the bounded block	A	A,P	$060A,$3C	$C5BF
1B	AD3A	Bank1B_DormantMapHandlerRts	Direct ROM analysis: Coherent dormant handler ending with RTS at $AD48 after three-byte BRK service $2A,$CB,$40	A	A,P	$060A	$C5BF
1B	AD49	MapEventText_Entry_AD49	Direct call from $1B:$AC70		P		
1B	AD6B	MapEventText_Entry_AD6B	Direct ROM scan: JSR to fixed trampoline $C037	A,Y	A,P,X,Y	$00,$01,$02,$0505,$0508,$0509,$05FC,$05FC+Y	$ADD4,$ADF5,$C037,$C592,$C5B9,$FECD,$FF74
1B	ADD4	MapEventText_Entry_ADD4	Direct call from $1B:$ADCC	A	A,P	$16	$ADE1,$C5DE,$FF10
1B	ADE1	MapEventText_Entry_ADE1	Direct call from $1B:$ADD8; Direct call from $1B:$ADDB; Direct call from $1B:$ADDE	A	A,P	$16	$C5DE,$FF10
1B	ADF5	MapEventText_Entry_ADF5	Direct call from $1B:$ADB8; Direct call from $1B:$ADC0	A,X	A,P,X		$FF10
1B	AE32	MapEventText_Entry_AE32	Direct call from $1B:$AC73		P		
1B	AE7A	MapEventText_Entry_AE7A	Direct call from $1B:$AE65; Direct call from $1B:$AE6A; Direct call from $1B:$AE6F; Direct call from $1B:$AE74		A,P		
1B	AE80	MapEventText_Entry_AE80	Direct call from $1B:$AC7C	A,X,Y	A,P,X,Y	$0530,$0531,$0532,$0533,$41,$44,$45,$51,$52,$62ED,$63,$64,$69,$6A,$6B,$7E00+Y	$AEA5
1B	AEA5	MapEventText_Entry_AEA5	Direct call from $1B:$AE88; Direct call from $1B:$AE8D; Direct call from $1B:$AE92; Direct call from $1B:$AE97; Direct call from $1B:$AEB1; Direct call from $1B:$AEB6; Direct call from $1B:$AEBB; Direct call from $1B:$AEC2	Y	A,P	$69,$6A	
1B	AF67	MapEventText_Entry_AF67	Direct call from $1B:$A7BB; Direct call from $1B:$AD63	A,Y	A,P,Y	$77FF+Y	
1B	AFF7	MapEventText_Entry_AFF7	Pointer $1B:$801E (Sixteen-entry mixed event-service directory and text overlay)	A	A,P,X,Y	$62ED	$B05E,$B0F2,$B309,$B32A,$B32E,$B4D6,$C543,$C90C,$D1F3,$FF74
1B	B05E	MapEventText_Entry_B05E	Direct call from $1B:$B012	A,X	A,P,X	$0503,$0504,$16,$53	$B09A,$B0DC,$B32E,$C543,$C5DE,$FF74
1B	B09A	MapEventText_Entry_B09A	Direct call from $1B:$B091; Direct call from $1B:$B094; Direct call from $1B:$B097	A,X	A,P,X	$0503,$0504,$16	$B0DC,$B32E,$C543,$C5DE,$FF74
1B	B0B0	MapEventText_Entry_B0B0	Direct ROM analysis: Coherent dormant sibling of the active eight-call loop at $B05E, ending with RTS at $B0DB	A	A,P	$53	$B0E7,$B0EC
1B	B0DC	MapEventText_Entry_B0DC	Direct call from $1B:$B065; Direct call from $1B:$B068; Direct call from $1B:$B06B; Direct call from $1B:$B06E; Direct call from $1B:$B074; Direct call from $1B:$B077; Direct call from $1B:$B07A; Direct call from $1B:$B07D; Direct call from $1B:$B09A	A,X	A,P,X	$53,$6E8A+X,$6F8A+X,$708A+X,$718A+X,$728A+X,$72BA+X,$73BA+X,$74BA+X	$B112,$B36F
1B	B0E7	MapEventText_Entry_B0E7	Direct ROM analysis: Coherent decrementing sibling of $B0DC, ending with JMP $B511 at $B0EF; Direct call from $1B:$B0B7; Direct call from $1B:$B0BA; Direct call from $1B:$B0BD; Direct call from $1B:$B0C0; Direct call from $1B:$B0C6; Direct call from $1B:$B0C9; Direct call from $1B:$B0CC; Direct call from $1B:$B0CF	A,X	A,P,X	$53,$6E8A+X,$6F8A+X,$708A+X,$718A+X,$728A+X,$72BA+X,$73BA+X,$74BA+X	$B112,$B36F
1B	B0EC	MapEventText_Entry_B0EC	Direct call from $1B:$B0D8	A,X	A,P,X	$6E8A+X,$6F8A+X,$708A+X,$718A+X,$728A+X,$72BA+X,$73BA+X,$74BA+X	$B112
1B	B0F2	MapEventText_Entry_B0F2	Direct call from $1B:$B00C	A	A,P	$4B,$4C,$52	$B13D,$B149,$B158,$B2C8
1B	B112	MapEventText_Entry_B112	Direct call from $1B:$B0E1; Direct call from $1B:$B0EC	A	A,P,X,Y	$52	$B143,$B164,$B176,$B2C8,$B309,$B319,$B346
1B	B13D	MapEventText_Entry_B13D	Direct call from $1B:$B0F2	A,Y	A,P	($49),Y	$B182
1B	B143	MapEventText_Entry_B143	Direct call from $1B:$B119	A,Y	A,P	($49),Y	$B198
1B	B149	MapEventText_Entry_B149	Direct call from $1B:$B0FB	A	A,P	$75BB,$75C0	
1B	B158	MapEventText_Entry_B158	Direct call from $1B:$B0F5	A	A,P	$7A96	
1B	B164	MapEventText_Entry_B164	Direct call from $1B:$B131	A	A,P	$75BB,$75C0	
1B	B176	MapEventText_Entry_B176	Direct call from $1B:$B12B	A	A,P	$7BB9	
1B	B182	MapEventText_Entry_B182	Direct call from $1B:$B13D	A,X	A,P,X,Y		$B1AE,$B262
1B	B198	MapEventText_Entry_B198	Direct call from $1B:$B143	X	P,X,Y		$B219,$B293
1B	B1AE	MapEventText_Entry_B1AE	Direct call from $1B:$B184	A,Y	A,P,Y	($49),Y,$49,$4A	
1B	B219	MapEventText_Entry_B219	Direct call from $1B:$B19A	A,Y	A,P,Y	($49),Y,$49,$4A	
1B	B262	MapEventText_Entry_B262	Direct call from $1B:$B191	A,Y	A,P,Y	($49),Y,$49,$4A	
1B	B293	MapEventText_Entry_B293	Direct call from $1B:$B19F; Direct call from $1B:$B1A7	A,Y	A,P,Y	($49),Y,$49,$4A	
1B	B2C8	MapEventText_Entry_B2C8	Direct call from $1B:$B0F8; Direct call from $1B:$B12E	A	A,P,Y	$51	
1B	B2D3	Bank1B_NmiPpuUpdateCallback	Pointer $1B:$B342 (Two-entry NMI callback table selected with X=$00/$02 at $B32A-$B341)	A,X,Y	A,P	$2000,$2005,$2006,$2007,$51	$75BA
1B	B309	MapEventText_Entry_B309	Direct call from $1B:$B006; Direct call from $1B:$B116; Direct call from $1B:$B120	A,X,Y	A,P	$49,$4A,$4B,$4C,$51,$52	
1B	B319	MapEventText_Entry_B319	Direct call from $1B:$B125; Direct call from $1B:$B371	A,X	A,P	$4B,$4C	
1B	B32A	MapEventText_Entry_B32A	Direct call from $1B:$B009	A,X	A,P,X	$0503,$0504	$FF74
1B	B32E	MapEventText_Entry_B32E	Direct call from $1B:$B015; Direct call from $1B:$B09D	A,X	A,P,X	$0503,$0504	$FF74
1B	B346	MapEventText_Entry_B346	Direct call from $1B:$B128	X	P,X,Y		$B359
1B	B359	MapEventText_Entry_B359	Direct call from $1B:$B34A; Direct call from $1B:$B352	A,Y	A,P	($4B),Y,$49,$4A,$4B,$4C	
1B	B36F	MapEventText_Entry_B36F	Direct call from $1B:$B0DC; Direct call from $1B:$B0E7	X	P,X		$B319,$B37D
1B	B37D	MapEventText_Entry_B37D	Direct call from $1B:$B376	A	A,P,Y	$4B,$4C	$B38E
1B	B38E	MapEventText_Entry_B38E	Direct call from $1B:$B37F	A,Y	A,P,Y	($4B),Y	$B391,$B3E9,$B3F4,$B3FF,$B40C,$B419
1B	B391	MapEventText_Entry_B391	Direct call from $1B:$B38E	A,Y	A,P,Y	($4B),Y	$B3E9,$B3F4,$B3FF,$B40C,$B419
1B	B3E9	MapEventText_Entry_B3E9	Direct call from $1B:$B3A0; Direct call from $1B:$B3B2	A,Y	A,P,Y		
1B	B3F4	MapEventText_Entry_B3F4	Direct call from $1B:$B3A9	A,Y	A,P,Y		
1B	B3FF	MapEventText_Entry_B3FF	Direct call from $1B:$B3C8; Direct call from $1B:$B3DE	A,Y	A,P,Y		
1B	B40C	MapEventText_Entry_B40C	Direct call from $1B:$B3D3	A,Y	A,P,Y		
1B	B419	MapEventText_Entry_B419	Direct call from $1B:$B397; Direct call from $1B:$B3BD	A,Y	A,P		
1B	B4D6	MapEventText_Entry_B4D6	Direct call from $1B:$B00F	A,X	A,P,X	$0200+X,$0300+X,$0400+X,$7BCF+X,$7CCF+X,$7DCF+X,$7ECF+X,$7FCF+X	
1B	B54C	MapEventText_Entry_B54C	Direct call from $1B:$AC9D	A	A,P,X	$05FD,$05FF,$1F,$52	$B597,$B5AF,$B5FF,$B626,$B6C6,$C034,$C54E,$C58F,$C5AF,$C5BF,$C5C5,$C90C,$F3FB
1B	B55A	MapEventText_Entry_B55A	Direct ROM scan: JSR to fixed trampoline $C034	A	A,P,X	$05FD,$05FF,$1F,$52	$B597,$B5AF,$B5FF,$B626,$B6C6,$C034,$C58F,$C5BF,$C90C
1B	B597	MapEventText_Entry_B597	Direct call from $1B:$B57B	A	A,P	$0505,$0509	
1B	B5AF	MapEventText_Entry_B5AF	Direct call from $1B:$B584	A,X	A,P,X	$0300,$0301,$0302,$0302+X,$050A,$050B,$1F,$4B,$4C	
1B	B5FF	MapEventText_Entry_B5FF	Direct call from $1B:$B55D	A	A,P,X	$0505,$0508,$0509,$4B,$4C,$52	$B64F
1B	B626	MapEventText_Entry_B626	Direct call from $1B:$B587	X	A,P,X		$B64F,$C90C
1B	B64F	MapEventText_Entry_B64F	Direct call from $1B:$B609; Direct call from $1B:$B628	A,X,Y	A,P,X,Y	$0303+X,$0323+X,$06,$07,$08,$09,$0A	
1B	B6C6	MapEventText_Entry_B6C6	Direct call from $1B:$B58A	A,X,Y	A,P,X,Y	$0300,$0301,$0302,$0303+Y,$030B+Y,$0313+Y,$031B+Y,$050B,$1F	
1C	96C7	Bank1C_DecodeMapEntityData	Pointer $1C:$8002 (22-entry mixed map and entity service directory)	A	A,P	$00,$64	$96FC
1C	96E7	MapEntitySystem_Entry_96E7	Direct call from $1C:$96FC; Direct call from $1C:$97B9	X	P,X	$DA,$DB	
1C	96F0	MapEntitySystem_Entry_96F0	Direct call from $1C:$973D; Direct call from $1C:$975C	A	A,P,Y	$05	$994E
1C	96FC	MapEntitySystem_Entry_96FC	Direct call from $1C:$96DE	A,X,Y	A,P,X,Y	$00,$01,$02,$03,$04	$96E7,$96F0,$9798,$994E,$9B71,$9BB0,$9BBA,$9BD9
1C	9798	MapEntitySystem_Entry_9798	Direct call from $1C:$9712; Direct call from $1C:$971A	A	A,P,Y		$994E,$9BD9
1C	97B3	MapEntitySystem_Entry_97B3	Direct call from $1C:$97CB		P		
1C	97BC	Bank1C_MapEntityServices	Direct call from $1C:$986B	A,X	A,P,X	$6E5E+X	
1C	97C7	MapEntitySystem_Entry_97C7	Pointer $1C:$8004 (22-entry mixed map and entity service directory)	A,Y	A,P,X,Y	$00,$03,$DC	$97B3,$994E,$9A37,$9B71,$9BB0,$9BBA,$9BD9
1C	984A	MapEntitySystem_Entry_984A	Direct call from $1C:$97B6; Direct call from $1C:$9865		A,P		
1C	985A	MapEntitySystem_Entry_985A	Pointer $1C:$8000 (22-entry mixed map and entity service directory)	A,X	A,P,X	$46,$67,$6F60+X,$6F80+X,$6FA0+X,$6FC0+X,$7020+X,$70E0+X,$7140+X	
1C	9890	MapEntitySystem_Entry_9890	Pointer $1C:$8006 (22-entry mixed map and entity service directory)	A,X,Y	A,P,X,Y	$7140+X	$D3E6
1C	98B3	MapEntitySystem_Entry_98B3	Pointer $1C:$8012 (22-entry mixed map and entity service directory)	A,X	A,P,X	$46,$6F60+X,$6F80+X,$6FA0+X,$6FC0+X,$7020+X,$70E0+X,$7140+X	
1C	98D8	MapEntitySystem_Entry_98D8	Direct call from $1C:$9886	A,X,Y	A,P,X,Y	$01,$06,$07,$08	$994E,$995C,$9B71,$9BB0,$9BC4,$9BD9,$9BDF
1C	994E	MapEntitySystem_Entry_994E	Direct call from $1C:$96F0; Direct call from $1C:$9704; Direct call from $1C:$972D; Direct call from $1C:$9740; Direct call from $1C:$974D; Direct call from $1C:$9766; Direct call from $1C:$976F; Direct call from $1C:$9782; Direct call from $1C:$9792; Direct call from $1C:$979F; Direct call from $1C:$97A8; Direct call from $1C:$97D0; Direct call from $1C:$97D7; Direct call from $1C:$97E3; Direct call from $1C:$97FD; Direct call from $1C:$9822; Direct call from $1C:$9829; Direct call from $1C:$9844; Direct call from $1C:$987A; Direct call from $1C:$988B; Direct call from $1C:$98DA; Direct call from $1C:$9969; Direct call from $1C:$9976; Direct call from $1C:$9991; Direct call from $1C:$999E; Direct call from $1C:$99B5; Direct call from $1C:$99BD; Direct call from $1C:$99D1; Direct call from $1C:$99E4; Direct call from $1C:$99F0; Direct call from $1C:$9A33; Direct call from $1C:$9B49; Direct call from $1C:$9B59; Direct call from $1C:$9B79; Direct call from $1C:$9BC6	A,X	A,P,X	$0E	$C3EA
1C	995C	MapEntitySystem_Entry_995C	Direct call from $1C:$98FC	A,X,Y	A,P,Y	$0F,$6F60+X,$6F80+X,$6FA0+X,$6FC0+X,$7000+X,$7060+X,$7080+X,$70E0+X,$DC	$994E,$9A2B,$9A37,$9A74,$9B71,$9BB0,$9BC4
1C	9A2B	MapEntitySystem_Entry_9A2B	Direct call from $1C:$9982; Direct call from $1C:$99AB	A,X	A,P,Y	$70E0+X	$994E
1C	9A37	MapEntitySystem_Entry_9A37	Direct call from $1C:$9836; Direct call from $1C:$99DF	A,X,Y	A,P,Y	$00,$6E5E+Y,$6FE0+X	
1C	9A74	MapEntitySystem_Entry_9A74	Direct call from $1C:$9989; Direct call from $1C:$99B0	A,X,Y	A,P,Y	$00,$00DF+Y,$7040+X	$9AE7,$9AFB
1C	9AE7	MapEntitySystem_Entry_9AE7	Direct call from $1C:$9A95; Direct call from $1C:$9AC0	A,X	A,P	$7040+X	$9AFB
1C	9AFB	MapEntitySystem_Entry_9AFB	Direct call from $1C:$9A7F; Direct call from $1C:$9AD4; Direct call from $1C:$9AF0	A	A,P		
1C	9B00	MapEntitySystem_Entry_9B00	Direct call from $1C:$9868	A,Y	A,P,X,Y	$00,$02,$03,$3A,$3B,$67,$DA,$DB,$E0,$E1	$994E,$9B71,$9BB0,$9BBA,$9CC1,$C3EA
1C	9B71	MapEntitySystem_Entry_9B71	Direct call from $1C:$9709; Direct call from $1C:$971F; Direct call from $1C:$9839; Direct call from $1C:$9945; Direct call from $1C:$99FB; Direct call from $1C:$9B4E	A,Y	A,P,Y	$00,$01,$03,$DA,$DB	$994E
1C	9BB0	MapEntitySystem_Entry_9BB0	Direct call from $1C:$970C; Direct call from $1C:$9722; Direct call from $1C:$983C; Direct call from $1C:$9948; Direct call from $1C:$9A01; Direct call from $1C:$9A25; Direct call from $1C:$9B51	A	A,P		$9BC4
1C	9BBA	MapEntitySystem_Entry_9BBA	Direct call from $1C:$970F; Direct call from $1C:$9725; Direct call from $1C:$983F; Direct call from $1C:$9B54	A	A,P		$9BC4
1C	9BC4	MapEntitySystem_Entry_9BC4	Direct call from $1C:$9BB6; Direct call from $1C:$9BC0	A	A,P,Y	$DA,$DB	$994E
1C	9BD9	MapEntitySystem_Entry_9BD9	Direct call from $1C:$9736; Direct call from $1C:$979A; Direct call from $1C:$97DC; Direct call from $1C:$98DF	A	A,P		
1C	9BDF	MapEntitySystem_Entry_9BDF	Direct call from $1C:$98EA; Direct call from $1C:$9907	A,X	A,P	$6FE0+X,$7000+X,$7020+X,$7040+X,$7060+X,$7080+X,$70A0+X,$70C0+X,$70E0+X,$7100+X,$7120+X,$7140+X,$7160+X,$7180+X,$71E0+X	
1C	9BE1	MapEntitySystem_Entry_9BE1	Direct call from $1C:$9C1F	A,X	P	$6FE0+X,$7000+X,$7020+X,$7040+X,$7060+X,$7080+X,$70A0+X,$70C0+X,$70E0+X,$7100+X,$7120+X,$7140+X,$7160+X,$7180+X,$71E0+X	
1C	9C0F	MapEntitySystem_Entry_9C0F	Direct call from $1C:$986E	A,X	A,P,X	$6F60+X,$6F80+X,$6FA0+X,$6FC0+X	$9BE1
1C	9C28	MapEntitySystem_Entry_9C28	Direct call from $1C:$987F	A,X,Y	A,P,X,Y		
1C	9C6F	MapEntitySystem_Entry_9C6F	Direct call from $1C:$9CF7		A,P		
1C	9CC1	MapEntitySystem_Entry_9CC1	Direct call from $1C:$9B00	A,X,Y	A,P,X,Y	$67,$DA,$DB,$DC,$DD	$9C6F
1C	9EA6	MapEntitySystem_Entry_9EA6	Pointer $1C:$8010 (22-entry mixed map and entity service directory)		A,P		$9EB5,$A010,$AD32
1C	9EB5	MapEntitySystem_Entry_9EB5	Direct call from $1C:$9EAB	A,X,Y	A,P,X,Y	$0534,$054E,$054F,$0598,$6F66+Y,$6F86+Y,$6FA6+Y,$6FC6+Y,$7006+Y,$70E6+Y,$7146+Y	$D3E6
1C	A010	MapEntitySystem_Entry_A010	Direct call from $1C:$9EAE; Runtime and direct call analysis: Runtime-executed map/submap key dispatcher called directly from bank $1C:$9EAE	A,X	A,P,X	$00,$01	
1C	A035	MapEntitySystem_Entry_A035	Direct call from $1C:$A08F; Direct call from $1C:$A0A2; Direct call from $1C:$A0A7; Direct call from $1C:$A0AF; Direct call from $1C:$A0B4; Direct call from $1C:$A0B9; Direct call from $1C:$A0C3; Direct call from $1C:$A0C8; Direct call from $1C:$A0CD; Direct call from $1C:$A0D2; Direct call from $1C:$A0DD; Direct call from $1C:$A0E2; Direct call from $1C:$A0EE; Direct call from $1C:$A0F3; Direct call from $1C:$A107; Direct call from $1C:$A125; Direct call from $1C:$A17B; Direct call from $1C:$A1B6; Direct call from $1C:$A200; Direct call from $1C:$A205; Direct call from $1C:$A234; Direct call from $1C:$A23E; Direct call from $1C:$A243; Direct call from $1C:$A249; Direct call from $1C:$A268; Direct call from $1C:$A26D; Direct call from $1C:$A272; Direct call from $1C:$A27D; Direct call from $1C:$A282; Direct call from $1C:$A287; Direct call from $1C:$A28C; Direct call from $1C:$A291; Direct call from $1C:$A296; Direct call from $1C:$A2AE; Direct call from $1C:$A2C2; Direct call from $1C:$A2D2; Direct call from $1C:$A339; Direct call from $1C:$A34F; Direct call from $1C:$A359; Direct call from $1C:$A35E; Direct call from $1C:$A37C; Direct call from $1C:$A38F; Direct call from $1C:$A394; Direct call from $1C:$A39A; Direct call from $1C:$A39F; Direct call from $1C:$A3A4; Direct call from $1C:$A3B0; Direct call from $1C:$A3B5; Direct call from $1C:$A3CE; Direct call from $1C:$A3EF; Direct call from $1C:$A3FA; Direct call from $1C:$A420; Direct call from $1C:$A425; Direct call from $1C:$A42A; Direct call from $1C:$A432; Direct call from $1C:$A467; Direct call from $1C:$A485; Direct call from $1C:$A491; Direct call from $1C:$A4A8; Direct call from $1C:$A4BF; Direct call from $1C:$A4D0; Direct call from $1C:$A4D5; Direct call from $1C:$A4F0; Direct call from $1C:$A4FA; Direct call from $1C:$A505; Direct call from $1C:$A510; Direct call from $1C:$A51A; Direct call from $1C:$A52D; Direct call from $1C:$A545; Direct call from $1C:$A564; Direct call from $1C:$A5A9; Direct call from $1C:$A5AE; Direct call from $1C:$A5C1; Direct call from $1C:$A5C6; Direct call from $1C:$A5CB; Direct call from $1C:$A621; Direct call from $1C:$A62B; Direct call from $1C:$A63F; Direct call from $1C:$A65F; Direct call from $1C:$A68B; Direct call from $1C:$A690; Direct call from $1C:$A6A1; Direct call from $1C:$A6C1; Direct call from $1C:$A6D2; Direct call from $1C:$A6DA; Direct call from $1C:$A6E4; Direct call from $1C:$A720; Direct call from $1C:$A725; Direct call from $1C:$A744; Direct call from $1C:$A749; Direct call from $1C:$A75F; Direct call from $1C:$A764; Direct call from $1C:$A769; Direct call from $1C:$A76E; Direct call from $1C:$A773; Direct call from $1C:$A778; Direct call from $1C:$A78F; Direct call from $1C:$A794; Direct call from $1C:$A7C1; Direct call from $1C:$A7CD; Direct call from $1C:$A7F9; Direct call from $1C:$A810; Direct call from $1C:$A83D; Direct call from $1C:$A858; Direct call from $1C:$A85D; Direct call from $1C:$A862; Direct call from $1C:$A867; Direct call from $1C:$A878; Direct call from $1C:$A88A; Direct call from $1C:$A8C3; Direct call from $1C:$A8CF; Direct call from $1C:$A8D4; Direct call from $1C:$A959; Direct call from $1C:$A95E; Direct call from $1C:$A963; Direct call from $1C:$A987; Direct call from $1C:$A9B8; Direct call from $1C:$A9D4; Direct call from $1C:$AA06; Direct call from $1C:$AA49; Direct call from $1C:$AA5E; Direct call from $1C:$AA74; Direct call from $1C:$AA79; Direct call from $1C:$AA7E; Direct call from $1C:$AA8A; Direct call from $1C:$AA8F; Direct call from $1C:$AAB0; Direct call from $1C:$AAB5; Direct call from $1C:$AABA; Direct call from $1C:$AAE2; Direct call from $1C:$ABB4; Direct call from $1C:$ABBE; Direct call from $1C:$AD4F	A,X	A,P	$6F66+X,$6F86+X,$6FA6+X,$6FC6+X	
1C	A044	MapEntitySystem_Entry_A044	Direct call from $1C:$A099; Direct call from $1C:$A0F7; Direct call from $1C:$A118; Direct call from $1C:$A1F9; Direct call from $1C:$A255; Direct call from $1C:$A2A1; Direct call from $1C:$A32C; Direct call from $1C:$A460; Direct call from $1C:$A4AC; Direct call from $1C:$A4F3; Direct call from $1C:$A513; Direct call from $1C:$A530; Direct call from $1C:$A53E; Direct call from $1C:$A5FC; Direct call from $1C:$A624; Direct call from $1C:$A642; Direct call from $1C:$A658; Direct call from $1C:$A6B5; Direct call from $1C:$A7DC; Direct call from $1C:$A7F2; Direct call from $1C:$A813; Direct call from $1C:$A836; Direct call from $1C:$A871; Direct call from $1C:$A894; Direct call from $1C:$A8D7; Direct call from $1C:$A8F4; Direct call from $1C:$A967; Direct call from $1C:$A980; Direct call from $1C:$AB01	A	A,P		
1C	A04A	MapEntitySystem_Entry_A04A	Direct call from $1C:$A06C; Direct call from $1C:$AA67; Direct call from $1C:$AA70; Direct call from $1C:$AAAA; Direct call from $1C:$AAEC; Direct call from $1C:$AAF5; Direct call from $1C:$AB12; Direct call from $1C:$AB42; Direct call from $1C:$ABA0; Direct call from $1C:$ABDA	A,X,Y	A,P	$6F66+X,$6F86+X,$6FA6+X,$6FC6+X	
1C	A058	MapEntitySystem_Entry_A058	Pointer $1C:$AC8A (74-entry map/submap event handler table selected by the key scan at $A010-$A032)	A	A,P,X		$A035,$A0C6
1C	A0C6	MapEntitySystem_Entry_A0C6	Direct call analysis: Map-event routine called directly from bank $1C:$A0AA; Direct call from $1C:$A0AA		P,X		$A035
1C	A0D6	MapEntitySystem_Entry_A0D6	Pointer $1C:$AC8C (74-entry map/submap event handler table selected by the key scan at $A010-$A032)		P,X		$A035
1C	A0E6	MapEntitySystem_Entry_A0E6	Pointer $1C:$AC8E (74-entry map/submap event handler table selected by the key scan at $A010-$A032)		P		
1C	A0F7	MapEntitySystem_Entry_A0F7	Pointer $1C:$AC90 (74-entry map/submap event handler table selected by the key scan at $A010-$A032)	A	A,P,X		$A035,$A044
1C	A10B	MapEntitySystem_Entry_A10B	Pointer $1C:$AC92 (74-entry map/submap event handler table selected by the key scan at $A010-$A032)	A	A,P		
1C	A149	MapEntitySystem_Entry_A149	Pointer $1C:$AC94 (74-entry map/submap event handler table selected by the key scan at $A010-$A032)		P		
1C	A171	MapEntitySystem_Entry_A171	Pointer $1C:$AC96 (74-entry map/submap event handler table selected by the key scan at $A010-$A032)		P		
1C	A1AE	MapEntitySystem_Entry_A1AE	Pointer $1C:$AC98 (74-entry map/submap event handler table selected by the key scan at $A010-$A032)		P		
1C	A1CC	MapEntitySystem_Entry_A1CC	Pointer $1C:$AC9A (74-entry map/submap event handler table selected by the key scan at $A010-$A032)		P		
1C	A1ED	MapEntitySystem_Entry_A1ED	Pointer $1C:$AC9C (74-entry map/submap event handler table selected by the key scan at $A010-$A032)		P		
1C	A227	MapEntitySystem_Entry_A227	Pointer $1C:$AC9E (74-entry map/submap event handler table selected by the key scan at $A010-$A032)		P		
1C	A24F	MapEntitySystem_Entry_A24F	Pointer $1C:$ACA0 (74-entry map/submap event handler table selected by the key scan at $A010-$A032)		P		
1C	A266	MapEntitySystem_Entry_A266	Pointer $1C:$ACA2 (74-entry map/submap event handler table selected by the key scan at $A010-$A032)		P,X		$A035
1C	A29A	MapEntitySystem_Entry_A29A	Pointer $1C:$ACA4 (74-entry map/submap event handler table selected by the key scan at $A010-$A032)		P		
1C	A326	MapEntitySystem_Entry_A326	Pointer $1C:$ACA6 (74-entry map/submap event handler table selected by the key scan at $A010-$A032)		P		
1C	A33D	MapEntitySystem_Entry_A33D	Pointer $1C:$ACA8 (74-entry map/submap event handler table selected by the key scan at $A010-$A032)	A,X	A,P,X	$6F66+X,$6F86+X,$6FA6+X,$6FC6+X,$7046+X	$A035
1C	A36E	MapEntitySystem_Entry_A36E	Pointer $1C:$ACAA (74-entry map/submap event handler table selected by the key scan at $A010-$A032)	A	A,P,X		$A035
1C	A380	MapEntitySystem_Entry_A380	Pointer $1C:$ACAC (74-entry map/submap event handler table selected by the key scan at $A010-$A032)	A	A,P,X		$A035
1C	A3A8	MapEntitySystem_Entry_A3A8	Pointer $1C:$ACAE (74-entry map/submap event handler table selected by the key scan at $A010-$A032)		P		
1C	A3B9	MapEntitySystem_Entry_A3B9	Pointer $1C:$ACB0 (74-entry map/submap event handler table selected by the key scan at $A010-$A032)	A,X	A,P,X	$6F66+X,$6F86+X,$6FA6+X,$6FC6+X,$7046+X	$A035
1C	A40F	MapEntitySystem_Entry_A40F	Pointer $1C:$ACB2 (74-entry map/submap event handler table selected by the key scan at $A010-$A032)		P,X		
1C	A454	MapEntitySystem_Entry_A454	Pointer $1C:$ACB4 (74-entry map/submap event handler table selected by the key scan at $A010-$A032)		P		
1C	A489	MapEntitySystem_Entry_A489	Pointer $1C:$ACB6 (74-entry map/submap event handler table selected by the key scan at $A010-$A032)		P		
1C	A4A0	MapEntitySystem_Entry_A4A0	Pointer $1C:$ACB8 (74-entry map/submap event handler table selected by the key scan at $A010-$A032)		P		
1C	A4AC	MapEntitySystem_Entry_A4AC	Pointer $1C:$ACBA (74-entry map/submap event handler table selected by the key scan at $A010-$A032)		P		$A044
1C	A4E2	MapEntitySystem_Entry_A4E2	Pointer $1C:$ACBC (74-entry map/submap event handler table selected by the key scan at $A010-$A032)		P		
1C	A51E	MapEntitySystem_Entry_A51E	Pointer $1C:$ACBE (74-entry map/submap event handler table selected by the key scan at $A010-$A032)	A,X	A,P,X	$6F66+X,$6F86+X,$6FA6+X,$6FC6+X	$A035,$A044
1C	A549	MapEntitySystem_Entry_A549	Pointer $1C:$ACC0 (74-entry map/submap event handler table selected by the key scan at $A010-$A032)		P		
1C	A55B	MapEntitySystem_Entry_A55B	Pointer $1C:$ACC2 (74-entry map/submap event handler table selected by the key scan at $A010-$A032)	A	A,P,X		$A035
1C	A568	MapEntitySystem_Entry_A568	Pointer $1C:$ACC4 (74-entry map/submap event handler table selected by the key scan at $A010-$A032)	A,X	A,P,X	$6F66+X,$6F86+X,$6FA6+X,$6FC6+X	
1C	A57F	MapEntitySystem_Entry_A57F	Pointer $1C:$ACC6 (74-entry map/submap event handler table selected by the key scan at $A010-$A032)	A,X	A,P,X	$6F66+X,$6F86+X,$6FA6+X,$6FC6+X	
1C	A5A0	MapEntitySystem_Entry_A5A0	Pointer $1C:$ACC8 (74-entry map/submap event handler table selected by the key scan at $A010-$A032)	A	A,P,X		$A035
1C	A5B2	MapEntitySystem_Entry_A5B2	Pointer $1C:$ACCA (74-entry map/submap event handler table selected by the key scan at $A010-$A032)	A	A,P		
1C	A5CF	MapEntitySystem_Entry_A5CF	Pointer $1C:$ACCC (74-entry map/submap event handler table selected by the key scan at $A010-$A032)	A,X	A,P,X	$6F66+X,$6F86+X,$6FA6+X,$6FC6+X,$7006+X,$7046+X	
1C	A5F6	MapEntitySystem_Entry_A5F6	Pointer $1C:$ACCE (74-entry map/submap event handler table selected by the key scan at $A010-$A032)	A,X	A,P,X	$6F86+X,$6FC6+X,$7006+X	$A044
1C	A683	MapEntitySystem_Entry_A683	Pointer $1C:$ACD0 (74-entry map/submap event handler table selected by the key scan at $A010-$A032)	A,X	A,P,X	$6F66+X,$6F86+X,$6FA6+X,$6FC6+X	$A035
1C	A6A9	MapEntitySystem_Entry_A6A9	Pointer $1C:$ACD2 (74-entry map/submap event handler table selected by the key scan at $A010-$A032)		P		
1C	A6B5	MapEntitySystem_Entry_A6B5	Pointer $1C:$ACD4 (74-entry map/submap event handler table selected by the key scan at $A010-$A032)	X	A,P,X		$A035,$A044
1C	A6CA	MapEntitySystem_Entry_A6CA	Pointer $1C:$ACD6 (74-entry map/submap event handler table selected by the key scan at $A010-$A032)		P		
1C	A737	MapEntitySystem_Entry_A737	Pointer $1C:$ACD8 (74-entry map/submap event handler table selected by the key scan at $A010-$A032)	A	A,P,X		$A035
1C	A77C	MapEntitySystem_Entry_A77C	Pointer $1C:$ACDA (74-entry map/submap event handler table selected by the key scan at $A010-$A032)	A	A,P,X		$A035
1C	A798	MapEntitySystem_Entry_A798	Pointer $1C:$ACDC (74-entry map/submap event handler table selected by the key scan at $A010-$A032)		P,X		
1C	A7C5	MapEntitySystem_Entry_A7C5	Pointer $1C:$ACDE (74-entry map/submap event handler table selected by the key scan at $A010-$A032)		P		
1C	A7D6	MapEntitySystem_Entry_A7D6	Pointer $1C:$ACE0 (74-entry map/submap event handler table selected by the key scan at $A010-$A032)		P		
1C	A7EC	MapEntitySystem_Entry_A7EC	Pointer $1C:$ACE2 (74-entry map/submap event handler table selected by the key scan at $A010-$A032)		P		
1C	A802	MapEntitySystem_Entry_A802	Pointer $1C:$ACE4 (74-entry map/submap event handler table selected by the key scan at $A010-$A032)		P		
1C	A830	MapEntitySystem_Entry_A830	Pointer $1C:$ACE6 (74-entry map/submap event handler table selected by the key scan at $A010-$A032)		P		
1C	A850	MapEntitySystem_Entry_A850	Pointer $1C:$ACE8 (74-entry map/submap event handler table selected by the key scan at $A010-$A032)		P		
1C	A86B	MapEntitySystem_Entry_A86B	Pointer $1C:$ACEA (74-entry map/submap event handler table selected by the key scan at $A010-$A032)		P		
1C	A87C	MapEntitySystem_Entry_A87C	Pointer $1C:$ACEC (74-entry map/submap event handler table selected by the key scan at $A010-$A032)		P		
1C	A88E	MapEntitySystem_Entry_A88E	Pointer $1C:$ACEE (74-entry map/submap event handler table selected by the key scan at $A010-$A032)		P		
1C	A8B5	MapEntitySystem_Entry_A8B5	Pointer $1C:$ACF0 (74-entry map/submap event handler table selected by the key scan at $A010-$A032)		P		
1C	A8C7	MapEntitySystem_Entry_A8C7	Pointer $1C:$ACF2 (74-entry map/submap event handler table selected by the key scan at $A010-$A032)		P		
1C	A8FE	MapEntitySystem_Entry_A8FE	Pointer $1C:$ACF4 (74-entry map/submap event handler table selected by the key scan at $A010-$A032)	A	A,P,X		$A035
1C	A967	MapEntitySystem_Entry_A967	Pointer $1C:$ACF6 (74-entry map/submap event handler table selected by the key scan at $A010-$A032)		P,X		$A044
1C	A97A	MapEntitySystem_Entry_A97A	Pointer $1C:$ACF8 (74-entry map/submap event handler table selected by the key scan at $A010-$A032)		P		
1C	A98B	MapEntitySystem_Entry_A98B	Pointer $1C:$ACFA (74-entry map/submap event handler table selected by the key scan at $A010-$A032)		P		
1C	A9A0	MapEntitySystem_Entry_A9A0	Pointer $1C:$ACFC (74-entry map/submap event handler table selected by the key scan at $A010-$A032)		P		
1C	A9D8	MapEntitySystem_Entry_A9D8	Pointer $1C:$ACFE (74-entry map/submap event handler table selected by the key scan at $A010-$A032)		P		
1C	A9FE	MapEntitySystem_Entry_A9FE	Pointer $1C:$AD00 (74-entry map/submap event handler table selected by the key scan at $A010-$A032)		P		
1C	AA14	MapEntitySystem_Entry_AA14	Pointer $1C:$AD02 (74-entry map/submap event handler table selected by the key scan at $A010-$A032)		P		
1C	AA41	MapEntitySystem_Entry_AA41	Pointer $1C:$AD04 (74-entry map/submap event handler table selected by the key scan at $A010-$A032)		P		
1C	AA4D	MapEntitySystem_Entry_AA4D	Pointer $1C:$AD06 (74-entry map/submap event handler table selected by the key scan at $A010-$A032)	A	A,P,X		$A035
1C	AA82	MapEntitySystem_Entry_AA82	Pointer $1C:$AD08 (74-entry map/submap event handler table selected by the key scan at $A010-$A032)		P		
1C	AABE	MapEntitySystem_Entry_AABE	Pointer $1C:$AD0A (74-entry map/submap event handler table selected by the key scan at $A010-$A032)		P		
1C	AAC9	MapEntitySystem_Entry_AAC9	Pointer $1C:$AD0C (74-entry map/submap event handler table selected by the key scan at $A010-$A032)		P		
1C	AB01	MapEntitySystem_Entry_AB01	Pointer $1C:$AD0E (74-entry map/submap event handler table selected by the key scan at $A010-$A032)		P		$A044
1C	AB16	MapEntitySystem_Entry_AB16	Pointer $1C:$AD10 (74-entry map/submap event handler table selected by the key scan at $A010-$A032)	A,X	A,P,X	$6F66+X,$6F86+X,$6FA6+X,$6FC6+X,$70E6+X	$AD1E
1C	AB37	MapEntitySystem_Entry_AB37	Pointer $1C:$AD12 (74-entry map/submap event handler table selected by the key scan at $A010-$A032)	A,X	A,P,X,Y	$6F66+X,$6F86+X,$6FA6+X,$6FC6+X,$7006+X	$A04A
1C	AB52	MapEntitySystem_Entry_AB52	Pointer $1C:$AD14 (74-entry map/submap event handler table selected by the key scan at $A010-$A032)	A,X	A,P,X	$6F86+X,$6FC6+X	
1C	AB63	MapEntitySystem_Entry_AB63	Pointer $1C:$AD16 (74-entry map/submap event handler table selected by the key scan at $A010-$A032)		P		
1C	ABAC	MapEntitySystem_Entry_ABAC	Pointer $1C:$AD18 (74-entry map/submap event handler table selected by the key scan at $A010-$A032)		P		
1C	ABC6	MapEntitySystem_Entry_ABC6	Pointer $1C:$AD1A (74-entry map/submap event handler table selected by the key scan at $A010-$A032)	A,X	A,P,X,Y	$70E6+X	$A04A
1C	ABDE	MapEntitySystem_Entry_ABDE	Pointer $1C:$AD1C (74-entry map/submap event handler table selected by the key scan at $A010-$A032)		P		
1C	AD1E	MapEntitySystem_Entry_AD1E	Direct call from $1C:$A1AA; Direct call from $1C:$A44E; Direct call from $1C:$AB33	A,X,Y	A,P,X,Y	$7146+X	$D3E6
1C	AD32	MapEntitySystem_Entry_AD32	Direct call from $1C:$9EB1	A,Y	A,P,X,Y		$A035
1C	AD5F	MapEntitySystem_Entry_AD5F	Pointer $1C:$800E (22-entry mixed map and entity service directory)	A,X	A,P,X	$00,$01	
1C	AD6E	MapEntitySystem_Entry_AD6E	Pointer $1C:$BF4B (51-entry map event handler table consumed by the indirect dispatcher at $AD5F-$AD6D)		A,P		
1C	ADCA	MapEntitySystem_Entry_ADCA	Pointer $1C:$BF4D (51-entry map event handler table consumed by the indirect dispatcher at $AD5F-$AD6D)	A,X	A,P,X	$0530,$0531,$0532,$0533,$6280,$7046+X,$70E6+X	
1C	ADF0	MapEntitySystem_Entry_ADF0	Pointer $1C:$BF4F (51-entry map event handler table consumed by the indirect dispatcher at $AD5F-$AD6D)	A	A,P	$29	
1C	AEDF	MapEntitySystem_Entry_AEDF	Direct call from $1C:$AE1D; Direct call from $1C:$AE27	A,X,Y	A,P	$6F66+X,$6F86+X,$6FA6+X,$6FC6+X,$7006+X,$7026+X	
1C	AEFC	MapEntitySystem_Entry_AEFC	Pointer $1C:$BF51 (51-entry map event handler table consumed by the indirect dispatcher at $AD5F-$AD6D)	A,X	A,P,X	$6285	
1C	AFD7	MapEntitySystem_Entry_AFD7	Direct call from $1C:$AFA6	A	A,P,X		
1C	AFDA	MapEntitySystem_Entry_AFDA	Direct call from $1C:$AF71	A	A,P,X		
1C	AFF4	MapEntitySystem_Entry_AFF4	Pointer $1C:$BF53 (51-entry map event handler table consumed by the indirect dispatcher at $AD5F-$AD6D)		A,P		$BF12,$D218
1C	B030	MapEntitySystem_Entry_B030	Pointer $1C:$BF55 (51-entry map event handler table consumed by the indirect dispatcher at $AD5F-$AD6D)		P		
1C	B05E	MapEntitySystem_Entry_B05E	Pointer $1C:$BF57 (51-entry map event handler table consumed by the indirect dispatcher at $AD5F-$AD6D)		P		
1C	B0B9	MapEntitySystem_Entry_B0B9	Pointer $1C:$BF59 (51-entry map event handler table consumed by the indirect dispatcher at $AD5F-$AD6D)	A,X	A,P,X	$0530,$0531,$0532,$0533,$7046+X	
1C	B0C8	MapEntitySystem_Entry_B0C8	Pointer $1C:$BF5B (51-entry map event handler table consumed by the indirect dispatcher at $AD5F-$AD6D)	A,X	A,P,X,Y	$7046+X	
1C	B0FC	MapEntitySystem_Entry_B0FC	Pointer $1C:$BF5D (51-entry map event handler table consumed by the indirect dispatcher at $AD5F-$AD6D)	A	A,P	$05FD,$6BDE	$BF46,$C54E,$C5BF,$C5C5
1C	B159	MapEntitySystem_Entry_B159	Pointer $1C:$BF5F (51-entry map event handler table consumed by the indirect dispatcher at $AD5F-$AD6D)		P		
1C	B15A	MapEntitySystem_Entry_B15A	Pointer $1C:$BF61 (51-entry map event handler table consumed by the indirect dispatcher at $AD5F-$AD6D)	A,X	A,P,X,Y	$7046+X,$F9,$FA,$FB,$FC	$BF12,$BF25
1C	B177	MapEntitySystem_Entry_B177	Pointer $1C:$BF63 (51-entry map event handler table consumed by the indirect dispatcher at $AD5F-$AD6D)		P		
1C	B1C6	MapEntitySystem_Entry_B1C6	Direct call from $1C:$B19A	A,X,Y	A,P,X	$0200+Y,$0204+Y,$0208+Y,$020C+Y,$52	$C78C,$FF74
1C	B1CB	MapEntitySystem_Entry_B1CB	Direct call from $1C:$B191	A,X,Y	A,P,X	$0200+Y,$0204+Y,$0208+Y,$020C+Y,$52	$C78C,$FF74
1C	B22B	MapEntitySystem_Entry_B22B	Direct call from $1C:$B197	A,X	A,P,X	$0509,$51	$FF74
1C	B24A	MapEntitySystem_Entry_B24A	Pointer $1C:$BF65 (51-entry map event handler table consumed by the indirect dispatcher at $AD5F-$AD6D)	A,X	A,P,X,Y	$7046+X	$B2B4
1C	B29E	MapEntitySystem_Entry_B29E	Direct call from $1C:$B61B; Direct call from $1C:$B625; Direct call from $1C:$B63F; Direct call from $1C:$B786; Direct call from $1C:$B915; Direct call from $1C:$B9CA; Direct call from $1C:$B9CF; Direct call from $1C:$B9DA; Direct call from $1C:$BB21; Pointer $1C:$802A (22-entry mixed map and entity service directory)	A	P		
1C	B2B4	MapEntitySystem_Entry_B2B4	Direct call from $1C:$B24E; Direct call from $1C:$B253; Direct call from $1C:$B258; Direct call from $1C:$B25D	A,X,Y	A,P,Y	$6F60+X,$6F80+X,$6FA0+X,$6FC0+X,$6FE0+X,$7000+X,$7020+X,$7020+Y,$7040+X,$70E0+X	
1C	B314	MapEntitySystem_Entry_B314	Pointer $1C:$BF67 (51-entry map event handler table consumed by the indirect dispatcher at $AD5F-$AD6D)		A,P		
1C	B32C	MapEntitySystem_Entry_B32C	Pointer $1C:$BF69 (51-entry map event handler table consumed by the indirect dispatcher at $AD5F-$AD6D)		A,P		
1C	B372	MapEntitySystem_Entry_B372	Pointer $1C:$BF6B (51-entry map event handler table consumed by the indirect dispatcher at $AD5F-$AD6D)	A	A,P,X,Y		$C90C
1C	B398	MapEntitySystem_Entry_B398	Pointer $1C:$BF6D (51-entry map event handler table consumed by the indirect dispatcher at $AD5F-$AD6D)		A,P		
1C	B3BA	MapEntitySystem_Entry_B3BA	Pointer $1C:$BF6F (51-entry map event handler table consumed by the indirect dispatcher at $AD5F-$AD6D)	X	P,X	$5B	
1C	B498	MapEntitySystem_Entry_B498	Direct call from $1C:$B46E; Direct call from $1C:$B478	A,X	A,P,X,Y		$B49B
1C	B49B	MapEntitySystem_Entry_B49B	Direct call from $1C:$B498	A,X	A,P,X,Y		
1C	B4BC	MapEntitySystem_Entry_B4BC	Direct call from $1C:$B473; Direct call from $1C:$B47D	A,Y	A,P,Y	$0200,$0203,$0204,$0207,$0208,$020B,$020C,$020F,$0509	$FF74
1C	B50B	MapEntitySystem_Entry_B50B	Pointer $1C:$BF71 (51-entry map event handler table consumed by the indirect dispatcher at $AD5F-$AD6D)		P,X		$B56A
1C	B56A	MapEntitySystem_Entry_B56A	Direct call from $1C:$B50D; Direct call from $1C:$B512	A,X	A,P	$7006+X	
1C	B577	MapEntitySystem_Entry_B577	Direct call from $1C:$B544; Direct call from $1C:$B551	A,X,Y	A,P,Y	$6F60+Y,$6F66+X,$6F80+Y,$6F86+X,$6FA0+Y,$6FA6+X,$6FC0+Y,$6FC6+X,$7000+Y,$7020+Y,$7026+X	
1C	B5C2	MapEntitySystem_Entry_B5C2	Pointer $1C:$BF73 (51-entry map event handler table consumed by the indirect dispatcher at $AD5F-$AD6D)		A,P		
1C	B614	MapEntitySystem_Entry_B614	Pointer $1C:$BF75 (51-entry map event handler table consumed by the indirect dispatcher at $AD5F-$AD6D)		A,P		$B29E,$BF14
1C	B623	MapEntitySystem_Entry_B623	Pointer $1C:$BF77 (51-entry map event handler table consumed by the indirect dispatcher at $AD5F-$AD6D)	A,X	A,P,X	$7046+X	$B29E
1C	B638	MapEntitySystem_Entry_B638	Pointer $1C:$BF79 (51-entry map event handler table consumed by the indirect dispatcher at $AD5F-$AD6D)		A,P		$B29E,$BF14
1C	B652	MapEntitySystem_Entry_B652	Pointer $1C:$BF7B (51-entry map event handler table consumed by the indirect dispatcher at $AD5F-$AD6D)	A,X	A,P,X	$7046+X	
1C	B6E8	MapEntitySystem_Entry_B6E8	Pointer $1C:$BF7D (51-entry map event handler table consumed by the indirect dispatcher at $AD5F-$AD6D)	A,X	A,P,X	$0530,$0531,$0532,$0533,$7046+X	
1C	B6F2	MapEntitySystem_Entry_B6F2	Pointer $1C:$BF7F (51-entry map event handler table consumed by the indirect dispatcher at $AD5F-$AD6D)		A,P		
1C	B733	MapEntitySystem_Entry_B733	Pointer $1C:$BF81 (51-entry map event handler table consumed by the indirect dispatcher at $AD5F-$AD6D)	A,Y	A,P,X		
1C	B78E	MapEntitySystem_Entry_B78E	Direct call from $1C:$A9C0; Direct call from $1C:$B779	A,Y	A,P,Y		
1C	B7A5	MapEntitySystem_Entry_B7A5	Pointer $1C:$BF83 (51-entry map event handler table consumed by the indirect dispatcher at $AD5F-$AD6D)		P		$B827,$C54E
1C	B827	MapEntitySystem_Entry_B827	Direct call from $1C:$B7A8	A,X	A,P,X	$0508,$6F60+X,$7800+X	
1C	B8F5	MapEntitySystem_Entry_B8F5	Pointer $1C:$BF85 (51-entry map event handler table consumed by the indirect dispatcher at $AD5F-$AD6D)		A,P		
1C	B901	MapEntitySystem_Entry_B901	Pointer $1C:$BF87 (51-entry map event handler table consumed by the indirect dispatcher at $AD5F-$AD6D)		P		
1C	B910	MapEntitySystem_Entry_B910	Pointer $1C:$BF89 (51-entry map event handler table consumed by the indirect dispatcher at $AD5F-$AD6D)	A	A,P		$B29E
1C	B93F	MapEntitySystem_Entry_B93F	Pointer $1C:$BF8B (51-entry map event handler table consumed by the indirect dispatcher at $AD5F-$AD6D)	Y	A,P		
1C	B954	MapEntitySystem_Entry_B954	Pointer $1C:$BF8D (51-entry map event handler table consumed by the indirect dispatcher at $AD5F-$AD6D)		P		$D1F3
1C	B96A	MapEntitySystem_Entry_B96A	Direct call from $1C:$B960	A,X,Y	A,P,X	$0200+Y,$0204+Y,$0208+Y,$020C+Y	$C78C,$FF74
1C	B995	MapEntitySystem_Entry_B995	Pointer $1C:$BF8F (51-entry map event handler table consumed by the indirect dispatcher at $AD5F-$AD6D)		A,P		
1C	B9A1	MapEntitySystem_Entry_B9A1	Pointer $1C:$BF91 (51-entry map event handler table consumed by the indirect dispatcher at $AD5F-$AD6D)		A,P		
1C	B9C8	MapEntitySystem_Entry_B9C8	Pointer $1C:$BF93 (51-entry map event handler table consumed by the indirect dispatcher at $AD5F-$AD6D)		A,P		$B29E
1C	B9FA	MapEntitySystem_Entry_B9FA	Pointer $1C:$BF95 (51-entry map event handler table consumed by the indirect dispatcher at $AD5F-$AD6D)		A,P		
1C	BA2F	MapEntitySystem_Entry_BA2F	Pointer $1C:$BF97 (51-entry map event handler table consumed by the indirect dispatcher at $AD5F-$AD6D)		A,P		
1C	BA64	MapEntitySystem_Entry_BA64	Pointer $1C:$BF99 (51-entry map event handler table consumed by the indirect dispatcher at $AD5F-$AD6D)		A,P		
1C	BA99	MapEntitySystem_Entry_BA99	Pointer $1C:$BF9B (51-entry map event handler table consumed by the indirect dispatcher at $AD5F-$AD6D)		A,P		
1C	BAE5	MapEntitySystem_Entry_BAE5	Pointer $1C:$BF9D (51-entry map event handler table consumed by the indirect dispatcher at $AD5F-$AD6D)	A,X	A,P,X	$7006+X	
1C	BB02	MapEntitySystem_Entry_BB02	Pointer $1C:$BF9F (51-entry map event handler table consumed by the indirect dispatcher at $AD5F-$AD6D)		P		
1C	BB3F	MapEntitySystem_Entry_BB3F	Pointer $1C:$BFA1 (51-entry map event handler table consumed by the indirect dispatcher at $AD5F-$AD6D)		P		$BF46
1C	BCEF	MapEntitySystem_Entry_BCEF	Direct call from $1C:$BC41; Direct call from $1C:$BC48; Direct call from $1C:$BC4F; Direct call from $1C:$BC56	A	P,X	$00	
1C	BCFF	MapEntitySystem_Entry_BCFF	Direct call from $1C:$BBDE	A	A,P,X	$7F70,$7F71,$7F72,$7F73,$7F74,$7F75,$7F76,$7F77,$7F78,$7F79,$7F7A,$7F7B,$7F7C,$7F7D,$7F7E,$7F7F	$D864,$D876
1C	BD54	MapEntitySystem_Entry_BD54	Direct call from $1C:$BBE1	A,X	A,P,X	$0200+X,$7F00+X	
1C	BD67	MapEntitySystem_Entry_BD67	Direct call from $1C:$BBF3	A,X	A,P,X	$0200+X	
1C	BD75	MapEntitySystem_Entry_BD75	Direct call from $1C:$BBE4	A,X	A,P,X	$0200+X	
1C	BD83	MapEntitySystem_Entry_BD83	Direct call from $1C:$BBF0; Direct call from $1C:$BC09	A,X	A,P,X	$0200+X,$7F00+X	
1C	BD96	MapEntitySystem_Entry_BD96	Pointer $1C:$BFA3 (51-entry map event handler table consumed by the indirect dispatcher at $AD5F-$AD6D)	A	A,P	$44,$45,$64	
1C	BDD2	MapEntitySystem_Entry_BDD2	Entry pointer analysis: BRK-backed map-event handler targeted by pointer $1C:$BFA5; Pointer $1C:$BFA5 (51-entry map event handler table consumed by the indirect dispatcher at $AD5F-$AD6D)		P		
1C	BE1F	MapEntitySystem_Entry_BE1F	Direct call from $1C:$BE09	A	A,P	$00,$01	$C662
1C	BE58	MapEntitySystem_Entry_BE58	Pointer $1C:$BFA7 (51-entry map event handler table consumed by the indirect dispatcher at $AD5F-$AD6D)	A,X	A,P,X	$0530,$0531,$0532,$0533	
1C	BE5D	MapEntitySystem_Entry_BE5D	Pointer $1C:$BFA9 (51-entry map event handler table consumed by the indirect dispatcher at $AD5F-$AD6D)	A	A,P	$44,$45,$63,$64	$BE90,$C5C5
1C	BE90	MapEntitySystem_Entry_BE90	Direct call from $1C:$BE5D; Direct call from $1C:$BE60; Direct call from $1C:$BE63; Direct call from $1C:$BE66; Direct call from $1C:$BE69		P		
1C	BE98	MapEntitySystem_Entry_BE98	Pointer $1C:$BFAB (51-entry map event handler table consumed by the indirect dispatcher at $AD5F-$AD6D)	A	A,P	$44,$45,$63,$64	$C5C5
1C	BEB3	MapEntitySystem_Entry_BEB3	Pointer $1C:$BFAD (51-entry map event handler table consumed by the indirect dispatcher at $AD5F-$AD6D)		A,P		
1C	BED3	MapEntitySystem_Entry_BED3	Direct call analysis: BRK-backed map-event helper called directly from bank $1C:$AE03/$AE13; Direct call from $1C:$AE03; Direct call from $1C:$AE13		P		
1C	BED6	MapEntitySystem_Entry_BED6	Direct call analysis: BRK-backed map-event helper called or jumped to from bank $1C:$AE40/$AEF9; Direct call from $1C:$AE40		P		
1C	BEF2	MapEntitySystem_Entry_BEF2	Direct call from $1C:$BEDB	A,X	A,P,X	$51	$BEFE
1C	BEFE	MapEntitySystem_Entry_BEFE	Direct call from $1C:$BEF7	A	A,P	$0509	$FF74
1C	BF12	MapEntitySystem_Entry_BF12	Direct call analysis: Routine called or jumped to directly from bank $1C:$AFF7/$B0C5/$B169/$B6EF; Direct call from $1C:$AFF7; Direct call from $1C:$B0F4; Direct call from $1C:$B169; Direct call from $1C:$BDBF	A,X	A,P,X	$0530,$0531,$0532,$0533	
1C	BF14	MapEntitySystem_Entry_BF14	Direct call analysis: Alternate entry jumped to or called directly from bank $1C:$ADED/$B616/$B63A; Direct call from $1C:$B616; Direct call from $1C:$B63A	A,X	A,P,X	$0530,$0531,$0532,$0533	
1C	BF16	MapEntitySystem_Entry_BF16	Direct call analysis: Alternate entry called directly from bank $1C:$B26E; Direct call from $1C:$B26E	A,X	A,P	$0530,$0531,$0532,$0533	
1C	BF25	MapEntitySystem_Entry_BF25	Direct call analysis: Entity-coordinate helper called directly from bank $1C:$B15F; Direct call from $1C:$B15F	A,X,Y	A,P	$6F66+X,$6F86+X,$6FA6+X,$6FC6+X	
1C	BF37	MapEntitySystem_Entry_BF37	Direct call analysis: Entity-coordinate initializer called directly from bank $1C:$B922/$B94B; Direct call from $1C:$B922; Direct call from $1C:$B94B; Direct call from $1C:$BB26; Direct call from $1C:$BC11; Direct call from $1C:$BC16; Direct call from $1C:$BC1B; Direct call from $1C:$BC20; Direct call from $1C:$BEC0; Direct call from $1C:$BEC5	A,X	A,P	$6F66+X,$6F86+X,$6FA6+X,$6FC6+X	
1C	BF46	MapEntitySystem_Entry_BF46	Direct call analysis: BRK-backed helper called directly from bank $1C:$AF6C/$AFBA/$B107/$B149/$B1BF; Direct call from $1C:$AF6C; Direct call from $1C:$AFBA; Direct call from $1C:$B107; Direct call from $1C:$B149; Direct call from $1C:$B1BF; Direct call from $1C:$BB16; Direct call from $1C:$BB3F; Direct call from $1C:$BBD4; Direct call from $1C:$BCAB		P		
1D	802A	Bank1D_MapEventServices	Pointer $1D:$8004 (21-entry mixed map-event service directory)	A,X,Y	A,P,X,Y	$00,$0573,$0574+Y,$057C+Y,$0584+Y,$058D	
1D	8B1E	MapEventSystem_Entry_8B1E	Pointer $1D:$8000 (21-entry mixed map-event service directory)	A,X	A,P,X		$8B4A,$8CE6
1D	8B4A	MapEventSystem_Entry_8B4A	Direct call from $1D:$8B40	A,X,Y	A,P,X,Y	$00,$02,$03,$0300+Y,$0301+Y,$0302+Y,$0303+Y,$0304+Y,$0305+Y,$04,$050A,$050B,$05FE,$05FF,$0600,$0601,$0603,$0604,$0605,$0606,$0607,$0608,$1F	$8CAC,$8D2C,$C626
1D	8CAC	MapEventSystem_Entry_8CAC	Direct call from $1D:$8C9A; Direct call from $1D:$8C9D; Direct call from $1D:$8CA0; Direct call from $1D:$8CA3; Direct call from $1D:$8D56; Direct call from $1D:$8D59; Direct call from $1D:$8D5C; Direct call from $1D:$8D5F	A,X,Y	A,P,X,Y	$00,$01,$0300+X,$0301+X,$0302+X,$0303+X,$04,$050A,$050B	
1D	8CE6	MapEventSystem_Entry_8CE6	Direct call from $1D:$8B43	A,X,Y	A,P,X,Y	$0508,$0509	$8D06,$C891
1D	8D06	MapEventSystem_Entry_8D06	Direct call from $1D:$8D01	A,X,Y	A,P	$0508,$0509	
1D	8D2C	MapEventSystem_Entry_8D2C	Direct call from $1D:$8BC5	A,X	A,P,X,Y	$00,$02,$03,$04,$1F	$8CAC
1D	8DED	MapEventSystem_Entry_8DED	Pointer $1D:$8002 (21-entry mixed map-event service directory)	A	A,P	$65	$8E50,$8E68,$8E91,$8EA9,$8EC4,$8EE0,$8EF9,$C02E,$C54E,$C58F,$C5AF,$C5BF,$C5C5,$C8CC
1D	8E15	MapEventSystem_Entry_8E15	Direct ROM scan: JSR to fixed trampoline $C02E	A	A,P		$8EF9,$C02E,$C5C5,$C8CC
1D	8E50	MapEventSystem_Entry_8E50	Direct call from $1D:$8E12	A	A,P	$0300,$0301,$0302,$7D,$7E,$7F,$82	
1D	8E68	MapEventSystem_Entry_8E68	Direct call from $1D:$8E03	A,X,Y	A,P,X,Y	$2006,$2007,$51,$52	
1D	8E91	MapEventSystem_Entry_8E91	Direct call from $1D:$8E06	A,X,Y	A,P,X,Y	$2006,$2007	
1D	8EA9	MapEventSystem_Entry_8EA9	Direct call from $1D:$8DFA	A	A,P	$0505,$0508,$0509,$51,$52	
1D	8EC4	MapEventSystem_Entry_8EC4	Direct call from $1D:$8DFD	A,X	A,P,X	$05FC+X,$0609+X	
1D	8EE0	MapEventSystem_Entry_8EE0	Direct call from $1D:$8E09	A,X	A,P,X	$2006,$2007	
1D	8EF9	MapEventSystem_Entry_8EF9	Direct call from $1D:$8E1A	A	A,P	$0200,$0201,$0202,$0203,$0204,$0205,$0206,$0207	
1D	8F52	MapEventSystem_Entry_8F52	Pointer $1D:$8018 (21-entry mixed map-event service directory)		P		$8F5F,$8F6A,$9073,$FF74
1D	8F5F	MapEventSystem_Entry_8F5F	Direct call from $1D:$8F52		P,X,Y		$902F,$9062
1D	8F6A	MapEventSystem_Entry_8F6A	Direct call from $1D:$8F5B		P		$8F85,$8FC2,$8FC3,$8FD3,$9021,$908C,$90B2,$FF74
1D	8F85	MapEventSystem_Entry_8F85	Direct call from $1D:$8F73	A,X,Y	A,P,X,Y	$2005	
1D	8F87	MapEventSystem_Entry_8F87	Direct call from $1D:$926D; Direct call from $1D:$9461	A,X,Y	A,P,X,Y	$2005	
1D	8FC2	MapEventSystem_Entry_8FC2	Direct call from $1D:$8F76		P		
1D	8FC3	MapEventSystem_Entry_8FC3	Direct call from $1D:$8F70	X,Y	P,X,Y		
1D	8FD3	MapEventSystem_Entry_8FD3	Direct call from $1D:$8F79	A,X,Y	A,P,X,Y	$0300+X,$0301+X,$0302+X,$0303+X,$050B,$1F,$54	
1D	9021	MapEventSystem_Entry_9021	Direct call from $1D:$8F7F; Direct call from $1D:$927C; Direct call from $1D:$9470	A	A,P	$059D	
1D	902F	MapEventSystem_Entry_902F	Direct call from $1D:$8F5F	A,X	A,P,X	$0300+X,$0301+X,$0302+X,$0303+X,$050B	$C62D
1D	9062	MapEventSystem_Entry_9062	Direct call from $1D:$8F66	A,X,Y	A,P	$0200,$0201,$0202,$0203	
1D	9073	MapEventSystem_Entry_9073	Direct call from $1D:$8F55; Direct call from $1D:$9428	A,X	A,P,X	$51,$52,$53,$7F00+X,$7F40+X	
1D	908C	MapEventSystem_Entry_908C	Direct call from $1D:$8F6D; Direct call from $1D:$9262; Direct call from $1D:$9456	A,X	A,P,X	$51,$7F00+X,$7F3F,$7F40+X,$7F7F	
1D	90B2	MapEventSystem_Entry_90B2	Direct call from $1D:$8F6A; Direct call from $1D:$9453	A,X,Y	A,P,X,Y	$52,$53,$7F00+Y,$7F40+Y	
1D	918E	MapEventSystem_Entry_918E	Pointer $1D:$801A (21-entry mixed map-event service directory)		P		$919B,$91AE,$91B9,$91C4
1D	919B	MapEventSystem_Entry_919B	Direct call from $1D:$9194	A,Y	A,P,Y	$00,$01	$91F0
1D	91AE	MapEventSystem_Entry_91AE	Direct call from $1D:$9197	Y	P,Y		$91F0
1D	91B9	MapEventSystem_Entry_91B9	Direct call from $1D:$9191	Y	P,Y		$91D7
1D	91C4	MapEventSystem_Entry_91C4	Direct call from $1D:$918E	A,Y	A,P,Y	$00,$01	$91D7
1D	91D7	MapEventSystem_Entry_91D7	Direct call from $1D:$91BB; Direct call from $1D:$91CE	A	A,P	$00,$01,$2006	$91F6
1D	91F0	MapEventSystem_Entry_91F0	Direct call from $1D:$91A5; Direct call from $1D:$91B0	A	A,P	$00,$01	$9204
1D	91F6	MapEventSystem_Entry_91F6	Direct call from $1D:$91E1	A,X,Y	A,P,X	$2007	
1D	9204	MapEventSystem_Entry_9204	Direct call from $1D:$91F0	A,X,Y	A,P,X	$2006,$2007	
1D	922A	MapEventSystem_Entry_922A	Pointer $1D:$801C (21-entry mixed map-event service directory)		P		$9240,$924D,$925C,$93CA,$C543,$FF74
1D	9240	MapEventSystem_Entry_9240	Direct call from $1D:$9233	A	A,P	$0503,$0504	
1D	924D	MapEventSystem_Entry_924D	Direct call from $1D:$9239; Direct call from $1D:$943A	A	A,P	$0503,$0504	
1D	925C	MapEventSystem_Entry_925C	Direct call from $1D:$9236	X	P,X,Y	$0F	$8F87,$908C,$9282,$938D,$93F0
1D	9273	Bank1D_NmiCallbackA	Direct ROM analysis: NMI callback address installed through the little-endian pointer at $925A	X	A,P,X,Y	$0F	$8F87,$9021,$908C,$9282,$92B5,$938D,$93F0
1D	9282	MapEventSystem_Entry_9282	Direct call from $1D:$925C; Direct call from $1D:$9450		A,P		
1D	92B5	MapEventSystem_Entry_92B5	Direct call from $1D:$9279; Direct call from $1D:$946D	A	A,P	$2005,$2006,$2007	
1D	938D	MapEventSystem_Entry_938D	Direct call from $1D:$925F	A,X,Y	A,P,X,Y	$52,$53,$7F00+Y,$7F40+Y	
1D	93CA	MapEventSystem_Entry_93CA	Direct call from $1D:$922A; Direct call from $1D:$942B	A,X,Y	A,P,X,Y	$0300+X,$51,$52,$53	
1D	93F0	MapEventSystem_Entry_93F0	Direct call from $1D:$9265	A,X,Y	A,P,X,Y	$0300+X,$54	
1D	9423	MapEventSystem_Entry_9423	Pointer $1D:$801E (21-entry mixed map-event service directory)	A	A,P	$059D	$9073,$924D,$93CA,$9441,$9450,$C543,$FF74
1D	9441	MapEventSystem_Entry_9441	Direct call from $1D:$9434	A	A,P	$0503,$0504	
1D	9450	MapEventSystem_Entry_9450	Direct call from $1D:$9437	X	P,X,Y	$0F	$8F87,$908C,$90B2,$9282,$9476
1D	9467	Bank1D_NmiCallbackB	Direct ROM analysis: NMI callback address installed through the little-endian pointer at $944E	X	A,P,X,Y	$0F	$8F87,$9021,$908C,$90B2,$9282,$92B5,$9476
1D	9476	MapEventSystem_Entry_9476	Direct call from $1D:$9459	A,X,Y	A,P,X,Y	$0300+X,$54	
1D	9484	MapEventSystem_Entry_9484	Pointer $1D:$8020 (21-entry mixed map-event service directory)		P		
1D	94AC	MapEventSystem_Entry_94AC	Direct call from $1D:$949D		P		
1D	94C4	MapEventSystem_Entry_94C4	Direct call from $1D:$949A	A,X	A,P,X	$7000+X	$D804
1D	9501	MapEventSystem_Entry_9501	Direct call from $1D:$9497		P		
1D	9509	MapEventSystem_Entry_9509	Direct call from $1D:$9494		P,X,Y		$958A
1D	958A	MapEventSystem_Entry_958A	Direct call from $1D:$950D; Direct call from $1D:$956A	A,X,Y	A,P,X,Y		$95EC,$960D,$C90C
1D	95A2	MapEventSystem_Entry_95A2	Direct call from $1D:$9491		A,P,X,Y		
1D	95AF	MapEventSystem_Entry_95AF	Direct call from $1D:$948E		P		
1D	95B6	MapEventSystem_Entry_95B6	Direct call from $1D:$948B		P	$51	$95C7,$95D8,$960D,$FF74
1D	95C7	MapEventSystem_Entry_95C7	Direct call from $1D:$95B6	A,X,Y	A,P,X	$51,$7B	$C78C
1D	95D8	MapEventSystem_Entry_95D8	Direct call from $1D:$95B9	A,X	A,P,X	$0200+X,$0203+X,$0204+X,$0207+X,$0208+X,$020B+X,$020C+X,$020F+X,$7000+X	
1D	95EC	MapEventSystem_Entry_95EC	Direct call from $1D:$958E	X	P,X	$0200+X,$0204+X,$0208+X,$020C+X	
1D	960D	MapEventSystem_Entry_960D	Direct call from $1D:$94E6; Direct call from $1D:$9591; Direct call from $1D:$95BC		P,X		$CBB4,$D804
1D	9616	MapEventSystem_Entry_9616	Direct ROM analysis: Coherent dormant OAM/state update routine after RTS $9615 and ending at RTS $9696; Direct call from $1D:$9488	A,X,Y	A,P,X,Y	$0200,$0203,$0204,$0207,$0208,$020B,$020C,$020F,$0210,$0213,$0214,$0217,$0218,$021B,$021C,$021F,$0220,$0223,$0224,$0227,$0228,$022B,$022C,$022F,$0230,$0233,$0234,$0237,$0238,$023B,$023C,$023F,$1F	$FF74
1D	9697	MapEventSystem_Entry_9697	Pointer $1D:$8006 (21-entry mixed map-event service directory)	A,X	A,P,X	$49,$4A	
1D	96DF	MapEventSystem_Entry_96DF	Pointer $1D:$96D1 (Seven-entry map/submap handler table selected by key pairs $96B5-$96C2 and dispatched at $96CE)	A	A,P	$7684,$7685,$7686,$7687	
1D	96EE	MapEventSystem_Entry_96EE	Pointer $1D:$96D3 (Seven-entry map/submap handler table selected by key pairs $96B5-$96C2 and dispatched at $96CE)		P		
1D	96FA	MapEventSystem_Entry_96FA	Pointer $1D:$96D5 (Seven-entry map/submap handler table selected by key pairs $96B5-$96C2 and dispatched at $96CE)		P		
1D	9713	MapEventSystem_Entry_9713	Pointer $1D:$96D7 (Seven-entry map/submap handler table selected by key pairs $96B5-$96C2 and dispatched at $96CE)		P		
1D	9724	MapEventSystem_Entry_9724	Pointer $1D:$96DB (Seven-entry map/submap handler table selected by key pairs $96B5-$96C2 and dispatched at $96CE)		P		
1D	9730	MapEventSystem_Entry_9730	Pointer $1D:$96DD (Seven-entry map/submap handler table selected by key pairs $96B5-$96C2 and dispatched at $96CE)	A	A,P	$788F,$78AE	
1D	973E	MapEventSystem_Entry_973E	Pointer $1D:$96D9 (Seven-entry map/submap handler table selected by key pairs $96B5-$96C2 and dispatched at $96CE)	A,X	A,P,X	$0108+X	$9751,$9771,$97A4
1D	9751	MapEventSystem_Entry_9751	Direct call from $1D:$974D	A,X	A,P,X	$62A0,$62A3,$7876,$7877,$788D,$788E	
1D	9771	MapEventSystem_Entry_9771	Direct call from $1D:$974A	A,X	A,P,X	$6F59+X,$7664+X,$76D9+X	
1D	97A4	MapEventSystem_Entry_97A4	Direct call from $1D:$9747	A,X	A,P,X	$2006,$2007	
1D	989F	MapEventSystem_Entry_989F	Pointer $1D:$8008 (21-entry mixed map-event service directory)	A,X	A,P,X	$4F,$50	
1D	98BD	MapEventSystem_Entry_98BD	Direct call from $1D:$9BDB; Direct call from $1D:$A21E; Direct call from $1D:$AA2C	A,X,Y	A,P,Y	$5D,$5E	$98D2,$98DB,$98E1
1D	98D2	MapEventSystem_Entry_98D2	Direct call from $1D:$98C8		A,P		$98F9,$9906,$9916,$9926,$9935
1D	98DB	MapEventSystem_Entry_98DB	Direct call from $1D:$98CB		A,P		$98F9,$9906,$9916,$9926
1D	98E1	MapEventSystem_Entry_98E1	Direct call from $1D:$98CE		A,P		$98F9,$9906,$9916,$9926,$992F
1D	98F9	MapEventSystem_Entry_98F9	Direct call from $1D:$98D2; Direct call from $1D:$98DB; Direct call from $1D:$98E1	A,X	A,P,X	$5F,$60	
1D	9906	MapEventSystem_Entry_9906	Direct call from $1D:$98EF	A	A,P		
1D	9916	MapEventSystem_Entry_9916	Direct call from $1D:$98EA	A,X	A,P,X,Y		$D3E6
1D	9926	MapEventSystem_Entry_9926	Direct call from $1D:$98E7	A,Y	A,P,Y	$5F,$60	
1D	992F	MapEventSystem_Entry_992F	Direct call from $1D:$98E4	A,Y	A,P,Y	$5F,$60	
1D	9935	MapEventSystem_Entry_9935	Direct call from $1D:$98D5	A,Y	A,P	$5F,$60	
1D	995E	MapEventSystem_Entry_995E	Direct call from $1D:$9AEF; Direct call from $1D:$A24C; Direct call from $1D:$A2B1; Direct call from $1D:$A480; Direct call from $1D:$A5AA; Direct call from $1D:$A6F7; Direct call from $1D:$A732; Direct call from $1D:$A8D6; Direct call from $1D:$A8E9; Direct call from $1D:$A945; Direct call from $1D:$A9E2; Direct call from $1D:$AAA5; Direct call from $1D:$AAE3; Direct call from $1D:$AB08; Direct call from $1D:$AB7A; Direct call from $1D:$ABB0; Direct call from $1D:$AC9D; Direct call from $1D:$ADB8; Direct call from $1D:$AF13; Direct call from $1D:$B03D; Direct call from $1D:$B07E; Direct call from $1D:$B0E8; Direct call from $1D:$B123; Direct call from $1D:$B1BB; Direct call from $1D:$B3D7; Direct call from $1D:$B436		P		
1D	9963	MapEventSystem_Entry_9963	Direct call from $1D:$A712; Direct call from $1D:$B052; Direct call from $1D:$B057; Direct call from $1D:$B05C	A,X	P	$6F66+X,$6F86+X,$6FA6+X,$6FC6+X	
1D	9970	MapEventSystem_Entry_9970	Pointer $1D:$B62A (128-entry low-half map-event handler table selected by event ID and dispatched at $98AD)	A,X,Y	A,P,X,Y	$7060+X,$7080+X	
1D	99A5	MapEventSystem_Entry_99A5	Pointer $1D:$B62C (128-entry low-half map-event handler table selected by event ID and dispatched at $98AD)	A	A,P		$9B6B
1D	99D0	MapEventSystem_Entry_99D0	Pointer $1D:$B62E (128-entry low-half map-event handler table selected by event ID and dispatched at $98AD)	A	A,P		
1D	99DA	MapEventSystem_Entry_99DA	Pointer $1D:$B630 (128-entry low-half map-event handler table selected by event ID and dispatched at $98AD)		A,P		
1D	99E1	MapEventSystem_Entry_99E1	Pointer $1D:$B632 (128-entry low-half map-event handler table selected by event ID and dispatched at $98AD)	A	A,P		
1D	99F1	MapEventSystem_Entry_99F1	Pointer $1D:$B634 (128-entry low-half map-event handler table selected by event ID and dispatched at $98AD)	A,X	A,P,X	$627C	$9B6B
1D	9AC5	MapEventSystem_Entry_9AC5	Pointer $1D:$B636 (128-entry low-half map-event handler table selected by event ID and dispatched at $98AD)	A	A,P		
1D	9B2F	MapEventSystem_Entry_9B2F	Pointer $1D:$B638 (128-entry low-half map-event handler table selected by event ID and dispatched at $98AD)	A,X	A,P,X	$627C	$9B6B
1D	9B36	MapEventSystem_Entry_9B36	Pointer $1D:$B63A (128-entry low-half map-event handler table selected by event ID and dispatched at $98AD)	A,X	A,P,X	$627C	$9B6B
1D	9B3D	MapEventSystem_Entry_9B3D	Pointer $1D:$B63C (128-entry low-half map-event handler table selected by event ID and dispatched at $98AD)	A,X	A,P,X	$627C	$9B6B
1D	9B42	MapEventSystem_Entry_9B42	Pointer $1D:$B63E (128-entry low-half map-event handler table selected by event ID and dispatched at $98AD)	A	A,P		$A23A
1D	9B64	MapEventSystem_Entry_9B64	Pointer $1D:$B640 (128-entry low-half map-event handler table selected by event ID and dispatched at $98AD)	A,X	A,P,X	$627C	$9B6B
1D	9B6B	MapEventSystem_Entry_9B6B	Direct call from $1D:$99B8; Direct call from $1D:$9A35		A,P		
1D	9B77	MapEventSystem_Entry_9B77	Pointer $1D:$B642 (128-entry low-half map-event handler table selected by event ID and dispatched at $98AD)		P		
1D	9B81	MapEventSystem_Entry_9B81	Pointer $1D:$B644 (128-entry low-half map-event handler table selected by event ID and dispatched at $98AD)		P		
1D	9B83	MapEventSystem_Entry_9B83	Pointer $1D:$B646 (128-entry low-half map-event handler table selected by event ID and dispatched at $98AD)	A	A,P		
1D	9B93	MapEventSystem_Entry_9B93	Pointer $1D:$B648 (128-entry low-half map-event handler table selected by event ID and dispatched at $98AD)	A	A,P		
1D	9BA3	MapEventSystem_Entry_9BA3	Pointer $1D:$B64A (128-entry low-half map-event handler table selected by event ID and dispatched at $98AD)		P,Y		
1D	9BCE	MapEventSystem_Entry_9BCE	Pointer $1D:$B64C (128-entry low-half map-event handler table selected by event ID and dispatched at $98AD)		A,P		
1D	9BD3	MapEventSystem_Entry_9BD3	Pointer $1D:$B64E (128-entry low-half map-event handler table selected by event ID and dispatched at $98AD)		P		
1D	9BF7	MapEventSystem_Entry_9BF7	Pointer $1D:$B650 (128-entry low-half map-event handler table selected by event ID and dispatched at $98AD)	A	A,P		
1D	9C07	MapEventSystem_Entry_9C07	Pointer $1D:$B652 (128-entry low-half map-event handler table selected by event ID and dispatched at $98AD)		P		
1D	9C26	MapEventSystem_Entry_9C26	Pointer $1D:$B654 (128-entry low-half map-event handler table selected by event ID and dispatched at $98AD)	A,X	A,P,X		$9C40
1D	9C34	MapEventSystem_Entry_9C34	Direct call from $1D:$9C19	A,X	A,P,X		$9C40
1D	9C40	MapEventSystem_Entry_9C40	Direct call from $1D:$9C36	A,X	A,P		
1D	9C52	MapEventSystem_Entry_9C52	Pointer $1D:$B656 (128-entry low-half map-event handler table selected by event ID and dispatched at $98AD)	A,X	A,P,X	$6F60+X,$6F80+X,$6FA0+X,$6FC0+X	$9C93
1D	9C93	MapEventSystem_Entry_9C93	Direct call from $1D:$9C80	A,X	A,P,X	$3E,$6FA0+X,$6FC0+X,$7000+X	
1D	9CB4	MapEventSystem_Entry_9CB4	Direct ROM scan: JMP to fixed trampoline $C010		P		
1D	9CB7	MapEventSystem_Entry_9CB7	Pointer $1D:$B658 (128-entry low-half map-event handler table selected by event ID and dispatched at $98AD)	A	A,P		
1D	9CDD	MapEventSystem_Entry_9CDD	Pointer $1D:$B65A (128-entry low-half map-event handler table selected by event ID and dispatched at $98AD)	A,X	A,P,X		$9E2D,$9E42
1D	9D9D	MapEventSystem_Entry_9D9D	Inline service continuation: Nested BRK service $1F,$CB followed by JMP $9E20 in the $9D99 event path		P		
1D	9E05	MapEventSystem_Entry_9E05	Inline service continuation: Countdown/wait and clear loops after BRK service $05,$DF at $9E02, falling into decoded code at $9E20	A,Y	A,P,Y		
1D	9E2D	MapEventSystem_Entry_9E2D	Direct call from $1D:$9CEB; Direct call from $1D:$9CF1; Direct call from $1D:$9D10	A,X,Y	A,P,Y		
1D	9E42	MapEventSystem_Entry_9E42	Direct call from $1D:$9D00; Direct call from $1D:$9D06; Direct call from $1D:$9D29	A,X,Y	A,P,Y		
1D	9E53	MapEventSystem_Entry_9E53	Direct ROM analysis: Coherent coordinate-driven map-event routine with local calls at $9F51/$9F79; Direct call from $1D:$9D45	X,Y	A,P,X,Y		$9F79
1D	9F51	MapEventSystem_Entry_9F51	Direct call from $1D:$9E9F; Direct call from $1D:$9EAC; Direct call from $1D:$9EBC; Direct call from $1D:$9ECA; Direct call from $1D:$9EDA; Direct call from $1D:$9EE8; Direct call from $1D:$9F05; Direct call from $1D:$9F13; Direct call from $1D:$9F22; Direct call from $1D:$9F2F; Direct call from $1D:$9F3E; Direct call from $1D:$9F4B	X,Y	A,P,X,Y		
1D	9F79	MapEventSystem_Entry_9F79	Direct call from $1D:$9E5B; Direct call from $1D:$9E67; Direct call from $1D:$9E73; Direct call from $1D:$9E80		P		
1D	9F8F	MapEventSystem_Entry_9F8F	Direct ROM analysis: Coherent 24-byte graphics copy helper ending at RTS $9FB0; Direct call from $1D:$9D42		P,X,Y		
1D	9FF9	MapEventSystem_Entry_9FF9	Pointer $1D:$B65C (128-entry low-half map-event handler table selected by event ID and dispatched at $98AD)		P		
1D	A04E	MapEventSystem_Entry_A04E	Pointer $1D:$B65E (128-entry low-half map-event handler table selected by event ID and dispatched at $98AD)		P		
1D	A05D	MapEventSystem_Entry_A05D	Pointer $1D:$B660 (128-entry low-half map-event handler table selected by event ID and dispatched at $98AD)	A	A,P		
1D	A097	MapEventSystem_Entry_A097	Pointer $1D:$B662 (128-entry low-half map-event handler table selected by event ID and dispatched at $98AD)	A,X,Y	A,P,X,Y	$7060+Y,$7080+Y	$A0A5,$A23A
1D	A0A5	MapEventSystem_Entry_A0A5	Direct call from $1D:$A0A0	A,X,Y	A,P	$7060+Y,$7080+Y	
1D	A0B3	MapEventSystem_Entry_A0B3	Pointer $1D:$B664 (128-entry low-half map-event handler table selected by event ID and dispatched at $98AD)		P		
1D	A0C8	MapEventSystem_Entry_A0C8	Pointer $1D:$B666 (128-entry low-half map-event handler table selected by event ID and dispatched at $98AD)	A,X	A,P,X,Y	$54	
1D	A164	MapEventSystem_Entry_A164	Pointer $1D:$B668 (128-entry low-half map-event handler table selected by event ID and dispatched at $98AD)	A,X	A,P,X	$3E,$45,$6F80,$7001+X	$A179,$C007
1D	A176	MapEventSystem_Entry_A176	Direct ROM scan: JSR to fixed trampoline $C007	A,X	A,P,X	$7001+X	$C007
1D	A179	MapEventSystem_Entry_A179	Direct call from $1D:$A173	A,X	A,P,X	$7001+X	
1D	A18C	MapEventSystem_Entry_A18C	Pointer $1D:$B66A (128-entry low-half map-event handler table selected by event ID and dispatched at $98AD)	A,X	A,P,X	$70A0+X,$70C0+X,$7180+X	$C891
1D	A1AF	MapEventSystem_Entry_A1AF	Direct call from $1D:$ACB1; Direct call from $1D:$B8B3; Pointer $1D:$800C (21-entry mixed map-event service directory)	A,X,Y	A,P,Y	$00,$6F61+Y,$6F66+X,$6F81+Y,$6F86+X,$6FA1+Y,$6FA6+X,$6FC1+Y,$6FC6+X,$6FE1+Y,$7001+Y,$7021+Y	
1D	A1F5	MapEventSystem_Entry_A1F5	Pointer $1D:$B66C (128-entry low-half map-event handler table selected by event ID and dispatched at $98AD)	A	A,P		
1D	A1FD	MapEventSystem_Entry_A1FD	Pointer $1D:$B66E (128-entry low-half map-event handler table selected by event ID and dispatched at $98AD)	A	A,P		
1D	A204	MapEventSystem_Entry_A204	Pointer $1D:$B670 (128-entry low-half map-event handler table selected by event ID and dispatched at $98AD)	A,X	A,P,X	$7000+X	
1D	A213	MapEventSystem_Entry_A213	Pointer $1D:$B672 (128-entry low-half map-event handler table selected by event ID and dispatched at $98AD)	A,X,Y	A,P,X,Y	$0530,$0531,$0532,$0533,$7060+X,$7080+X	$98BD,$A21C
1D	A21C	MapEventSystem_Entry_A21C	Direct call from $1D:$A215	A,X,Y	A,P,X,Y	$0530,$0531,$0532,$0533,$7060+X,$7080+X	$98BD
1D	A23A	MapEventSystem_Entry_A23A	Direct call from $1D:$9B54; Direct call from $1D:$A033; Direct call from $1D:$A099; Direct call from $1D:$A68B; Direct call from $1D:$A866; Direct call from $1D:$AA48; Direct call from $1D:$AA89; Direct call from $1D:$AE33; Direct call from $1D:$AFC2; Direct call from $1D:$B036; Direct call from $1D:$B1FA; Direct call from $1D:$B330; Direct call from $1D:$B495; Direct call from $1D:$B4B7; Direct call from $1D:$B5C7; Direct call from $1D:$B5F2; Direct call from $1D:$B607	A	A,P	$0530,$0531,$0532,$0533	
1D	A24C	MapEventSystem_Entry_A24C	Pointer $1D:$B674 (128-entry low-half map-event handler table selected by event ID and dispatched at $98AD)		P		$995E
1D	A25A	MapEventSystem_Entry_A25A	Pointer $1D:$8014 (21-entry mixed map-event service directory)		P		
1D	A27A	MapEventSystem_Entry_A27A	Pointer $1D:$B676 (128-entry low-half map-event handler table selected by event ID and dispatched at $98AD)	A,X	A,P,X		
1D	A2A8	MapEventSystem_Entry_A2A8	Inline service continuation: Conditional branch resumes after BRK service $0E,$EB,$04 at $A2A4	A	A,P	$51	
1D	A2AA	MapEventSystem_Entry_A2AA	Direct ROM analysis: Dormant event branch skipped by BRK service $0E,$EB at $A2A4; calls local helper $A2F3 and rejoins at $A296		P		
1D	A2F3	MapEventSystem_Entry_A2F3	Direct call from $1D:$A2CA; Direct call from $1D:$A2D0	A,X,Y	A,P	$6F60+X,$6F80+X,$6FA0+X,$6FC0+X,$7040+X	
1D	A30C	MapEventSystem_Entry_A30C	Pointer $1D:$B678 (128-entry low-half map-event handler table selected by event ID and dispatched at $98AD)	A,X	A,P,X,Y		$A313
1D	A313	MapEventSystem_Entry_A313	Direct call from $1D:$A30E	A,X	A,P,X,Y		
1D	A321	MapEventSystem_Entry_A321	Pointer $1D:$B67A (128-entry low-half map-event handler table selected by event ID and dispatched at $98AD)	A	A,P	$55,$56,$57,$58	
1D	A343	MapEventSystem_Entry_A343	Pointer $1D:$B67C (128-entry low-half map-event handler table selected by event ID and dispatched at $98AD)	A,X	A,P,X	$7000+X	
1D	A352	MapEventSystem_Entry_A352	Pointer $1D:$B67E (128-entry low-half map-event handler table selected by event ID and dispatched at $98AD)	A	A,P		
1D	A367	MapEventSystem_Entry_A367	Pointer $1D:$B680 (128-entry low-half map-event handler table selected by event ID and dispatched at $98AD)	A,X	A,P,X	$6F41,$6F46,$6F47,$7046+X	
1D	A38E	MapEventSystem_Entry_A38E	Pointer $1D:$B682 (128-entry low-half map-event handler table selected by event ID and dispatched at $98AD)	A	A,P	$054E,$054F,$6F47	
1D	A39D	MapEventSystem_Entry_A39D	Pointer $1D:$B684 (128-entry low-half map-event handler table selected by event ID and dispatched at $98AD)	A,X,Y	A,P,X,Y	$3E,$44,$45,$6F60,$6F80,$7000,$7000+X	
1D	A3DA	MapEventSystem_Entry_A3DA	Pointer $1D:$B686 (128-entry low-half map-event handler table selected by event ID and dispatched at $98AD)		P		
1D	A416	MapEventSystem_Entry_A416	Pointer $1D:$B688 (128-entry low-half map-event handler table selected by event ID and dispatched at $98AD)	A,X	A,P,X	$0530,$0531,$0532,$0533,$6FE0,$7000	$A42F,$C8EC,$D7F1
1D	A42F	MapEventSystem_Entry_A42F	Direct call from $1D:$A42A	A	A,P	$0530,$0531,$0532,$0533	
1D	A443	MapEventSystem_Entry_A443	Pointer $1D:$B68A (128-entry low-half map-event handler table selected by event ID and dispatched at $98AD)	A	A,P	$7021	
1D	A44D	MapEventSystem_Entry_A44D	Pointer $1D:$B68C (128-entry low-half map-event handler table selected by event ID and dispatched at $98AD)		P		$B73E
1D	A45B	MapEventSystem_Entry_A45B	Pointer $1D:$B68E (128-entry low-half map-event handler table selected by event ID and dispatched at $98AD)	A	A,P		
1D	A4A8	MapEventSystem_Entry_A4A8	Pointer $1D:$B690 (128-entry low-half map-event handler table selected by event ID and dispatched at $98AD)	A,X,Y	A,P,X,Y	$0530,$0531,$0532,$0533,$51,$6F61,$6F81,$7001	$A509,$A51F
1D	A509	MapEventSystem_Entry_A509	Direct call from $1D:$A4EB; Direct call from $1D:$B16B	A	A,P	$3E,$44,$45,$6F60,$6F80	
1D	A51F	MapEventSystem_Entry_A51F	Direct call from $1D:$A4E8	A,X,Y	A,P,Y	$6F66+X,$6F86+X,$6FA6+X,$6FC6+X,$7021+Y	
1D	A53E	MapEventSystem_Entry_A53E	Pointer $1D:$B692 (128-entry low-half map-event handler table selected by event ID and dispatched at $98AD)	A	A,P		
1D	A549	MapEventSystem_Entry_A549	Pointer $1D:$B694 (128-entry low-half map-event handler table selected by event ID and dispatched at $98AD)	A,X,Y	A,P,X,Y	$6F66+X,$6F66+Y,$6F86+X,$6F86+Y,$6FA6+X,$6FA6+Y,$6FC6+X,$6FC6+Y,$7046+X	
1D	A588	MapEventSystem_Entry_A588	Pointer $1D:$B696 (128-entry low-half map-event handler table selected by event ID and dispatched at $98AD)	A,X,Y	A,P,X,Y	$7046+X	
1D	A5A7	MapEventSystem_Entry_A5A7	Pointer $1D:$B698 (128-entry low-half map-event handler table selected by event ID and dispatched at $98AD)	A,Y	A,P,X,Y		$995E
1D	A612	MapEventSystem_Entry_A612	Direct call from $1D:$A5E7	A	A,P,X	$00,$01	$C662
1D	A64D	MapEventSystem_Entry_A64D	Pointer $1D:$B69A (128-entry low-half map-event handler table selected by event ID and dispatched at $98AD)		P,X		
1D	A671	MapEventSystem_Entry_A671	Pointer $1D:$B69C (128-entry low-half map-event handler table selected by event ID and dispatched at $98AD)	A,X	A,P,X	$0515,$7046+X,$70E6+X	$A23A
1D	A6D6	MapEventSystem_Entry_A6D6	Pointer $1D:$B69E (128-entry low-half map-event handler table selected by event ID and dispatched at $98AD)	A,X	A,P,X	$7040+X	
1D	A6DF	MapEventSystem_Entry_A6DF	Pointer $1D:$B6A0 (128-entry low-half map-event handler table selected by event ID and dispatched at $98AD)		A,P		
1D	A6EA	MapEventSystem_Entry_A6EA	Pointer $1D:$B6A2 (128-entry low-half map-event handler table selected by event ID and dispatched at $98AD)	A	A,P	$7000	$995E
1D	A724	MapEventSystem_Entry_A724	Pointer $1D:$B6A4 (128-entry low-half map-event handler table selected by event ID and dispatched at $98AD)	A,X	A,P,X	$7046+X	
1D	A732	MapEventSystem_Entry_A732	Pointer $1D:$B6A6 (128-entry low-half map-event handler table selected by event ID and dispatched at $98AD)		P		$995E
1D	A765	MapEventSystem_Entry_A765	Pointer $1D:$B6A8 (128-entry low-half map-event handler table selected by event ID and dispatched at $98AD)		P		
1D	A7A4	MapEventSystem_Entry_A7A4	Direct call from $1D:$A07E; Direct call from $1D:$A790		A,P		
1D	A7B1	MapEventSystem_Entry_A7B1	Pointer $1D:$B6AA (128-entry low-half map-event handler table selected by event ID and dispatched at $98AD)	A,X,Y	A,P,X,Y	$0527,$0593,$0594	
1D	A7E8	MapEventSystem_Entry_A7E8	Inline service continuation: Nested service and entity-flag update path after BRK service $0E,$DB,$F7 at $A7E4	Y	P		
1D	A7F7	MapEventSystem_Entry_A7F7	Direct call from $1D:$A7F2	A,X	A,P	$7006+X	
1D	A801	MapEventSystem_Entry_A801	Pointer $1D:$B6AC (128-entry low-half map-event handler table selected by event ID and dispatched at $98AD)		P		
1D	A817	MapEventSystem_Entry_A817	Pointer $1D:$B6AE (128-entry low-half map-event handler table selected by event ID and dispatched at $98AD)		P		
1D	A858	MapEventSystem_Entry_A858	Pointer $1D:$B6B0 (128-entry low-half map-event handler table selected by event ID and dispatched at $98AD)		P		
1D	A874	MapEventSystem_Entry_A874	Direct call from $1D:$A86D	A,X,Y	A,P	$7006+X,$7046+X,$7066+X,$7086+X	
1D	A893	MapEventSystem_Entry_A893	Pointer $1D:$B6B2 (128-entry low-half map-event handler table selected by event ID and dispatched at $98AD)	A	A,P	$7000	
1D	A8CE	MapEventSystem_Entry_A8CE	Direct call from $1D:$A8C7	A	A,P,X		$995E,$D1F3
1D	A90D	MapEventSystem_Entry_A90D	Direct call from $1D:$A8B3; Direct call from $1D:$A8B8	A,X,Y	A,P	$6F66+X,$6F86+X,$6FA6+X	
1D	A93B	MapEventSystem_Entry_A93B	Pointer $1D:$B6B4 (128-entry low-half map-event handler table selected by event ID and dispatched at $98AD)	A	A,P		$995E
1D	A968	MapEventSystem_Entry_A968	Pointer $1D:$B6B6 (128-entry low-half map-event handler table selected by event ID and dispatched at $98AD)	A	A,P		
1D	A97B	MapEventSystem_Entry_A97B	Direct call from $1D:$A951; Direct call from $1D:$A970; Pointer $1D:$8012 (21-entry mixed map-event service directory)	A,X	A,P,X,Y	$058E,$45	$D3E6
1D	A9A3	MapEventSystem_Entry_A9A3	Pointer $1D:$B6B8 (128-entry low-half map-event handler table selected by event ID and dispatched at $98AD)	A,X,Y	A,P,X,Y	$059A,$059B	
1D	A9C1	MapEventSystem_Entry_A9C1	Pointer $1D:$B6BA (128-entry low-half map-event handler table selected by event ID and dispatched at $98AD)	A,X	A,P,X	$7046+X	
1D	A9CA	MapEventSystem_Entry_A9CA	Pointer $1D:$B6BC (128-entry low-half map-event handler table selected by event ID and dispatched at $98AD)	A,X	A,P,X	$7046+X	
1D	A9D8	MapEventSystem_Entry_A9D8	Pointer $1D:$B6BE (128-entry low-half map-event handler table selected by event ID and dispatched at $98AD)	A	A,P	$7000	$995E
1D	AA1B	MapEventSystem_Entry_AA1B	Direct call from $1D:$AA08; Direct call from $1D:$AB56	A	A,P	$0530	
1D	AA2A	MapEventSystem_Entry_AA2A	Pointer $1D:$B6C0 (128-entry low-half map-event handler table selected by event ID and dispatched at $98AD)	A,X,Y	A,P,X,Y	$7040+X,$7060+X,$7080+X	$98BD,$A23A
1D	AA4D	MapEventSystem_Entry_AA4D	Pointer $1D:$B6C2 (128-entry low-half map-event handler table selected by event ID and dispatched at $98AD)	A	A,P	$0530	
1D	AA52	MapEventSystem_Entry_AA52	Pointer $1D:$8022 (21-entry mixed map-event service directory)		P		
1D	AA72	MapEventSystem_Entry_AA72	Pointer $1D:$B6C4 (128-entry low-half map-event handler table selected by event ID and dispatched at $98AD)	A,X,Y	A,P,X,Y	$7040+X,$71A0+X,$71C0+X	$A23A
1D	AA9F	MapEventSystem_Entry_AA9F	Pointer $1D:$B6C6 (128-entry low-half map-event handler table selected by event ID and dispatched at $98AD)	A	A,P	$059C	$995E
1D	AABF	MapEventSystem_Entry_AABF	Pointer $1D:$B6C8 (128-entry low-half map-event handler table selected by event ID and dispatched at $98AD)	A,X	A,P,X	$7000,$7000+X	$995E
1D	AAF6	MapEventSystem_Entry_AAF6	Pointer $1D:$B6CA (128-entry low-half map-event handler table selected by event ID and dispatched at $98AD)	A,X	A,P,X	$7000,$7006+X	$995E
1D	AB98	MapEventSystem_Entry_AB98	Pointer $1D:$B6CC (128-entry low-half map-event handler table selected by event ID and dispatched at $98AD)	A,X	A,P,X	$6FE6+X,$7006+X	$D1F3
1D	ABC8	MapEventSystem_Entry_ABC8	Pointer $1D:$B6CE (128-entry low-half map-event handler table selected by event ID and dispatched at $98AD)	A,X	A,P,X	$6F62,$6F66+X,$6F82,$6F86+X,$6FA2,$6FA6+X,$6FC2,$6FC6+X,$7002,$7006+X,$7046+X	
1D	AC0B	MapEventSystem_Entry_AC0B	Pointer $1D:$B6D0 (128-entry low-half map-event handler table selected by event ID and dispatched at $98AD)	A,X	A,P,X,Y	$058E,$3D,$44,$45	$D3E6
1D	AC60	MapEventSystem_Entry_AC60	Pointer $1D:$B6D2 (128-entry low-half map-event handler table selected by event ID and dispatched at $98AD)		P		
1D	AC6A	MapEventSystem_Entry_AC6A	Pointer $1D:$B6D4 (128-entry low-half map-event handler table selected by event ID and dispatched at $98AD)	A,X	A,P,X	$70E0+X	
1D	AC9A	MapEventSystem_Entry_AC9A	Pointer $1D:$B6D6 (128-entry low-half map-event handler table selected by event ID and dispatched at $98AD)	A	A,P		$995E
1D	ACC8	MapEventSystem_Entry_ACC8	Pointer $1D:$B6D8 (128-entry low-half map-event handler table selected by event ID and dispatched at $98AD)		P		
1D	ACD2	MapEventSystem_Entry_ACD2	Pointer $1D:$B6DA (128-entry low-half map-event handler table selected by event ID and dispatched at $98AD)	A,X	A,P,X	$6F66+X,$6F86+X,$6FA6+X,$6FC6+X,$6FE6+X,$7021	
1D	ACF5	MapEventSystem_Entry_ACF5	Pointer $1D:$B6DC (128-entry low-half map-event handler table selected by event ID and dispatched at $98AD)		P		
1D	ACFF	MapEventSystem_Entry_ACFF	Pointer $1D:$B6DE (128-entry low-half map-event handler table selected by event ID and dispatched at $98AD)	A	A,P	$44,$45,$62ED	$C5C5
1D	AD1A	MapEventSystem_Entry_AD1A	Pointer $1D:$B6E0 (128-entry low-half map-event handler table selected by event ID and dispatched at $98AD)	A,X	A,P,X	$0530,$0531,$0532,$0533,$0554,$0555	
1D	AD4C	MapEventSystem_Entry_AD4C	Pointer $1D:$B6E2 (128-entry low-half map-event handler table selected by event ID and dispatched at $98AD)	A,X	A,P,X	$7046+X	
1D	AD73	MapEventSystem_Entry_AD73	Pointer $1D:$B6E4 (128-entry low-half map-event handler table selected by event ID and dispatched at $98AD)	A,X	A,P,X	$0200+X	$C543,$C90C,$DFF1,$E501
1D	AD9E	MapEventSystem_Entry_AD9E	Pointer $1D:$B6E6 (128-entry low-half map-event handler table selected by event ID and dispatched at $98AD)	A	A,P		
1D	ADD8	MapEventSystem_Entry_ADD8	Direct ROM scan: JSR to fixed trampoline $C016	X	P,X		$AE11,$C004,$C016
1D	ADDC	MapEventSystem_Entry_ADDC	Direct ROM scan: JSR to fixed trampoline $C004	X	P,X		$AE11,$C004
1D	AE0C	MapEventSystem_Entry_AE0C	Inline service continuation: PLA/restore/return tail after BRK service $00,$DB,$7F at $AE08	A	A,P	$51	
1D	AE11	MapEventSystem_Entry_AE11	Direct call from $1D:$ADE1	A,X	A,P	$0509	$FF74
1D	AE31	MapEventSystem_Entry_AE31	Pointer $1D:$B6E8 (128-entry low-half map-event handler table selected by event ID and dispatched at $98AD)		A,P		$A23A
1D	AE38	MapEventSystem_Entry_AE38	Pointer $1D:$B6EA (128-entry low-half map-event handler table selected by event ID and dispatched at $98AD)	A	A,P		
1D	AE57	MapEventSystem_Entry_AE57	Pointer $1D:$B6EC (128-entry low-half map-event handler table selected by event ID and dispatched at $98AD)	A,X	A,P,X	$0530,$0531,$0532,$0533,$0563,$0564,$0565,$6C0C,$7046+X	
1D	AEBF	MapEventSystem_Entry_AEBF	Pointer $1D:$B6EE (128-entry low-half map-event handler table selected by event ID and dispatched at $98AD)	A,Y	A,P,X,Y	$70E0+Y	
1D	AED3	MapEventSystem_Entry_AED3	Pointer $1D:$B6F0 (128-entry low-half map-event handler table selected by event ID and dispatched at $98AD)	A,X	A,P,X	$7046+X	
1D	AEDC	MapEventSystem_Entry_AEDC	Pointer $1D:$B6F2 (128-entry low-half map-event handler table selected by event ID and dispatched at $98AD)	A,X	A,P,X		
1D	AF06	MapEventSystem_Entry_AF06	Pointer $1D:$B6F4 (128-entry low-half map-event handler table selected by event ID and dispatched at $98AD)	A	A,P	$7000	$995E
1D	AF50	MapEventSystem_Entry_AF50	Pointer $1D:$B6F6 (128-entry low-half map-event handler table selected by event ID and dispatched at $98AD)	Y	A,P,X,Y		
1D	AF5C	MapEventSystem_Entry_AF5C	Pointer $1D:$B6F8 (128-entry low-half map-event handler table selected by event ID and dispatched at $98AD)		P		
1D	AF61	MapEventSystem_Entry_AF61	Pointer $1D:$B6FA (128-entry low-half map-event handler table selected by event ID and dispatched at $98AD)	A,X	A,P,X	$0530,$0531,$0532,$0533,$0563	
1D	AF85	MapEventSystem_Entry_AF85	Pointer $1D:$B6FC (128-entry low-half map-event handler table selected by event ID and dispatched at $98AD)	A	A,P		
1D	AF97	MapEventSystem_Entry_AF97	Pointer $1D:$B6FE (128-entry low-half map-event handler table selected by event ID and dispatched at $98AD)	A	A,P	$51	$B16B
1D	AFB8	MapEventSystem_Entry_AFB8	Pointer $1D:$B700 (128-entry low-half map-event handler table selected by event ID and dispatched at $98AD)	A	A,P	$0531	$A23A
1D	AFCA	MapEventSystem_Entry_AFCA	Pointer $1D:$B702 (128-entry low-half map-event handler table selected by event ID and dispatched at $98AD)	A,X,Y	A,P,X,Y	$7000,$7000+X	
1D	B001	MapEventSystem_Entry_B001	Direct call from $1D:$B023; Direct call from $1D:$B02A; Direct call from $1D:$B031	A,X,Y	A,P	$7060+X,$7080+X	
1D	B00F	MapEventSystem_Entry_B00F	Pointer $1D:$B704 (128-entry low-half map-event handler table selected by event ID and dispatched at $98AD)	A	A,P,X,Y		$A23A,$B001
1D	B03D	MapEventSystem_Entry_B03D	Pointer $1D:$B706 (128-entry low-half map-event handler table selected by event ID and dispatched at $98AD)		P		$995E
1D	B073	MapEventSystem_Entry_B073	Pointer $1D:$B708 (128-entry low-half map-event handler table selected by event ID and dispatched at $98AD)	A	A,P	$0515	$C5C5
1D	B08F	MapEventSystem_Entry_B08F	Pointer $1D:$B70A (128-entry low-half map-event handler table selected by event ID and dispatched at $98AD)	A,X	A,P,X	$3E,$44,$45,$6F60+X,$6F80+X,$7000+X	
1D	B0CE	MapEventSystem_Entry_B0CE	Pointer $1D:$B70C (128-entry low-half map-event handler table selected by event ID and dispatched at $98AD)		P		
1D	B0F6	MapEventSystem_Entry_B0F6	Pointer $1D:$B70E (128-entry low-half map-event handler table selected by event ID and dispatched at $98AD)		P		
1D	B16B	MapEventSystem_Entry_B16B	Direct call from $1D:$9AE9; Direct call from $1D:$A019; Direct call from $1D:$A2AE; Direct call from $1D:$A33E; Direct call from $1D:$A47A; Direct call from $1D:$ADB5; Direct call from $1D:$AFA0; Direct call from $1D:$B0E2; Direct call from $1D:$B10A; Direct call from $1D:$B2A5; Direct call from $1D:$B490; Direct call from $1D:$B51F; Direct call from $1D:$B572	A,X	A,P,X	$6F60+X,$6F80+X,$7000+X	$A509
1D	B18D	MapEventSystem_Entry_B18D	Pointer $1D:$B710 (128-entry low-half map-event handler table selected by event ID and dispatched at $98AD)	A	A,P		
1D	B1AC	MapEventSystem_Entry_B1AC	Pointer $1D:$B712 (128-entry low-half map-event handler table selected by event ID and dispatched at $98AD)	A	A,P	$3D,$7000	$995E
1D	B1DA	MapEventSystem_Entry_B1DA	Pointer $1D:$B714 (128-entry low-half map-event handler table selected by event ID and dispatched at $98AD)	A,X	A,P,X	$7046+X	$A23A
1D	B201	MapEventSystem_Entry_B201	Pointer $1D:$B716 (128-entry low-half map-event handler table selected by event ID and dispatched at $98AD)		P		
1D	B288	MapEventSystem_Entry_B288	Pointer $1D:$B718 (128-entry low-half map-event handler table selected by event ID and dispatched at $98AD)	A	A,P		$B16B
1D	B2AC	MapEventSystem_Entry_B2AC	Inline service continuation: Nested BRK service $62,$23,$40 path restoring $51 and returning before entry $B2CD		P		
1D	B2CD	MapEventSystem_Entry_B2CD	Pointer $1D:$B71A (128-entry low-half map-event handler table selected by event ID and dispatched at $98AD)	A,X,Y	A,P,X,Y	$6F66+X,$6FA6+X,$7000+Y,$71A0+Y,$71C0+Y	
1D	B308	MapEventSystem_Entry_B308	Pointer $1D:$B71C (128-entry low-half map-event handler table selected by event ID and dispatched at $98AD)	A,X	A,P,X	$7046+X,$71A6+X,$71C6+X	$A23A
1D	B337	MapEventSystem_Entry_B337	Pointer $1D:$B71E (128-entry low-half map-event handler table selected by event ID and dispatched at $98AD)	A,X	A,P,X	$0530,$0531,$0532,$0533,$0563,$0564	
1D	B367	MapEventSystem_Entry_B367	Pointer $1D:$B720 (128-entry low-half map-event handler table selected by event ID and dispatched at $98AD)	A,X	A,P,X	$7180+X	
1D	B377	MapEventSystem_Entry_B377	Pointer $1D:$B722 (128-entry low-half map-event handler table selected by event ID and dispatched at $98AD)	A	A,P	$6C0C	
1D	B3E9	MapEventSystem_Entry_B3E9	Direct call from $1D:$B3DA; Pointer $1D:$8016 (21-entry mixed map-event service directory)	A,X	A,P,X	$0554+X,$0558,$0559,$055A	
1D	B406	MapEventSystem_Entry_B406	Pointer $1D:$B724 (128-entry low-half map-event handler table selected by event ID and dispatched at $98AD)	A,X	A,P,X	$7180+X	
1D	B433	MapEventSystem_Entry_B433	Pointer $1D:$B726 (128-entry low-half map-event handler table selected by event ID and dispatched at $98AD)	A	A,P		$995E
1D	B479	MapEventSystem_Entry_B479	Pointer $1D:$B728 (128-entry low-half map-event handler table selected by event ID and dispatched at $98AD)	A	A,P		
1D	B48C	MapEventSystem_Entry_B48C	Pointer $1D:$B72A (Ten-entry high-half map-event handler table selected by event ID and dispatched at $98BA)	A,X	A,P,X	$0531,$7046+X	$A23A,$B16B
1D	B4B1	MapEventSystem_Entry_B4B1	Pointer $1D:$B72C (Ten-entry high-half map-event handler table selected by event ID and dispatched at $98BA)		A,P		$A23A
1D	B4E3	MapEventSystem_Entry_B4E3	Direct call from $1D:$B4C3		P		$B4E7
1D	B4E7	MapEventSystem_Entry_B4E7	Direct call from $1D:$B4CA; Direct call from $1D:$B4CF; Direct call from $1D:$B4D4; Direct call from $1D:$B4D9; Direct call from $1D:$B4E3		P		
1D	B4F6	MapEventSystem_Entry_B4F6	Pointer $1D:$B72E (Ten-entry high-half map-event handler table selected by event ID and dispatched at $98BA)	A,X	A,P,X	$51	$B16B
1D	B54E	MapEventSystem_Entry_B54E	Pointer $1D:$B730 (Ten-entry high-half map-event handler table selected by event ID and dispatched at $98BA)	A	A,P		
1D	B5D5	MapEventSystem_Entry_B5D5	Pointer $1D:$B732 (Ten-entry high-half map-event handler table selected by event ID and dispatched at $98BA)	A	A,P		
1D	B5E2	MapEventSystem_Entry_B5E2	Pointer $1D:$B734 (Ten-entry high-half map-event handler table selected by event ID and dispatched at $98BA)	A	A,P		$A23A
1D	B5F9	MapEventSystem_Entry_B5F9	Pointer $1D:$B736 (Ten-entry high-half map-event handler table selected by event ID and dispatched at $98BA)	A	A,P		$A23A
1D	B60E	MapEventSystem_Entry_B60E	Pointer $1D:$B738 (Ten-entry high-half map-event handler table selected by event ID and dispatched at $98BA)		A,P		
1D	B616	MapEventSystem_Entry_B616	Pointer $1D:$B73A (Ten-entry high-half map-event handler table selected by event ID and dispatched at $98BA)	A	A,P	$51	$B95C
1D	B61F	MapEventSystem_Entry_B61F	Pointer $1D:$B73C (Ten-entry high-half map-event handler table selected by event ID and dispatched at $98BA)		P		$FDFB
1D	B73E	MapEventSystem_Entry_B73E	Direct call from $1D:$A44D; Pointer $1D:$800E (21-entry mixed map-event service directory)	A,X,Y	A,P,X,Y		
1D	B78A	MapEventSystem_Entry_B78A	Inline service continuation: Coherent map-event code resumes after BRK service $52,$73 at $B787 and rejoins decoded code at $B893	A,X,Y	A,P,X,Y		
1D	B8A2	MapEventSystem_Entry_B8A2	Inline service continuation: Entity update and return-to-parser path after BRK service $0D,$87 at $B89F	A,X,Y	A,P,X,Y		$A1AF
1D	B904	MapEventSystem_Entry_B904	Pointer $1D:$8010 (21-entry mixed map-event service directory)	A,X,Y	A,P,X,Y		
1D	B95C	MapEventSystem_Entry_B95C	Direct call from $1D:$B616		P		
1D	B980	MapEventSystem_Entry_B980	Direct call from $1D:$B96E	A,Y	A,P,X,Y	$3E,$45,$5E,$5F,$60	$BB09,$BB3C,$C001,$C90C
1D	B99B	MapEventSystem_Entry_B99B	Direct ROM scan: JSR to fixed trampoline $C001	A,Y	A,P,X,Y	$3E,$45,$5E,$5F,$60	$BB09,$BB3C,$C001,$C90C
1D	B9D5	MapEventSystem_Entry_B9D5	Direct ROM analysis: WaitForNmi loop polling $0513 between the bounded delay table and entry $B9DE; Direct call from $1D:$B95F		A,P		$FF74
1D	B9DE	MapEventSystem_Entry_B9DE	Direct call from $1D:$B968	A,X,Y	A,P,X,Y	$02E0+X,$0300+Y,$0301+Y,$0302+Y,$0303+Y,$050B	$C62D
1D	BA1A	MapEventSystem_Entry_BA1A	Inline service continuation: Sprite-command setup resumes after BRK service $09,$EF at $BA17 and rejoins decoded code at $BA60		A,P,X,Y		
1D	BA74	MapEventSystem_Entry_BA74	Direct call from $1D:$BA57; Direct call from $1D:$BA5A; Direct call from $1D:$BA5D; Direct call from $1D:$BA60	A,Y	A,P,Y		$BA80
1D	BA80	MapEventSystem_Entry_BA80	Direct call from $1D:$BA74; Direct call from $1D:$BA77	A,X,Y	A,P,X	$0200+X,$0201+X,$0202+X,$0203+X	
1D	BAEB	MapEventSystem_Entry_BAEB	Direct call from $1D:$B96B	A,X	A,P,X	$0520,$3D,$3E,$5E,$5F,$60,$7800+X	
1D	BB09	MapEventSystem_Entry_BB09	Direct call from $1D:$B99E	A,X	A,P,X	$0200+X	
1D	BB3C	MapEventSystem_Entry_BB3C	Direct call from $1D:$B9A1	A,X,Y	A,P,X,Y	$02F5+Y,$1F	$BB69
1D	BB69	MapEventSystem_Entry_BB69	Direct call from $1D:$BB46; Direct call from $1D:$BB4B; Direct call from $1D:$BB55; Direct call from $1D:$BB5A	A,X,Y	A,P,X,Y	$0300+Y,$0301+Y,$0302+Y,$0303+Y,$0304+Y,$0305+Y,$0306+Y,$0307+Y,$0308+Y,$0309+Y,$030A+Y,$050B	
1D	BBF4	MapEventSystem_Entry_BBF4	Pointer $1D:$800A (21-entry mixed map-event service directory)	A	A,P	$1F	$BC13,$BC5D,$BC9C,$C62D
1D	BC13	MapEventSystem_Entry_BC13	Direct call from $1D:$BBFA	A,X,Y	A,P,X,Y	$0300,$0301,$0302,$0303+X,$0304+X,$0305+X,$0306+X,$050B,$49,$4A	
1D	BC5D	MapEventSystem_Entry_BC5D	Direct call from $1D:$BC06	A,X,Y	A,P,X,Y	$0300,$0301,$0302,$0303+X,$0304+X,$0305+X,$0306+X,$050B	
1D	BC9C	MapEventSystem_Entry_BC9C	Direct call from $1D:$BBF7	A	A,P	$49,$4A	
1D	BD69	MapEventSystem_Entry_BD69	Pointer $1D:$8026 (21-entry mixed map-event service directory)	A	A,P	$1B	$BD87,$BDAF,$BDB8,$BDE0,$BF0A
1D	BD6D	MapEventSystem_Entry_BD6D	Pointer $1D:$8028 (21-entry mixed map-event service directory)	A	A,P	$1B	$BD87,$BDAF,$BDB8,$BDE0,$BF0A
1D	BD71	MapEventSystem_Entry_BD71	Pointer $1D:$8024 (21-entry mixed map-event service directory)	A	A,P	$1B	$BD87,$BDAF,$BDB8,$BDE0,$BF0A
1D	BD87	MapEventSystem_Entry_BD87	Direct call from $1D:$BD75	A,X	A,P,X	$00,$01,$1C	$C662
1D	BDAF	MapEventSystem_Entry_BDAF	Direct call from $1D:$BD78		A,P		$C62D
1D	BDB8	MapEventSystem_Entry_BDB8	Direct call from $1D:$BD7B	A	A,P	$01,$03,$16,$17	
1D	BDE0	MapEventSystem_Entry_BDE0	Direct call from $1D:$BD7E	A,Y	A,P,X,Y	$04,$17,$18,$19,$1C,$1D	$BE0F,$BE38,$BE8E
1D	BE0F	MapEventSystem_Entry_BE0F	Direct call from $1D:$BDEF; Direct call from $1D:$BDF5	A,X,Y	A,P,X,Y	$02,$0300+X,$050A,$050B	
1D	BE38	MapEventSystem_Entry_BE38	Direct call from $1D:$BDF2; Direct call from $1D:$BDF8	A,X,Y	A,P,X,Y	$02,$0300+X,$050A,$050B,$1C,$1D	
1D	BE8E	MapEventSystem_Entry_BE8E	Direct call from $1D:$BE01	A,X	A,P,X	$04,$18,$19,$1A,$1C,$1D	$BEC4,$C6BF
1D	BEC4	MapEventSystem_Entry_BEC4	Direct call from $1D:$BEAB	A,X	A,P,X	$0300+X,$0302+X,$050A,$050B	
1D	BF0A	MapEventSystem_Entry_BF0A	Direct call from $1D:$BD81	A,X,Y	A,P,X,Y	$0300+X,$0301+X,$0302+X,$0303+X,$04,$05,$050A,$050B,$0E,$0F	
1E	8090	Bank1E_MapInteractionServices	Pointer $1E:$8028 (72-entry map and entity interaction service directory)		P		
1E	8126	MapInteractionSystem_Entry_8126	Direct call from $1E:$80C1; Direct call from $1E:$80E5	A,X	A,P,X		
1E	81AE	MapInteractionSystem_Entry_81AE	Direct call from $1E:$80BE; Direct call from $1E:$83D9; Direct call from $1E:$BAD7; Direct call from $1E:$BB63	A,X	A,P,X	$51,$52	
1E	81B8	MapInteractionSystem_Entry_81B8	Direct call from $1E:$80E2	A,X	A,P,X	$51,$52	
1E	8308	MapInteractionSystem_Entry_8308	Direct call from $1E:$829B; Direct call from $1E:$82BA; Direct call from $1E:$82D9; Direct call from $1E:$82F8	A	A,P	$F9	
1E	832D	MapInteractionSystem_Entry_832D	Direct call from $1E:$82A2; Direct call from $1E:$82C1; Direct call from $1E:$82E0; Direct call from $1E:$82FF	A	A,P	$F9,$FA	
1E	8346	MapInteractionSystem_Entry_8346	Pointer $1E:$806A (72-entry map and entity interaction service directory)	A	A,P		$835D,$83D9,$D1F3
1E	835D	MapInteractionSystem_Entry_835D	Direct call from $1E:$8356; Direct call from $1E:$8F5D; Direct call from $1E:$B331		P		
1E	83D9	MapInteractionSystem_Entry_83D9	Direct call from $1E:$8346; Direct call from $1E:$B35D; Direct call from $1E:$BAEE; Direct call from $1E:$BB0D; Pointer $1E:$8088 (72-entry map and entity interaction service directory)	A,X	A,P,X,Y		$81AE,$D3E6
1E	83EC	MapInteractionSystem_Entry_83EC	Direct ROM analysis: Coherent entity-operation routine called from the nearby handler at $835D and branching to decoded code at $84B6; Direct call from $1E:$8366; Direct call from $1E:$83BA	A,X	A,P,X		
1E	83FE	MapInteractionSystem_Entry_83FE	Direct ROM analysis: Adjacent BRK-driven entity handler after RTS $83FD with local helper calls and branches to $84B6		P		
1E	84B6	MapInteractionSystem_Entry_84B6	Direct call from $1E:$9C07		P		$C8CC
1E	84BC	MapInteractionSystem_Entry_84BC	Direct call from $1E:$8494	A,X	P,X	$0530,$0531,$0532,$0533	
1E	84CC	MapInteractionSystem_Entry_84CC	Direct call from $1E:$8410; Direct call from $1E:$842D; Direct call from $1E:$8447; Direct call from $1E:$8461; Direct call from $1E:$8470	A,X	A,P,X		
1E	84DB	MapInteractionSystem_Entry_84DB	Direct call from $1E:$8426; Direct call from $1E:$8440; Direct call from $1E:$845A		P		
1E	84F0	MapInteractionSystem_Entry_84F0	Pointer $1E:$8000 (72-entry map and entity interaction service directory)		P		
1E	84F3	MapInteractionSystem_Entry_84F3	Direct call from $1E:$8594	A,X	A,P,X	$3C,$55	$8547,$B157,$CBB4,$D542,$D7D5,$E06E,$FF74
1E	8547	MapInteractionSystem_Entry_8547	Direct call from $1E:$852A	A,X	A,P,X	$7020+X	$C007,$C010
1E	8554	MapInteractionSystem_Entry_8554	Direct ROM scan: JSR to fixed trampoline $C010	A,X	A,P,X	$7020+X	$C007,$C010
1E	8557	MapInteractionSystem_Entry_8557	Direct ROM scan: JSR to fixed trampoline $C007	A,X	A,P,X	$7020+X	$C007
1E	855A	MapInteractionSystem_Entry_855A	Direct call from $1E:$86F9; Pointer $1E:$8008 (72-entry map and entity interaction service directory)	A,X	A,P,X	$7020+X	
1E	856E	MapInteractionSystem_Entry_856E	Direct call from $1E:$8591; Pointer $1E:$800A (72-entry map and entity interaction service directory)	A,X	A,P	$7020+X	
1E	8577	MapInteractionSystem_Entry_8577	Pointer $1E:$8010 (72-entry map and entity interaction service directory)		P		
1E	8589	MapInteractionSystem_Entry_8589	Direct ROM scan: JSR to fixed trampoline $C007	A	A,P,X	$0597,$3C	$84F3,$856E,$85A4,$C007,$C013
1E	858C	MapInteractionSystem_Entry_858C	Direct ROM scan: JSR to fixed trampoline $C013	A	A,P,X	$0597,$3C	$84F3,$856E,$85A4,$C013
1E	85A4	MapInteractionSystem_Entry_85A4	Direct call from $1E:$8597	A,X,Y	A,P,X,Y	$060A,$42,$43,$6195,$6196,$6197,$6198,$65,$6F60,$6F61,$6F62,$6F63,$6F64,$6F65,$6F66,$6F67,$6F68,$6F69,$6F80,$6F81,$6F82,$6F83,$6F84,$6F85,$6F86,$6F87,$6F88,$6F89,$6FA1,$6FA2,$6FA3,$6FA4,$6FA5,$6FA6,$6FA7,$6FA8,$6FA9,$6FC1,$6FC2,$6FC3,$6FC4,$6FC5,$6FC6,$6FC7,$6FC8,$6FC9,$6FE9,$7007,$7008,$7009,$7029,$7169	$85EC,$9C51,$C5B9,$C5C5,$D804,$FF74
1E	85EC	MapInteractionSystem_Entry_85EC	Direct call from $1E:$85E6; Direct call from $1E:$864C	A,X	A,P,X	$51,$6FE9,$7007+X	$C90C,$D804,$E06E
1E	861E	MapInteractionSystem_Entry_861E	Pointer $1E:$8030 (72-entry map and entity interaction service directory)	A	A,P,X	$060A,$6F87,$6F88,$6FE9,$7007,$7008,$7009,$7029,$7169	$85EC,$9C13,$C5B9,$D804,$FF74
1E	8676	MapInteractionSystem_Entry_8676	Pointer $1E:$8036 (72-entry map and entity interaction service directory)		P		
1E	86AD	MapInteractionSystem_Entry_86AD	Pointer $1E:$805E (72-entry map and entity interaction service directory)		P		
1E	86DD	MapInteractionSystem_Entry_86DD	Direct call from $1E:$8698; Direct call from $1E:$869B		P		$D7D5,$E06E
1E	86E6	MapInteractionSystem_Entry_86E6	Direct call from $1E:$8695	A,X	A,P,X		$855A,$C007,$C010,$C013
1E	86F3	MapInteractionSystem_Entry_86F3	Direct ROM scan: JSR to fixed trampoline $C010		P		$855A,$C007,$C010,$C013
1E	86F6	MapInteractionSystem_Entry_86F6	Direct ROM scan: JSR to fixed trampoline $C007		P		$855A,$C007,$C013
1E	86FC	MapInteractionSystem_Entry_86FC	Direct ROM scan: JSR to fixed trampoline $C013		P		$C013
1E	8700	MapInteractionSystem_Entry_8700	Pointer $1E:$8042 (72-entry map and entity interaction service directory)	A	A,P	$62AA	$894A,$8A0D,$90EF,$AABB,$C004,$C016,$FF74
1E	872C	MapInteractionSystem_Entry_872C	Direct ROM scan: JSR to fixed trampoline $C016	A	A,P		$90EF,$AABB,$C004,$C016
1E	8730	MapInteractionSystem_Entry_8730	Direct ROM scan: JSR to fixed trampoline $C004	A	A,P		$90EF,$AABB,$C004
1E	8795	MapInteractionSystem_Entry_8795	Direct call from $1E:$8763	A	A,P,X,Y	$46	$8A68,$8A9A,$D3E6
1E	87AE	MapInteractionSystem_Entry_87AE	Direct call from $1E:$8743	A,X	A,P,X	$058E,$058F,$7B	$87D7,$880C,$8870,$8928,$C62D
1E	87D7	MapInteractionSystem_Entry_87D7	Direct call from $1E:$87CB	A,X,Y	A,P,X,Y	$0203+Y,$0508	
1E	880C	MapInteractionSystem_Entry_880C	Direct call from $1E:$87C3	A,X,Y	A,P,X,Y	$00,$01,$0300+X,$0301+X,$0302+X,$0303+X,$0304+X,$0305+X,$0306+X,$050B	$C662
1E	8870	MapInteractionSystem_Entry_8870	Direct call from $1E:$87BE	A,Y	A,P,Y	$0509	
1E	888A	MapInteractionSystem_Entry_888A	Direct call from $1E:$8771; Direct call from $1E:$8916	A,X	A,P,X	$0200+X,$7D	
1E	88A2	MapInteractionSystem_Entry_88A2	Direct call from $1E:$8786	A,X	A,P,X	$45,$7B,$7C	$88EE
1E	88EE	MapInteractionSystem_Entry_88EE	Direct call from $1E:$88C6	A,X,Y	A,P,X,Y	$3E	$888A,$8928,$C001,$FF74
1E	891C	MapInteractionSystem_Entry_891C	Direct ROM scan: JSR to fixed trampoline $C001	A,X,Y	A,P,X,Y		$888A,$8928,$C001,$FF74
1E	8928	MapInteractionSystem_Entry_8928	Direct call from $1E:$87C6; Direct call from $1E:$8919	A,X	A,P,X	$0200+X	
1E	894A	MapInteractionSystem_Entry_894A	Direct call from $1E:$8703	A,X	A,P,X,Y	$49,$4A	$8986
1E	8986	MapInteractionSystem_Entry_8986	Direct call from $1E:$896E; Direct call from $1E:$8975	A,X,Y	A,P,X,Y	$3D,$44,$45,$64,$7E,$7F	
1E	8A0D	MapInteractionSystem_Entry_8A0D	Direct call from $1E:$8729		A,P		$8A68,$8A9A,$A800,$A84C,$DFF1,$FF74
1E	8A48	MapInteractionSystem_Entry_8A48	Direct call from $1E:$8789	A,Y	A,P,Y	$46,$57	$8A68,$8A9A,$A800,$A814,$A829,$A846
1E	8A68	MapInteractionSystem_Entry_8A68	Direct call from $1E:$8799; Direct call from $1E:$8A11; Direct call from $1E:$8A4C	A,X	A,P,X	$03,$04,$07,$08,$46,$47,$57,$7140,$7141,$7142,$7143	
1E	8A9A	MapInteractionSystem_Entry_8A9A	Direct call from $1E:$879C; Direct call from $1E:$8A14; Direct call from $1E:$8A58	A,X,Y	A,P,X,Y	($07),Y,$04	$C81D
1E	8ABC	MapInteractionSystem_Entry_8ABC	Direct call from $1E:$ADB3; Direct call from $1E:$AEE8; Direct call from $1E:$B00E	A,X	A,P,X	$51,$52,$53,$55	$8AFB,$C78C,$FF74
1E	8AFB	MapInteractionSystem_Entry_8AFB	Direct call from $1E:$8ADA; Direct call from $1E:$8ADD; Direct call from $1E:$8AE0; Direct call from $1E:$8AE3	A,Y	A,P,Y	$0200+Y	
1E	8B15	MapInteractionSystem_Entry_8B15	Direct call from $1E:$ADA7		P		
1E	8B28	MapInteractionSystem_Entry_8B28	Direct call from $1E:$8B21	A,X	A,P,X,Y	$51	$8B38
1E	8B2A	MapInteractionSystem_Entry_8B2A	Direct call from $1E:$BAA6	A,X	A,P,X	$51	$8B38
1E	8B38	MapInteractionSystem_Entry_8B38	Direct call from $1E:$8B31	A,Y	A,P	$0508+Y	$FF74
1E	8B4C	MapInteractionSystem_Entry_8B4C	Direct ROM analysis: Coherent map-animation routine family after the terminal JMP at $8B49, ending before lookup data at $8BCE; Direct call from $1E:$8B24	A,X	A,P,X	$51,$52,$7B+X	$8B6B,$8BAF,$FF74
1E	8B59	MapInteractionSystem_Entry_8B59	Direct ROM analysis: Dormant LDA #$00 initializer skipped by the forced branch at $8B57; Direct call from $1E:$8B1B	A	A,P	$51,$52	$8B6B,$8BAF,$FF74
1E	8B6B	MapInteractionSystem_Entry_8B6B	Direct call from $1E:$8B60	A,X	A,P,X		$8B81,$C78C
1E	8B81	MapInteractionSystem_Entry_8B81	Direct call from $1E:$8B7A	A,X,Y	A,P,X	$0200+Y,$0204+Y,$0208+Y,$020C+Y,$7B+X	
1E	8BAF	MapInteractionSystem_Entry_8BAF	Direct call from $1E:$8B5D	A	A,P	$51	
1E	8BB4	MapInteractionSystem_Entry_8BB4	Direct ROM analysis: Coherent map-animation table initializer after RTS $8BB3; loop ends at RTS $8BD0; Direct call from $1E:$8B18	A,X,Y	A,P,X,Y	$59+X,$7B+X	$C78C
1E	8C48	MapInteractionSystem_Entry_8C48	Direct call from $1E:$ADC9	A,X,Y	A,P,X,Y	$51,$53,$54,$55,$56,$57,$58	$8CAD,$8CE9,$C5BF,$C90C,$FF74
1E	8C51	MapInteractionSystem_Entry_8C51	Direct call from $1E:$AEDD	A,X,Y	A,P,X,Y	$51,$53,$54,$55,$56,$57,$58	$8CAD,$8CE9,$C5BF,$C90C,$FF74
1E	8C84	MapInteractionSystem_Entry_8C84	Pointer $1E:$8060 (72-entry map and entity interaction service directory)	A,X,Y	A,P,X,Y	$51,$53	$8CAD,$FF74
1E	8CAD	MapInteractionSystem_Entry_8CAD	Direct call from $1E:$8C9E	A,X,Y	A,P,X,Y	$0200+Y,$0204+Y,$0208+Y,$020C+Y,$52	$C78C
1E	8CE9	MapInteractionSystem_Entry_8CE9	Direct call from $1E:$8C5A	A,X,Y	A,P,X	$0200+Y,$0204+Y,$0208+Y,$020C+Y	$C78C
1E	8D0D	MapInteractionSystem_Entry_8D0D	Pointer $1E:$807A (72-entry map and entity interaction service directory)		P,Y		$8D18,$8D2C
1E	8D18	MapInteractionSystem_Entry_8D18	Direct call from $1E:$8D0F; Direct call from $1E:$8D4A	A,X,Y	A,P	$7020+X	
1E	8D2C	MapInteractionSystem_Entry_8D2C	Direct call from $1E:$8D12	A,X,Y	A,P	$7020+X	
1E	8D5C	MapInteractionSystem_Entry_8D5C	Pointer $1E:$807E (72-entry map and entity interaction service directory)	A,X,Y	A,P,X,Y	$00,$03	$C73E,$C770
1E	8EC5	MapInteractionSystem_Entry_8EC5	Pointer $1E:$8002 (72-entry map and entity interaction service directory)		P		$959B
1E	8EC8	MapInteractionSystem_Entry_8EC8	Pointer $1E:$8064 (72-entry map and entity interaction service directory)		P		
1E	8ED6	MapInteractionSystem_Entry_8ED6	Pointer $1E:$803C (72-entry map and entity interaction service directory)	A	P		
1E	8EE5	MapInteractionSystem_Entry_8EE5	Direct call from $1E:$8EDC; Direct call from $1E:$ADC6	A	P		
1E	8EEA	MapInteractionSystem_Entry_8EEA	Direct call from $1E:$86C8; Direct call from $1E:$86D1; Pointer $1E:$8062 (72-entry map and entity interaction service directory)	A	A,P	$0527,$41	$9083
1E	8F63	MapInteractionSystem_Entry_8F63	Direct call from $1E:$8F0C	A,X	A,P,X	$0541	$D3E6
1E	8F6B	MapInteractionSystem_Entry_8F6B	Direct call from $1E:$8F21	A,X	A,P,X		
1E	8F7A	MapInteractionSystem_Entry_8F7A	Direct call from $1E:$8F11	X	P,X		$8F85
1E	8F85	MapInteractionSystem_Entry_8F85	Direct call from $1E:$8F7C	A,X,Y	A,P,X	$0200+Y,$0204+Y,$0208+Y,$020C+Y	$C78C
1E	8FA5	MapInteractionSystem_Entry_8FA5	Direct call from $1E:$8ECC		P,X		
1E	8FBB	MapInteractionSystem_Entry_8FBB	Direct call from $1E:$9043	Y	P	$71	
1E	8FDF	MapInteractionSystem_Entry_8FDF	Direct call from $1E:$8ECF	A	A,P		
1E	8FEB	MapInteractionSystem_Entry_8FEB	Direct call from $1E:$9140	A,X,Y	A,P,X,Y	$0530,$0531,$0532,$0533	
1E	906C	MapInteractionSystem_Entry_906C	Direct call from $1E:$9143		P,X		
1E	907B	MapInteractionSystem_Entry_907B	Pointer $1E:$800C (72-entry map and entity interaction service directory)	A	A,P		$959B
1E	9083	MapInteractionSystem_Entry_9083	Direct call from $1E:$8EF7; Direct call from $1E:$A47A; Pointer $1E:$8086 (72-entry map and entity interaction service directory)	A	A,P	$3D	$9090,$90C8
1E	9090	MapInteractionSystem_Entry_9090	Direct ROM scan: JSR to fixed trampoline $C016; Direct call from $1E:$9088; Pointer $1E:$8034 (72-entry map and entity interaction service directory)		A,P		$C004,$C016,$C54E,$C5AF
1E	9097	MapInteractionSystem_Entry_9097	Direct ROM scan: JSR to fixed trampoline $C004		A,P		$C004,$C54E
1E	90A8	MapInteractionSystem_Entry_90A8	Pointer $1E:$8038 (72-entry map and entity interaction service directory)	A	A,P,X,Y	$46,$47	$90EF,$A16B,$C004,$C016,$D3E6,$FF74
1E	90AB	MapInteractionSystem_Entry_90AB	Direct ROM scan: JSR to fixed trampoline $C016	A	A,P,X,Y	$46,$47	$90EF,$A16B,$C004,$C016,$D3E6
1E	90AF	MapInteractionSystem_Entry_90AF	Direct ROM scan: JSR to fixed trampoline $C004	A	A,P,X,Y	$46,$47	$90EF,$A16B,$C004,$D3E6
1E	90C8	MapInteractionSystem_Entry_90C8	Direct call from $1E:$908C; Direct call from $1E:$9147; Pointer $1E:$8078 (72-entry map and entity interaction service directory)	A	A,P	$0539	$90E2,$90EF,$958A,$AAB4,$ACEA,$C00A,$C54E,$E501
1E	90E2	MapInteractionSystem_Entry_90E2	Direct call from $1E:$90D2; Direct call from $1E:$90DB		P		$C5AF
1E	90EF	MapInteractionSystem_Entry_90EF	Direct call from $1E:$8733; Direct call from $1E:$90B5; Direct call from $1E:$90C9	A	A,P	$6F60,$6F80,$6FA0,$6FC0	
1E	9100	MapInteractionSystem_Entry_9100	Pointer $1E:$801A (72-entry map and entity interaction service directory)		P		
1E	9155	MapInteractionSystem_Entry_9155	Pointer $1E:$8004 (72-entry map and entity interaction service directory)	A,X,Y	A,P,X,Y	$44,$45,$6281,$64,$6F60+X,$6FA0+X,$EC	$91E1,$9290
1E	91E1	MapInteractionSystem_Entry_91E1	Direct call from $1E:$9161	A,X	A,P,X	$6F42	
1E	9290	MapInteractionSystem_Entry_9290	Direct call from $1E:$91A2	A	A,P		$C5C5
1E	92E3	MapInteractionSystem_Entry_92E3	Direct call from $1E:$B02A; Pointer $1E:$807C (72-entry map and entity interaction service directory)	A	A,P		$92EC,$94A4,$94D7,$94FC,$951C,$C5BF
1E	92EC	MapInteractionSystem_Entry_92EC	Direct call from $1E:$92E3; Direct call from $1E:$AED7; Pointer $1E:$8066 (72-entry map and entity interaction service directory)	A	A,P	$62ED	
1E	9485	MapInteractionSystem_Entry_9485	Direct call from $1E:$984F; Direct call from $1E:$AEE0	A	A,P		$94A4,$94D7,$94FC,$951C
1E	94A4	MapInteractionSystem_Entry_94A4	Direct call from $1E:$949D		P		
1E	94D7	MapInteractionSystem_Entry_94D7	Direct call from $1E:$94A0	A	A,P		
1E	94FC	MapInteractionSystem_Entry_94FC	Direct call from $1E:$9497		A,P		
1E	951C	MapInteractionSystem_Entry_951C	Direct call from $1E:$9494		P		
1E	955F	MapInteractionSystem_Entry_955F	Direct call from $1E:$94C3; Pointer $1E:$8070 (72-entry map and entity interaction service directory)		P		
1E	9567	MapInteractionSystem_Entry_9567	Direct call from $1E:$94F5; Pointer $1E:$8072 (72-entry map and entity interaction service directory)		P		
1E	956F	MapInteractionSystem_Entry_956F	Direct call from $1E:$9515		P		
1E	9582	MapInteractionSystem_Entry_9582	Direct call from $1E:$9558		P		
1E	958A	MapInteractionSystem_Entry_958A	Direct call from $1E:$90DE; Direct call from $1E:$9465; Direct call from $1E:$A1CC; Pointer $1E:$8006 (72-entry map and entity interaction service directory)	A	A,P	$0539	$C00A,$C54E,$E501
1E	9592	MapInteractionSystem_Entry_9592	Direct ROM scan: JSR to fixed trampoline $C00A		P		$C00A,$E501
1E	959B	MapInteractionSystem_Entry_959B	Direct call from $1E:$8EC5; Direct call from $1E:$907C		A,P		
1E	95A9	MapInteractionSystem_Entry_95A9	Direct call from $1E:$A465	A,X	A,P,X	$053A+X,$6FA0+X,$6FC0+X,$6FE1,$6FE2,$6FE3,$6FE4,$6FE5,$7000,$7020,$7020+X,$7021,$7022,$7023,$7024,$7025,$70E1,$70E2,$70E3,$70E4,$70E5	$95B7,$9648,$AAFF,$B157,$C58F
1E	95B7	MapInteractionSystem_Entry_95B7	Direct call from $1E:$96BA; Direct call from $1E:$AB90	A,X	A,P,X	$6FE0+X,$70E0+X	
1E	9648	MapInteractionSystem_Entry_9648	Direct call from $1E:$95A9; Direct call from $1E:$A211; Direct call from $1E:$ADE1; Direct call from $1E:$AE0D; Pointer $1E:$8032 (72-entry map and entity interaction service directory)		P,X		$966C,$C5AF
1E	966C	MapInteractionSystem_Entry_966C	Direct call from $1E:$8FC2; Direct call from $1E:$8FCA; Direct call from $1E:$8FD8; Direct call from $1E:$964D; Direct call from $1E:$9655; Direct call from $1E:$965D; Direct call from $1E:$9665; Direct call from $1E:$97C2; Direct call from $1E:$97CF; Direct call from $1E:$97DC; Direct call from $1E:$97E9; Direct call from $1E:$9B53; Pointer $1E:$8046 (72-entry map and entity interaction service directory)	A,X	A,P		$AAFF
1E	96B1	MapInteractionSystem_Entry_96B1	Inline service continuation: Coherent map initialization code resumes after BRK service $29,$73 at $96AE and returns at $9798	A	A,P		
1E	96B7	MapInteractionSystem_Entry_96B7	Direct ROM analysis: Adjacent map-state initialization routine after RTS $96B6; calls the decoded service entry at $9799; Direct call from $1E:$9459	A,X,Y	A,P,X,Y	$6FE1,$6FE2,$6FE3,$6FE4,$6FE5,$6FE6,$6FE7,$6FE8,$6FE9,$6FEA,$6FEB,$6FEC,$6FED,$6FEE,$6FEF,$6FF0,$6FF1,$7000+X,$7020+X,$7026,$7027,$7028,$7029,$702A,$702A+X,$702B,$702C,$702D,$702E,$702F,$7030,$7031,$7160+X	$95B7,$9799
1E	9799	MapInteractionSystem_Entry_9799	Direct call from $1E:$96B7; Direct call from $1E:$A203; Direct call from $1E:$AE07; Pointer $1E:$8020 (72-entry map and entity interaction service directory)		P		
1E	97B8	MapInteractionSystem_Entry_97B8	Direct call from $1E:$848B; Direct call from $1E:$957C; Direct call from $1E:$9821; Direct call from $1E:$9E76; Direct call from $1E:$B074; Pointer $1E:$8076 (72-entry map and entity interaction service directory)	X	A,P,X		$966C,$AB6B
1E	97F5	MapInteractionSystem_Entry_97F5	Direct call from $1E:$A217; Direct call from $1E:$ADE4; Direct call from $1E:$AE10		P,X		$D804
1E	980E	MapInteractionSystem_Entry_980E	Direct call from $1E:$9B5B; Pointer $1E:$804C (72-entry map and entity interaction service directory)	Y	P,X		$D804
1E	9817	MapInteractionSystem_Entry_9817	Direct call from $1E:$8ED2; Direct call from $1E:$92F9	A	A,P	$6296	$97B8
1E	9825	MapInteractionSystem_Entry_9825	Direct call from $1E:$8EDF	A,X	A,P,X		$991F
1E	9846	MapInteractionSystem_Entry_9846	Direct call from $1E:$94BD; Direct call from $1E:$94EF; Direct call from $1E:$9507; Direct call from $1E:$9552; Direct call from $1E:$9B6E; Direct call from $1E:$9D71		P		
1E	984C	MapInteractionSystem_Entry_984C	Pointer $1E:$802C (72-entry map and entity interaction service directory)	A,X	A,P,X	$0518,$51,$52,$53,$60,$70	$9485,$9902,$9956,$997F,$9A30,$9A3C,$9A46,$9A52,$9A60,$9A85,$9ACA,$9B08,$9B1C,$9E6B
1E	9902	MapInteractionSystem_Entry_9902	Direct call from $1E:$98DB	A,X	A,P,X		$991F,$C891
1E	991F	MapInteractionSystem_Entry_991F	Direct call from $1E:$983B; Direct call from $1E:$9915	A,X	A,P	$6BE7+X	
1E	9939	MapInteractionSystem_Entry_9939	Direct call from $1E:$98A1; Direct call from $1E:$98AD	A,X,Y	A,P,Y	$6F6A+Y,$6F8A+Y,$6FAA+Y,$6FCA+Y,$6FE9+Y,$700A+Y,$702A+Y	
1E	9956	MapInteractionSystem_Entry_9956	Direct call from $1E:$98BE	A,X,Y	A,P,X,Y	$627F	
1E	997F	MapInteractionSystem_Entry_997F	Direct call from $1E:$98BB	A,X,Y	A,P,X,Y	$0054+Y,$58,$59	$B157
1E	99BD	MapInteractionSystem_Entry_99BD	Pointer $1E:$800E (72-entry map and entity interaction service directory)	A,X,Y	A,P,X,Y	$053E+X,$053E+Y,$0542,$51,$52,$53,$70	$966C,$99E1,$9A85,$AB6B,$B157
1E	99E1	MapInteractionSystem_Entry_99E1	Direct call from $1E:$99D5; Direct call from $1E:$99D8	A,X,Y	A,P,X,Y	$52,$53,$627F,$6F	$B157
1E	9A30	MapInteractionSystem_Entry_9A30	Direct call from $1E:$98ED	A	A,P	$6F	$B157
1E	9A3C	MapInteractionSystem_Entry_9A3C	Direct call from $1E:$98DE	A,X	A,P	$51	
1E	9A46	MapInteractionSystem_Entry_9A46	Direct call from $1E:$98F0	A	A,P	$6F	$B157
1E	9A52	MapInteractionSystem_Entry_9A52	Direct call from $1E:$98E1	A,X	A,P	$52	
1E	9A60	MapInteractionSystem_Entry_9A60	Direct call from $1E:$98E4	A,X	A,P	$52,$53	
1E	9A85	MapInteractionSystem_Entry_9A85	Direct call from $1E:$98FB; Direct call from $1E:$99DB	A,X,Y	A,P,X,Y	$05FD+X	$C5B9,$FF74
1E	9ACA	MapInteractionSystem_Entry_9ACA	Direct call from $1E:$98E7	A,X	A,P	$52,$53,$60,$627F	
1E	9B08	MapInteractionSystem_Entry_9B08	Direct call from $1E:$98EA	A,X	A,P		$B157
1E	9B1C	MapInteractionSystem_Entry_9B1C	Direct call from $1E:$98FE	A,X,Y	A,P,X,Y	$053E+X,$053E+Y,$0542,$51	$966C,$AB6B,$B157
1E	9C13	MapInteractionSystem_Entry_9C13	Direct call from $1E:$861E; Pointer $1E:$805C (72-entry map and entity interaction service directory)	A,X,Y	A,P,X,Y	$42,$43,$6195,$6196,$6197,$6198,$65,$6F60,$6F61,$6F62,$6F63,$6F64,$6F65,$6F66,$6F67,$6F68,$6F69,$6F80,$6F81,$6F82,$6F83,$6F84,$6F85,$6F86,$6F87,$6F88,$6F89,$6FA1,$6FA2,$6FA3,$6FA4,$6FA5,$6FA6,$6FA7,$6FA8,$6FA9,$6FC1,$6FC2,$6FC3,$6FC4,$6FC5,$6FC6,$6FC7,$6FC8,$6FC9	$9C51,$C5C5
1E	9C51	MapInteractionSystem_Entry_9C51	Direct call from $1E:$9C31	A,X,Y	A,P,Y	$42,$43,$6195,$6196,$6197,$6198,$62E5,$62E6,$65,$6F60,$6F61,$6F62,$6F63,$6F64,$6F65,$6F66,$6F67,$6F68,$6F69,$6F80,$6F81,$6F82,$6F83,$6F84,$6F85,$6F86,$6F87,$6F88,$6F89,$6FA1,$6FA2,$6FA3,$6FA4,$6FA5,$6FA6,$6FA7,$6FA8,$6FA9,$6FC1,$6FC2,$6FC3,$6FC4,$6FC5,$6FC6,$6FC7,$6FC8,$6FC9	$C5C5
1E	9D05	MapInteractionSystem_Entry_9D05	Direct call from $1E:$98B3	A,X	A,P,X	$7000,$700A,$700B	$9D8A,$9D93,$9E08
1E	9D8A	MapInteractionSystem_Entry_9D8A	Direct call from $1E:$9D08		P		$9D93,$9DA2
1E	9D93	MapInteractionSystem_Entry_9D93	Direct call from $1E:$9D0F; Direct call from $1E:$9D8D		P	$3C	$CBB4,$D7D5,$E06E,$FF74
1E	9D96	MapInteractionSystem_Entry_9D96	Direct call from $1E:$9E36		P	$3C	$CBB4,$D7D5,$FF74
1E	9DA2	MapInteractionSystem_Entry_9DA2	Direct call from $1E:$9D8A	A	A,P,X		$9DBD
1E	9DBD	MapInteractionSystem_Entry_9DBD	Direct call from $1E:$9DAA; Direct call from $1E:$9DB0	A,X,Y	A,P,X,Y	$51,$6F60+X,$6F80+X,$7000+X	$DC4B
1E	9E08	MapInteractionSystem_Entry_9E08	Direct call from $1E:$9D05	A,X	A,P,X	$71AA,$71AB,$71CA,$71CB	
1E	9E2F	MapInteractionSystem_Entry_9E2F	Direct call from $1E:$98A4; Direct call from $1E:$98B0		P		
1E	9E3F	MapInteractionSystem_Entry_9E3F	Direct call from $1E:$950A; Direct call from $1E:$9BED; Direct call from $1E:$B136; Pointer $1E:$8016 (72-entry map and entity interaction service directory)	A,X	A,P,X	$00	
1E	9E6B	MapInteractionSystem_Entry_9E6B	Direct call from $1E:$984C	X	P,X	$6296	$97B8
1E	9E7A	MapInteractionSystem_Entry_9E7A	Direct call from $1E:$A640		A,P		
1E	9E8C	MapInteractionSystem_Entry_9E8C	Direct call from $1E:$8363; Direct call from $1E:$8398; Direct call from $1E:$83A2; Direct call from $1E:$83AC; Direct call from $1E:$83B7; Direct call from $1E:$B9C0; Direct call from $1E:$B9C9; Direct call from $1E:$BA2D; Direct call from $1E:$BA39; Pointer $1E:$8012 (72-entry map and entity interaction service directory)	A,X	A,P,X,Y	$00,$01,$02,$5F,$60	$9E92,$9F40,$C727
1E	9E92	MapInteractionSystem_Entry_9E92	Direct call from $1E:$9E8C	A,Y	A,P	($04),Y	$9EA2
1E	9EA2	MapInteractionSystem_Entry_9EA2	Direct call from $1E:$9E93	A,X,Y	A,P,X,Y	$02,$03,$04,$05	$C813,$C81D,$C827
1E	9F40	MapInteractionSystem_Entry_9F40	Direct call from $1E:$9F21; Direct call from $1E:$9F26; Direct call from $1E:$9F2D; Direct call from $1E:$9F32	Y	A,P,Y		
1E	9F47	MapInteractionSystem_Entry_9F47	Pointer $1E:$8022 (72-entry map and entity interaction service directory)	A,X,Y	A,P,X,Y	($49),Y,$00,$01,$02+Y,$05,$0572,$06,$07,$49,$4A,$6E5E+X	$A046,$E66F,$E67B
1E	A02E	MapInteractionSystem_Entry_A02E	Direct call from $1E:$8751	A,X	A,P,X	$0572,$6E5E+X	
1E	A046	MapInteractionSystem_Entry_A046	Direct call from $1E:$9F48; Direct call from $1E:$A1E8; Pointer $1E:$803A (72-entry map and entity interaction service directory)	A,X,Y	A,P,X,Y	$49,$4A,$6E5E+X	$C81D,$C827
1E	A0A7	MapInteractionSystem_Entry_A0A7	Pointer $1E:$8040 (72-entry map and entity interaction service directory)		P		$A0B1,$A155
1E	A0B1	MapInteractionSystem_Entry_A0B1	Direct call from $1E:$A0AA	A,X,Y	A,P,X,Y	$49,$4A	$A13A,$A145,$C807
1E	A13A	MapInteractionSystem_Entry_A13A	Direct call from $1E:$A10E; Direct call from $1E:$A12B	A	A,P	$49,$4A	
1E	A145	MapInteractionSystem_Entry_A145	Direct call from $1E:$A0F8; Direct call from $1E:$A10B; Direct call from $1E:$A111; Direct call from $1E:$A128; Direct call from $1E:$A12E	A,X,Y	A,P	($49),Y	
1E	A155	MapInteractionSystem_Entry_A155	Direct call from $1E:$A0A7; Direct call from $1E:$A184	A	A,P,X,Y	$49,$4A	$C827
1E	A16B	MapInteractionSystem_Entry_A16B	Direct call from $1E:$875A; Direct call from $1E:$90B2; Pointer $1E:$8052 (72-entry map and entity interaction service directory)	A,X,Y	A,P,X,Y	($4B),Y,$00,$4B,$4C,$7837	$A155,$B3ED
1E	A1C9	MapInteractionSystem_Entry_A1C9	Direct call from $1E:$B877; Pointer $1E:$802A (72-entry map and entity interaction service directory)		P		$958A,$A1D2
1E	A1D2	MapInteractionSystem_Entry_A1D2	Direct call from $1E:$A1C9; Pointer $1E:$803E (72-entry map and entity interaction service directory)	A	A,P	$0553,$6BDE	$A046,$C54E,$C5AF,$C5C5
1E	A232	MapInteractionSystem_Entry_A232	Direct call from $1E:$849D; Direct call from $1E:$9B71; Direct call from $1E:$A21D; Direct call from $1E:$A470; Pointer $1E:$808A (72-entry map and entity interaction service directory)	A	A,P	$0599	
1E	A25C	MapInteractionSystem_Entry_A25C	Pointer $1E:$8026 (72-entry map and entity interaction service directory)	A,X	A,P,X	$16	$A289
1E	A280	MapInteractionSystem_Entry_A280	Direct call from $1E:$A209; Pointer $1E:$8054 (72-entry map and entity interaction service directory)		P		$A296
1E	A289	MapInteractionSystem_Entry_A289	Direct call from $1E:$9456; Direct call from $1E:$A276		P		$A296
1E	A296	MapInteractionSystem_Entry_A296	Direct call from $1E:$A280; Direct call from $1E:$A289	A,X,Y	A,P,X,Y	$05FD+X	$A2A8
1E	A2A8	MapInteractionSystem_Entry_A2A8	Direct call from $1E:$A296; Pointer $1E:$805A (72-entry map and entity interaction service directory)	A,X,Y	A,P,X,Y	$05FD	
1E	A34F	MapInteractionSystem_Entry_A34F	Pointer $1E:$8018 (72-entry map and entity interaction service directory)		P		$A684,$A690
1E	A3BA	MapInteractionSystem_Entry_A3BA	Pointer $1E:$8044 (72-entry map and entity interaction service directory)	A,X	A,P		$A615
1E	A447	MapInteractionSystem_Entry_A447	Direct call from $1E:$A42C; Direct call from $1E:$A43C	A	A,P		
1E	A44D	MapInteractionSystem_Entry_A44D	Direct call from $1E:$A424; Direct call from $1E:$A434	A	A,P		
1E	A461	MapInteractionSystem_Entry_A461	Direct call from $1E:$A3C9	A	A,P	$41	$95A9
1E	A480	MapInteractionSystem_Entry_A480	Direct call from $1E:$A38B	A,X	A,P,X	$00,$01,$6290	
1E	A4A3	MapInteractionSystem_Entry_A4A3	Pointer $1E:$A499 (Five-entry chapter map-interaction handler table selected by SaveCurrentChapterMinus1 and dispatched at $A496)		A,P,X,Y		$A547
1E	A4B3	MapInteractionSystem_Entry_A4B3	Pointer $1E:$A49B (Five-entry chapter map-interaction handler table selected by SaveCurrentChapterMinus1 and dispatched at $A496)	A	A,P,X,Y	$6282	$A547
1E	A4C4	MapInteractionSystem_Entry_A4C4	Pointer $1E:$A49D (Five-entry chapter map-interaction handler table selected by SaveCurrentChapterMinus1 and dispatched at $A496)	A	A,P,X,Y	$6282	$A547
1E	A4D5	MapInteractionSystem_Entry_A4D5	Pointer $1E:$A49F (Five-entry chapter map-interaction handler table selected by SaveCurrentChapterMinus1 and dispatched at $A496)		P		$C54E
1E	A4F5	MapInteractionSystem_Entry_A4F5	Direct call from $1E:$A3CC	A,X	A,P,X	$6FE0,$6FE6+X	
1E	A536	MapInteractionSystem_Entry_A536	Pointer $1E:$A4A1 (Five-entry chapter map-interaction handler table selected by SaveCurrentChapterMinus1 and dispatched at $A496)	A	A,P,X,Y	$6282	$A547
1E	A547	MapInteractionSystem_Entry_A547	Direct call from $1E:$A4A9; Direct call from $1E:$A4B9; Direct call from $1E:$A4CA; Direct call from $1E:$A53C; Direct call from $1E:$A651	A,X,Y	A,P		$C54E
1E	A567	MapInteractionSystem_Entry_A567	Direct call from $1E:$A52D	A	A,P	$0530,$0531,$0532,$0533	
1E	A578	MapInteractionSystem_Entry_A578	Direct call from $1E:$A391	A,X	A,P,X	$44,$45,$618F,$63,$64	
1E	A5AD	MapInteractionSystem_Entry_A5AD	Direct call from $1E:$A3C6	A,X	A,P,X	$0513,$0515,$0526,$0532,$0533,$0539,$058E,$058F,$3C,$3E,$6BDE,$6BEB,$6E05,$6E31+X,$6E41,$6E42	
1E	A615	MapInteractionSystem_Entry_A615	Direct call from $1E:$930E; Direct call from $1E:$A3BD	A,X	A,P,X	$6C0B+X	
1E	A620	MapInteractionSystem_Entry_A620	Pointer $1E:$8068 (72-entry map and entity interaction service directory)		P		
1E	A65A	MapInteractionSystem_Entry_A65A	Direct call from $1E:$A669; Direct call from $1E:$A678	A	A,P,X	$0530	$A690
1E	A684	MapInteractionSystem_Entry_A684	Direct call from $1E:$A3A1; Direct call from $1E:$A657	A	A,P,X		
1E	A690	MapInteractionSystem_Entry_A690	Direct call from $1E:$A3A4; Direct call from $1E:$A65A	A,X,Y	A,P,X,Y	$3D,$44,$45,$51,$52,$6195,$6196,$6197,$6198,$63,$64,$65	$C827
1E	A73F	MapInteractionSystem_Entry_A73F	Pointer $1E:$806E (72-entry map and entity interaction service directory)	A,X,Y	A,P,X,Y	$6290	
1E	A7E5	MapInteractionSystem_Entry_A7E5	Pointer $1E:$8014 (72-entry map and entity interaction service directory)		A,P		$A800,$A809,$A814,$A829,$A846,$A84C,$A99B,$AAB4,$DFF1,$FF74
1E	A800	MapInteractionSystem_Entry_A800	Direct call from $1E:$8A20; Direct call from $1E:$8A64; Direct call from $1E:$A7F1		A,P		$A99B
1E	A809	MapInteractionSystem_Entry_A809	Direct call from $1E:$A7E5		A,P		$C626
1E	A814	MapInteractionSystem_Entry_A814	Direct call from $1E:$8A5B; Direct call from $1E:$A7E8		P		$A861,$A8CE,$A8D5,$A938,$A994,$A9E6
1E	A829	MapInteractionSystem_Entry_A829	Direct call from $1E:$8A5E; Direct call from $1E:$A7EB		P		$A881,$A8CE,$A8D5,$A909,$A938,$A994,$A9EE
1E	A846	MapInteractionSystem_Entry_A846	Direct call from $1E:$8A61; Direct call from $1E:$A7EE		P		$A887,$A8CE,$A8D5,$A909,$A938,$A994,$A9EE
1E	A84C	MapInteractionSystem_Entry_A84C	Direct call from $1E:$8A1D; Direct call from $1E:$A7FD		P		$A8AA,$A8CE,$A909,$A938,$A994,$A9B7
1E	A861	MapInteractionSystem_Entry_A861	Direct call from $1E:$A814	A	A,P	$00,$01,$51,$52,$53,$54,$55	$C662
1E	A881	MapInteractionSystem_Entry_A881	Direct call from $1E:$A829	A,X	A,P,X	$00,$01,$51,$53,$54,$55	$C662
1E	A887	MapInteractionSystem_Entry_A887	Direct call from $1E:$A846	A,X	A,P,X	$00,$01,$51,$53,$54,$55	$C662
1E	A8AA	MapInteractionSystem_Entry_A8AA	Direct call from $1E:$A84C	A	A,P	$00,$01,$51,$52,$53,$54,$55	$C662
1E	A8CE	MapInteractionSystem_Entry_A8CE	Direct call from $1E:$A817; Direct call from $1E:$A82C; Direct call from $1E:$A84F		P,X,Y		
1E	A8D5	MapInteractionSystem_Entry_A8D5	Direct call from $1E:$A81A; Direct call from $1E:$A82F	A	A,P		$A8DB
1E	A8DB	MapInteractionSystem_Entry_A8DB	Direct call from $1E:$A8D6	A	A,P		
1E	A909	MapInteractionSystem_Entry_A909	Direct call from $1E:$A837; Direct call from $1E:$A852	A	A,P		$A90F
1E	A90F	MapInteractionSystem_Entry_A90F	Direct call from $1E:$A90A	A	A,P		
1E	A938	MapInteractionSystem_Entry_A938	Direct call from $1E:$A81D; Direct call from $1E:$A832; Direct call from $1E:$A83A; Direct call from $1E:$A855	A,X,Y	A,P,Y	$0300+Y,$0301+Y,$0302+Y,$0303+Y,$0304+Y,$0305+Y,$0306+Y,$0307+Y,$0308+Y,$050A,$050B	$A980,$D4F3
1E	A980	MapInteractionSystem_Entry_A980	Direct call from $1E:$A964	A,X	A,P,X	$1C,$1D	$C6BF
1E	A994	MapInteractionSystem_Entry_A994	Direct call from $1E:$A820; Direct call from $1E:$A83D; Direct call from $1E:$A858	A	A,P	$1F	$FF74
1E	A99B	MapInteractionSystem_Entry_A99B	Direct call from $1E:$A805	A	A,P	$1F	$FF74
1E	A9B7	MapInteractionSystem_Entry_A9B7	Direct call from $1E:$A85B	A	A,P	$51,$55	$A9F6
1E	A9E6	MapInteractionSystem_Entry_A9E6	Direct call from $1E:$A823	A	A,P	$51,$52,$55	$A9F6
1E	A9EE	MapInteractionSystem_Entry_A9EE	Direct call from $1E:$A840		A,P	$55	$A9F6
1E	A9F6	MapInteractionSystem_Entry_A9F6	Direct call from $1E:$A9B7; Direct call from $1E:$A9E6; Direct call from $1E:$A9EE	A,X	A,P,X	$1C,$1D,$53,$54	
1E	AAB4	MapInteractionSystem_Entry_AAB4	Direct call from $1E:$90CF; Direct call from $1E:$9462; Direct call from $1E:$A7F4; Pointer $1E:$801C (72-entry map and entity interaction service directory)	A,X,Y	A,P,X,Y	$059E,$46,$6F60+X,$6F80+X,$6FA0+X,$6FC0+X,$7000,$7020+Y,$7140+X,$7140+Y	$AB6B,$ACD9,$B157,$C010,$D3E6
1E	AABB	MapInteractionSystem_Entry_AABB	Direct call from $1E:$873D	A,X,Y	A,P,X,Y	$059E,$46,$6F60+X,$6F80+X,$6FA0+X,$6FC0+X,$7000,$7020+Y,$7140+X,$7140+Y	$AB6B,$ACD9,$B157,$C010,$D3E6
1E	AABE	MapInteractionSystem_Entry_AABE	Direct ROM scan: JSR to fixed trampoline $C010	A,X,Y	A,P,X,Y	$059E,$46,$6F60+X,$6F80+X,$6FA0+X,$6FC0+X,$7020+Y,$7140+X,$7140+Y	$AB6B,$ACD9,$B157,$C010,$D3E6
1E	AAC1	MapInteractionSystem_Entry_AAC1	Direct ROM scan: JSR to fixed trampoline $C010	A,X,Y	A,P,X,Y	$059E,$46,$6F60+X,$6F80+X,$6FA0+X,$6FC0+X,$7020+Y,$7140+X,$7140+Y	$AB6B,$ACD9,$B157,$C010,$D3E6
1E	AAC4	MapInteractionSystem_Entry_AAC4	Direct ROM scan: JSR to fixed trampoline $C010	A,X,Y	A,P,X,Y	$059E,$46,$6F60+X,$6F80+X,$6FA0+X,$6FC0+X,$7020+Y,$7140+X,$7140+Y	$AB6B,$ACD9,$B157,$C010,$D3E6
1E	AAFF	MapInteractionSystem_Entry_AAFF	Direct call from $1E:$8516; Direct call from $1E:$966C; Direct call from $1E:$AB7E; Direct call from $1E:$AD25; Direct call from $1E:$AD48	A,X	A,P		
1E	AB6B	MapInteractionSystem_Entry_AB6B	Direct call from $1E:$97B8; Direct call from $1E:$9B68; Direct call from $1E:$A206; Direct call from $1E:$A214; Direct call from $1E:$AADE; Direct call from $1E:$ADDE; Direct call from $1E:$AE0A; Pointer $1E:$804E (72-entry map and entity interaction service directory)	A,X	A,P,X	$053A+X,$6FA0+X,$6FC0+X,$6FE1,$6FE2,$6FE3,$6FE4,$6FE5,$7020,$7020+X,$7021,$7022,$7023,$7024,$7025,$70E1,$70E2,$70E3,$70E4,$70E5	$95B7,$AAFF,$B157
1E	AB90	MapInteractionSystem_Entry_AB90	Direct call from $1E:$AD7D	A,X	A,P,X	$053A+X,$6FE1,$6FE2,$6FE3,$6FE4,$6FE5,$7020,$7021,$7022,$7023,$7024,$7025,$70E1,$70E2,$70E3,$70E4,$70E5	$95B7,$B157
1E	ACD9	MapInteractionSystem_Entry_ACD9	Direct call from $1E:$AC96	A,Y	A,P,X,Y		
1E	ACEA	MapInteractionSystem_Entry_ACEA	Direct call from $1E:$90D8; Pointer $1E:$801E (72-entry map and entity interaction service directory)	A,X,Y	A,P,X,Y	$059E,$46,$6F61+Y,$6F64,$6F65,$6F81+Y,$6F84,$6F85,$6FA1+Y,$6FA4,$6FA5,$6FC1+Y,$6FC4,$6FC5,$7000,$7001,$7002,$7003,$7020+Y,$7024,$7025,$70E0+Y,$7140+Y	$AAFF,$AB90,$ACD9,$B157
1E	AD83	MapInteractionSystem_Entry_AD83	Pointer $1E:$8048 (72-entry map and entity interaction service directory); Pointer $1E:$804A (72-entry map and entity interaction service directory)	A	A,P	$0515,$0530	$8B15,$AE19,$AEC1,$AEEE,$C5C5,$D1F3
1E	ADED	MapInteractionSystem_Entry_ADED	Pointer $1E:$8058 (72-entry map and entity interaction service directory)	A	A,P	$0553,$6BDE	$9648,$97F5,$AB6B,$AE19,$C5AF
1E	AE19	MapInteractionSystem_Entry_AE19	Direct call from $1E:$AD92; Direct call from $1E:$ADED	A,X,Y	A,P,X,Y	$42,$43,$44,$45,$51,$52,$6195,$6196,$6197,$6198,$63,$64,$65	$C827
1E	AEC1	MapInteractionSystem_Entry_AEC1	Direct call from $1E:$AD98	A	A,P		$AEE5
1E	AEE5	MapInteractionSystem_Entry_AEE5	Direct call from $1E:$AEC2		P		
1E	AEEE	MapInteractionSystem_Entry_AEEE	Direct call from $1E:$AD83; Pointer $1E:$8056 (72-entry map and entity interaction service directory)	A	P		
1E	AFE0	MapInteractionSystem_Entry_AFE0	Pointer $1E:$8050 (72-entry map and entity interaction service directory)	A	A,P	$42,$43,$6195,$6196	$8ABC,$D1F3
1E	B02F	MapInteractionSystem_Entry_B02F	Pointer $1E:$8082 (72-entry map and entity interaction service directory)	A	A,P	$6296	$C891
1E	B0AD	MapInteractionSystem_Entry_B0AD	Pointer $1E:$8084 (72-entry map and entity interaction service directory)		P		$D1F3
1E	B157	MapInteractionSystem_Entry_B157	Direct call from $1E:$84FD; Direct call from $1E:$9983; Direct call from $1E:$99C4; Direct call from $1E:$9A17; Direct call from $1E:$9A38; Direct call from $1E:$9A4E; Direct call from $1E:$9B18; Direct call from $1E:$9B31; Direct call from $1E:$AB95; Direct call from $1E:$ACC6; Pointer $1E:$802E (72-entry map and entity interaction service directory)	A,X,Y	A,P,X,Y	($79),Y,$6E,$6E0B,$76,$79,$7A	$B1CD
1E	B1CD	MapInteractionSystem_Entry_B1CD	Direct call from $1E:$B1D2; Direct call from $1E:$B20E; Direct call from $1E:$B232; Direct call from $1E:$B275	Y	A,P,Y		
1E	B33B	MapInteractionSystem_Entry_B33B	Pointer $1E:$806C (72-entry map and entity interaction service directory)	A,X	A,P,X	$01,$6279	$835D,$B35D,$B36E,$D1F3
1E	B35D	MapInteractionSystem_Entry_B35D	Direct call from $1E:$B33B	A	P	$00	$83D9
1E	B36E	MapInteractionSystem_Entry_B36E	Direct call from $1E:$B2E0	A,Y	A,P,Y		
1E	B3E1	MapInteractionSystem_Entry_B3E1	Pointer $1E:$8024 (72-entry map and entity interaction service directory)	A,X	A,P,X	$6279,$627A,$F9	
1E	B3E5	MapInteractionSystem_Entry_B3E5	Pointer $1E:$8074 (72-entry map and entity interaction service directory)	A,X	A,P,X	$6279,$627A,$F9	
1E	B3EA	MapInteractionSystem_Entry_B3EA	Direct call from $1E:$B45D; Direct call from $1E:$B809; Direct call from $1E:$B81D; Direct call from $1E:$B9FB	A	A,P	$627A,$F9	
1E	B3ED	MapInteractionSystem_Entry_B3ED	Direct call from $1E:$8D7D; Direct call from $1E:$A179; Direct call from $1E:$A1B6	A,X	A,P		$B731,$B779
1E	B3F3	MapInteractionSystem_Entry_B3F3	Direct ROM analysis: Coherent map-interaction routine block immediately after the entry at $B3ED		P		$B3FE,$C8CC
1E	B3FE	MapInteractionSystem_Entry_B3FE	Direct call from $1E:$B3F3		P		
1E	B47F	MapInteractionSystem_Entry_B47F	Direct call from $1E:$B584	A,X	A,P,X	$00,$01,$6F,$70,$71,$FD,$FE,$FF	$C827
1E	B4CE	MapInteractionSystem_Entry_B4CE	Pointer $1E:$BC3D (Eight-entry signed map-event handler table selected by keys $BC35-$BC3C and dispatched through $0000 at $B476)		P		
1E	B59E	MapInteractionSystem_Entry_B59E	Direct call from $1E:$B8F2	A	P		
1E	B5A3	MapInteractionSystem_Entry_B5A3	Direct call from $1E:$B436; Direct call from $1E:$B58A; Direct call from $1E:$B8FF; Direct call from $1E:$B90C; Direct call from $1E:$B927; Direct call from $1E:$B93C; Direct call from $1E:$B95B; Direct call from $1E:$B974; Direct call from $1E:$B9E4; Direct call from $1E:$BCD8	A	A,P	$627A,$F9	
1E	B5B6	MapInteractionSystem_Entry_B5B6	Inline service continuation: Code resumes after the three operands consumed by BRK service $65,$23 at $B5B2	A	A,P	$6E	
1E	B71E	MapInteractionSystem_Entry_B71E	Direct call from $1E:$B40A; Direct call from $1E:$B5EA; Direct call from $1E:$B5F5; Direct call from $1E:$B619; Direct call from $1E:$B697; Direct call from $1E:$B6E5; Direct call from $1E:$B701; Direct call from $1E:$BAFF	X	A,P,X	$6E	
1E	B722	MapInteractionSystem_Entry_B722	Pointer $1E:$808C (72-entry map and entity interaction service directory)	X	A,P,X	$6E	
1E	B72E	MapInteractionSystem_Entry_B72E	Direct call from $1E:$B447; Direct call from $1E:$BBF6		P		
1E	B731	MapInteractionSystem_Entry_B731	Direct call from $1E:$B3ED; Direct call from $1E:$B813; Direct call from $1E:$B84A	A,Y	A,P,Y	$01,$02,$03,$04,$6278,$6279	
1E	B779	MapInteractionSystem_Entry_B779	Direct call from $1E:$B791; Direct call from $1E:$B79C; Direct call from $1E:$B7A6	A,Y	A,P,X,Y		
1E	B791	MapInteractionSystem_Entry_B791	Direct call from $1E:$B44A; Direct call from $1E:$B80C; Direct call from $1E:$B820; Direct call from $1E:$BBF9	A,X	A,P		$B779
1E	B79C	MapInteractionSystem_Entry_B79C	Direct ROM analysis: Coherent story-flag helper block calling the decoded bit-selector at $B779; Direct call from $1E:$B455; Direct call from $1E:$B816	A,X	A,P	$625D+X	$B779
1E	B7A6	MapInteractionSystem_Entry_B7A6	Direct call from $1E:$B67F; Direct call from $1E:$B84D	A,X	A,P	$625D+X	$B779
1E	B7B2	MapInteractionSystem_Entry_B7B2	Direct call from $1E:$B458; Direct call from $1E:$BBFE	A,Y	A,P,Y	$03,$04	
1E	B7CA	MapInteractionSystem_Entry_B7CA	Direct ROM analysis: Coherent map-interaction routine block immediately after RTS $B7C9 and before decoded entry $BAD7; Direct call from $1E:$B44F		A,P		$B7F2
1E	B7D6	MapInteractionSystem_Entry_B7D6	Direct call from $1E:$B67C	A,X	A,P,X		$B7F2
1E	B7F2	MapInteractionSystem_Entry_B7F2	Direct call from $1E:$B7CD; Direct call from $1E:$B7EC; Direct call from $1E:$B82B; Direct call from $1E:$B842	A,X	A,P,X,Y	$00,$01,$02,$5F,$60,$7140	$9E92,$9F40,$C727
1E	B7F6	MapInteractionSystem_Entry_B7F6	Direct call from $1E:$B8A5; Direct call from $1E:$BAA1	A,X	A,P,X,Y	$00,$01,$02,$5F,$60,$7140	$9E92,$9F40,$C727
1E	B807	MapInteractionSystem_Entry_B807	Direct ROM analysis: Coherent map-interaction handler family after the terminal JMP at $B804 and branching into existing code at $BA04; Pointer $1E:$BC43 (Eight-entry signed map-event handler table selected by keys $BC35-$BC3C and dispatched through $0000 at $B476)		A,P		$B3EA,$B731,$B791,$B79C
1E	B81B	MapInteractionSystem_Entry_B81B	Direct ROM analysis: Coherent adjacent map-interaction handler after RTS $B81A; Pointer $1E:$BC45 (Eight-entry signed map-event handler table selected by keys $BC35-$BC3C and dispatched through $0000 at $B476)		A,P		$B3EA,$B791
1E	B830	MapInteractionSystem_Entry_B830	Direct ROM analysis: Coherent BRK-based map-interaction handler after RTS $B82F; Pointer $1E:$BC62 (Twelve-entry map-object handler table selected by IDs $BC56-$BC61 and dispatched through $0000 at $B54D)		P		
1E	B868	MapInteractionSystem_Entry_B868	Direct ROM analysis: Coherent BRK-based handler falling into the decoded carry-return block at $B87A; Pointer $1E:$BC3F (Eight-entry signed map-event handler table selected by keys $BC35-$BC3C and dispatched through $0000 at $B476)		P		
1E	B86F	MapInteractionSystem_Entry_B86F	Direct ROM analysis: Dormant alternate BRK path skipped by the forced branch at $B86D and rejoining at $B874; Pointer $1E:$BC41 (Eight-entry signed map-event handler table selected by keys $BC35-$BC3C and dispatched through $0000 at $B476)		P		
1E	B87C	MapInteractionSystem_Entry_B87C	Direct ROM analysis: Coherent map-interaction handler after the carry-return block at $B87A-$B87B; Pointer $1E:$BC64 (Twelve-entry map-object handler table selected by IDs $BC56-$BC61 and dispatched through $0000 at $B54D)		A,P		
1E	B8AD	MapInteractionSystem_Entry_B8AD	Direct ROM analysis: Coherent map-interaction handler after the terminal failure jump at $B8AA; Pointer $1E:$BC66 (Twelve-entry map-object handler table selected by IDs $BC56-$BC61 and dispatched through $0000 at $B54D)	A	A,P,X,Y		$D3E6
1E	B8D5	MapInteractionSystem_Entry_B8D5	Direct ROM analysis: Compact two-service map-interaction handler after RTS $B8D4; Pointer $1E:$BC68 (Twelve-entry map-object handler table selected by IDs $BC56-$BC61 and dispatched through $0000 at $B54D)		P		
1E	B8DD	MapInteractionSystem_Entry_B8DD	Direct ROM analysis: Coherent parameterized map-interaction handler after RTS $B8DC; Pointer $1E:$BC6C (Twelve-entry map-object handler table selected by IDs $BC56-$BC61 and dispatched through $0000 at $B54D)		P		
1E	B8F7	MapInteractionSystem_Entry_B8F7	Direct ROM analysis: Independent parameterized map-interaction handler after RTS $B8F6; Pointer $1E:$BC49 (Eight-entry signed map-event handler table selected by keys $BC35-$BC3C and dispatched through $0000 at $B476)		P		
1E	B90A	MapInteractionSystem_Entry_B90A	Direct ROM analysis: Coherent adjacent map-interaction handler after RTS $B909; Pointer $1E:$BC4B (Eight-entry signed map-event handler table selected by keys $BC35-$BC3C and dispatched through $0000 at $B476)		A,P		$B5A3
1E	B917	MapInteractionSystem_Entry_B917	Direct ROM analysis: Coherent map-condition handler after RTS $B916 and ending through shared failure jumps; Pointer $1E:$BC6A (Twelve-entry map-object handler table selected by IDs $BC56-$BC61 and dispatched through $0000 at $B54D)		A,P		
1E	B930	MapInteractionSystem_Entry_B930	Direct ROM analysis: Dormant alternate path skipped by the forced branch at $B92E and rejoining shared success/failure code; Pointer $1E:$BC76 (Twelve-entry map-object handler table selected by IDs $BC56-$BC61 and dispatched through $0000 at $B54D)		P		
1E	B94B	MapInteractionSystem_Entry_B94B	Direct ROM analysis: Coherent map-condition handler after the shared failure jumps and converging on success code at $B9A9; Pointer $1E:$BC6E (Twelve-entry map-object handler table selected by IDs $BC56-$BC61 and dispatched through $0000 at $B54D)		A,P		
1E	B964	MapInteractionSystem_Entry_B964	Direct ROM analysis: Dormant parallel condition handler skipped by the forced branch at $B962; Pointer $1E:$BC70 (Twelve-entry map-object handler table selected by IDs $BC56-$BC61 and dispatched through $0000 at $B54D)		A,P		
1E	B97D	MapInteractionSystem_Entry_B97D	Direct ROM analysis: Final dormant condition handler converging on the shared success path at $B9A3; Pointer $1E:$BC72 (Twelve-entry map-object handler table selected by IDs $BC56-$BC61 and dispatched through $0000 at $B54D)		A,P		
1E	B9B1	MapInteractionSystem_Entry_B9B1	Direct ROM analysis: Coherent map-interaction handler after RTS $B9B0; Pointer $1E:$BC74 (Twelve-entry map-object handler table selected by IDs $BC56-$BC61 and dispatched through $0000 at $B54D)		P		
1E	B9D1	MapInteractionSystem_Entry_B9D1	Direct ROM analysis: Coherent chapter-specific map handler after RTS $B9D0 and converging on existing code at $BA04/$BA0E; Pointer $1E:$BC78 (Twelve-entry map-object handler table selected by IDs $BC56-$BC61 and dispatched through $0000 at $B54D)		P		
1E	B9ED	MapInteractionSystem_Entry_B9ED	Direct ROM analysis: Dormant chapter-specific alternate skipped by the forced branch at $B9EB and rejoining at $BA0E; Pointer $1E:$BC47 (Eight-entry signed map-event handler table selected by keys $BC35-$BC3C and dispatched through $0000 at $B476)	A	A,P	$627A,$F9	$B3EA
1E	BA41	MapInteractionSystem_Entry_BA41	Direct call from $1E:$B8C9	A,X,Y	A,P,X,Y	$00,$0201+X,$0203+X	$C90C
1E	BAD7	MapInteractionSystem_Entry_BAD7	Direct call from $1E:$BAF4; Direct call from $1E:$BB07	A,X	A,P,X,Y		$81AE,$D251
1E	BAEA	MapInteractionSystem_Entry_BAEA	Direct call from $1E:$80EA	A	P		$83D9,$BAD7
1E	BAFF	MapInteractionSystem_Entry_BAFF	Inline service continuation: Code resumes after BRK service $07,$6F,$43 at $BAFB and tail-jumps to $BB52	A	A,P,X	$F9	$B71E
1E	BB07	MapInteractionSystem_Entry_BB07	Direct call from $1E:$B519	A,X	A,P,X	$00,$01	$BAD7
1E	BB0D	MapInteractionSystem_Entry_BB0D	Direct call from $1E:$B4ED	A,X	A,P,X	$00,$01	$83D9
1E	BB2E	MapInteractionSystem_Entry_BB2E	Pointer $1E:$BBAE (Four-entry map-interaction handler table selected by keys $BBAA-$BBAD and dispatched through $0000 at $BB2B)		P		
1E	BB3B	MapInteractionSystem_Entry_BB3B	Pointer $1E:$BBB0 (Four-entry map-interaction handler table selected by keys $BBAA-$BBAD and dispatched through $0000 at $BB2B)		P		
1E	BB48	MapInteractionSystem_Entry_BB48	Pointer $1E:$BBB4 (Four-entry map-interaction handler table selected by keys $BBAA-$BBAD and dispatched through $0000 at $BB2B)	A	A,P,X		
1E	BB52	MapInteractionSystem_Entry_BB52	Pointer $1E:$BBB2 (Four-entry map-interaction handler table selected by keys $BBAA-$BBAD and dispatched through $0000 at $BB2B)	A	A,P,X		
1E	BBA6	MapInteractionSystem_Entry_BBA6	Direct ROM analysis: Dormant selector branch skipped by the forced branch at $BBA4 and rejoining the dispatch tail at $BB9B		P,X		
1E	BBE9	MapInteractionSystem_Entry_BBE9	Pointer $1E:$8080 (72-entry map and entity interaction service directory)	A,X,Y	A,P,X,Y		$B72E,$B791,$B7B2
1E	BC1E	MapInteractionSystem_Entry_BC1E	Pointer $1E:$808E (72-entry map and entity interaction service directory)	A	P	$51	
1E	BC20	MapInteractionSystem_Entry_BC20	Direct call from $1E:$B42F		P		
1E	BC7A	MapInteractionSystem_Entry_BC7A	Direct call from $1E:$BB31; Direct call from $1E:$BB3E	A,X,Y	A,P,X,Y	$6273+Y	$B5A3,$BCAA
1E	BCAA	MapInteractionSystem_Entry_BCAA	Direct call from $1E:$BC7A	X,Y	A,P,X,Y	$00,$01	
1F	C001	FixedTrampoline00	Direct ROM analysis: Fixed-bank JMP trampoline 00; Direct call from $1D:$B99B; Direct call from $1E:$891C	A	A,P	$07CA,$6CDC,$6CDD	
1F	C004	FixedTrampoline01	Direct ROM analysis: Fixed-bank JMP trampoline 01; Direct call from $1D:$ADDC; Direct call from $1E:$8730; Direct call from $1E:$9097; Direct call from $1E:$90AF	A	A,P	$07CA,$6CDC,$6CDD	
1F	C007	FixedTrampoline02	Direct ROM analysis: Fixed-bank JMP trampoline 02; Direct call from $1D:$A176; Direct call from $1E:$8557; Direct call from $1E:$8589; Direct call from $1E:$86F6; Direct call from $1F:$CDD5	A	A,P	$07CA,$6CDC,$6CDD	
1F	C00A	FixedTrampoline03	Direct ROM analysis: Fixed-bank JMP trampoline 03; Direct call from $1B:$A4D7; Direct call from $1E:$9592	A	A,P	$07CA,$6CDC,$6CDD	
1F	C00D	FixedTrampoline04	Direct ROM analysis: Fixed-bank JMP trampoline 04	A	A,P	$07CA,$6CDC,$6CDD	
1F	C010	FixedTrampoline05	Direct ROM analysis: Fixed-bank JMP trampoline 05; Direct call from $1E:$8554; Direct call from $1E:$86F3; Direct call from $1E:$AABE; Direct call from $1E:$AAC1; Direct call from $1E:$AAC4	A	A,P	$07CA,$6CDC,$6CDD	
1F	C013	FixedTrampoline06	Direct ROM analysis: Fixed-bank JMP trampoline 06; Direct call from $1E:$858C; Direct call from $1E:$86FC	A	A,P	$07CA,$6CDC,$6CDD	
1F	C016	FixedTrampoline07	Direct ROM analysis: Fixed-bank JMP trampoline 07; Direct call from $1D:$ADD8; Direct call from $1E:$872C; Direct call from $1E:$9090; Direct call from $1E:$90AB	A	A,P	$07CA,$6CDC,$6CDD	
1F	C019	FixedTrampoline08	Direct ROM analysis: Fixed-bank JMP trampoline 08; Direct call from $1F:$C1AD	A	A,P,X,Y	$4004,$400C,$6E86,$B0,$B4,$BD	$E739,$E77C,$EEE2,$F0E3,$F0F6,$FF94
1F	C01C	FixedTrampoline09	Direct ROM analysis: Fixed-bank JMP trampoline 09	A	A,P	$4001,$4005,$4015,$4017,$BB,$BD	$EF5B
1F	C01F	FixedTrampoline0A	Direct ROM analysis: Fixed-bank JMP trampoline 0A	A,X,Y	A,P,X,Y	$00,$00B1+Y,$00B5+Y,$01,$0620+X,$0621+X,$0628,$0629,$062A+X,$062B+X,$0632,$0633,$063C+X,$063D+X,$0644,$0645,$064B+Y,$064F,$23,$24,$4001,$4005,$4008,$4010,$4015,$4017,$6BF9,$6BFA,$6BFB,$6BFC,$6BFD+X,$6BFE+X,$6C09+Y,$A4,$A5,$A6,$A6+X,$A7,$A7+X,$AC,$AD,$AE,$AF,$B0,$BB,$BC,$BD,$BF	$C3CE,$C3EA,$E771,$EF5B,$F07A
1F	C022	FixedTrampoline0B	Direct ROM analysis: Fixed-bank JMP trampoline 0B	A	A,P	$BB	
1F	C025	FixedTrampoline0C	Direct ROM analysis: Fixed-bank JMP trampoline 0C	A,X,Y	A,P,X,Y	$00,$00B1+Y,$00B5+Y,$01,$0620+X,$0621+X,$062A+X,$062B+X,$063C+X,$063D+X,$064B+Y,$23,$24,$4001,$4005,$4008,$4015,$4017,$6BF9,$6BFA,$6BFB,$6BFC,$6BFD+X,$6BFE+X,$6C09+Y,$A4,$A5,$A6,$A6+X,$A7,$A7+X,$AC,$AD,$B0,$BB,$BC,$BD,$BF	$C3CE,$C3EA,$E771,$EF5B,$F07A
1F	C028	FixedTrampoline0D	Direct ROM analysis: Fixed-bank JMP trampoline 0D	A	A,P	$10,$B0	
1F	C02B	FixedTrampoline0E	Direct ROM analysis: Fixed-bank JMP trampoline 0E	A	A,P		$FF74
1F	C02E	FixedTrampoline0F	Direct ROM analysis: Fixed-bank JMP trampoline 0F; Direct call from $1D:$8E15	A	A,P	$07CA,$6CDC,$6CDD	$6CAD,$FF91
1F	C031	FixedTrampoline10	Direct ROM analysis: Fixed-bank JMP trampoline 10; Direct call from $1B:$ACA0	A	A,P	$07CA,$6CDC,$6CDD	
1F	C034	FixedTrampoline11	Direct ROM analysis: Fixed-bank JMP trampoline 11; Direct call from $1B:$B55A	A	A,P	$07CA,$6CDC,$6CDD	
1F	C037	FixedTrampoline12	Direct ROM analysis: Fixed-bank JMP trampoline 12; Direct call from $1B:$AD6B	A	A,P	$07CA,$6CDC,$6CDD	
1F	C03A	FixedTrampoline13	Direct ROM analysis: Fixed-bank JMP trampoline 13; Direct call from $1B:$A7BE	A	A,P	$07CA,$6CDC,$6CDD	
1F	C104	InitializeMmc1	Direct call from $1F:$C09E; Direct call from $1F:$C198	A	A,P	$DFFF,$FFDF	$C118,$C12F
1F	C118	WriteMmc1Control	Direct call from $1F:$C10A; Direct call from $1F:$FF07	A	A,P	$0500,$9FFF	
1F	C12F	WriteMmc1ChrBank0	Direct call from $1F:$C110; Direct call from $1F:$C1A5; Direct call from $1F:$C1AA; Direct call from $1F:$C1D7; Direct call from $1F:$C1EC	A	A,P	$0501,$BFFF	
1F	C15A	NmiHandler	Direct ROM analysis: NMI body installed as JMP $C15A at RAM vector $0502; Pointer $1B:$B344 (Two-entry NMI callback table selected with X=$00/$02 at $B32A-$B341)	A,X,Y	A,P,X,Y	$00+X,$01+X,$0103+X,$0104+X,$0105+X,$0508,$0509,$050A,$050B,$050C,$0513,$0517,$10,$11,$1F,$20,$21,$22,$23,$24,$26,$27,$627B+X,$76,$77,$78,$C221	$0023,$C019,$C104,$C12F,$C222,$C2EA,$C303,$C3BA,$FF91
1F	C222	UpperFixedEngine_Entry_C222	Direct call from $1F:$C178	A,X,Y	A,P,X,Y	$050A,$050B,$1F,$2000,$2006,$2007	
1F	C2EA	UpperFixedEngine_Entry_C2EA	Direct call from $1F:$C17E	A	A,P	$2000,$2001,$2005	
1F	C303	UpperFixedEngine_Entry_C303	Direct call from $1F:$C17B	A	A,P	$2001,$4014	
1F	C3BA	UpperFixedEngine_Entry_C3BA	Direct call from $1F:$C39A; Direct call from $1F:$C3D6	A,X	A,P,X	$24,$25	$FF91
1F	C3CE	UpperFixedEngine_Entry_C3CE	Direct call from $10:$A6EA; Direct call from $12:$977E; Direct call from $14:$BE21; Direct call from $1F:$EFA5	A,X	A,P,X	$00+X,$01+X,$20,$21	$C3BA,$FF91
1F	C3EA	UpperFixedEngine_Entry_C3EA	Direct call from $10:$85F0; Direct call from $10:$864D; Direct call from $10:$86E8; Direct call from $10:$875B; Direct call from $10:$A6B5; Direct call from $10:$A733; Direct call from $10:$A75B; Direct call from $10:$A784; Direct call from $10:$ABB1; Direct call from $12:$81B3; Direct call from $12:$9784; Direct call from $14:$85E3; Direct call from $14:$BD47; Direct call from $14:$BD51; Direct call from $14:$BD8E; Direct call from $14:$BDB4; Direct call from $15:$BFAA; Direct call from $16:$8A36; Direct call from $16:$8A63; Direct call from $16:$8A95; Direct call from $18:$A8A3; Direct call from $1C:$9954; Direct call from $1C:$9B26; Direct call from $1C:$9B30; Direct call from $1F:$DAE0; Direct call from $1F:$DB56; Direct call from $1F:$DB7F; Direct call from $1F:$EFDD	A,X,Y	A,P	$20,$23,$24	$FF91
1F	C408	IrqHandler	CPU vector: IRQ/BRK vector target	A,X,Y	A,P,X,Y	$00+X,$01+X,$0103+X,$0104+X,$0508,$0509,$050A,$050B,$0513,$0517,$1F,$20,$21,$22,$23,$24,$26,$27,$627B+X,$76,$77,$78	$0023,$C3BA,$FF91
1F	C52F	UpperFixedEngine_Entry_C52F	Direct call from $1F:$C96B	A	A,P	$0508,$0509,$050A,$050B,$0513,$1F	
1F	C543	InitializeOamShadow	Direct call from $17:$806C; Direct call from $18:$AE53; Direct call from $1B:$A2D3; Direct call from $1B:$AFFF; Direct call from $1B:$B018; Direct call from $1B:$B0AA; Direct call from $1D:$922D; Direct call from $1D:$942E; Direct call from $1D:$AD73; Direct call from $1F:$C0C1; Direct call from $1F:$C554	A,X	A,P,X	$0200+X	
1F	C54E	UpperFixedEngine_Entry_C54E	Direct call from $11:$80A6; Direct call from $12:$A391; Direct call from $12:$AA22; Direct call from $12:$AAE2; Direct call from $15:$B746; Direct call from $17:$8055; Direct call from $17:$9C0A; Direct call from $18:$AE89; Direct call from $1B:$A104; Direct call from $1B:$A54A; Direct call from $1B:$A77E; Direct call from $1B:$A7B8; Direct call from $1B:$ABC1; Direct call from $1B:$ABF3; Direct call from $1B:$AD60; Direct call from $1B:$B557; Direct call from $1C:$B104; Direct call from $1C:$B7A5; Direct call from $1D:$8DF7; Direct call from $1E:$90A2; Direct call from $1E:$945C; Direct call from $1E:$958F; Direct call from $1E:$A1D5; Direct call from $1E:$A4D5; Direct call from $1E:$A54C	A,Y	A,P,Y	$0506,$1F,$2001	$C543,$C569,$C5AF,$FF74
1F	C569	UpperFixedEngine_Entry_C569	Direct call from $1F:$C0BE; Direct call from $1F:$C551	A,X	P,X	$0400+X	$C575
1F	C575	ClearNametables	Direct call from $1F:$C569	A,X,Y	A,P,X,Y	$2006,$2007	
1F	C58F	UpperFixedEngine_Entry_C58F	Direct call from $12:$AA25; Direct call from $14:$81E1; Direct call from $17:$9238; Direct call from $17:$9399; Direct call from $17:$9C1F; Direct call from $1B:$A53F; Direct call from $1B:$A558; Direct call from $1B:$A742; Direct call from $1B:$AD13; Direct call from $1B:$B56F; Direct call from $1D:$8E0C; Direct call from $1E:$8774; Direct call from $1E:$90E8; Direct call from $1E:$945F; Direct call from $1E:$95AC	A,Y	A,P,Y	$0506,$2001	$C5A8
1F	C592	UpperFixedEngine_Entry_C592	Direct call from $1B:$A12A; Direct call from $1B:$A7D7; Direct call from $1B:$ADB3	A,Y	A,P,Y	$0506,$2001	
1F	C596	UpperFixedEngine_Entry_C596	Direct call from $17:$9C28; Direct call from $1F:$C5AF	A,Y	A,P,Y	$0506,$2001	
1F	C5A8	UpperFixedEngine_Entry_C5A8	Direct call from $1B:$A127; Direct call from $1B:$A7CC; Direct call from $1F:$C58F	A	A,P	$1F	
1F	C5AF	UpperFixedEngine_Entry_C5AF	Direct call from $14:$803F; Direct call from $14:$8132; Direct call from $17:$8A76; Direct call from $17:$920D; Direct call from $17:$9375; Direct call from $17:$9C10; Direct call from $18:$B7A4; Direct call from $1B:$A498; Direct call from $1B:$A4FD; Direct call from $1B:$A54D; Direct call from $1B:$A781; Direct call from $1B:$A7C1; Direct call from $1B:$ACF8; Direct call from $1B:$AE60; Direct call from $1B:$B54F; Direct call from $1D:$8E00; Direct call from $1D:$8E26; Direct call from $1E:$8749; Direct call from $1E:$9093; Direct call from $1E:$90E2; Direct call from $1E:$944C; Direct call from $1E:$9648; Direct call from $1E:$A1D8; Direct call from $1E:$ADDB; Direct call from $1E:$AE04; Direct call from $1F:$C54E	A	A,P	$1F	$C596
1F	C5B9	UpperFixedEngine_Entry_C5B9	Direct call from $11:$BD9D; Direct call from $11:$BDB4; Direct call from $11:$BDD9; Direct call from $12:$9864; Direct call from $12:$9908; Direct call from $12:$A351; Direct call from $12:$A493; Direct call from $14:$8268; Direct call from $14:$830F; Direct call from $14:$831A; Direct call from $14:$8382; Direct call from $14:$8434; Direct call from $14:$843F; Direct call from $14:$84B8; Direct call from $14:$8565; Direct call from $14:$866C; Direct call from $14:$8701; Direct call from $14:$88A2; Direct call from $14:$8A16; Direct call from $14:$8C2A; Direct call from $14:$91F4; Direct call from $14:$A551; Direct call from $14:$A619; Direct call from $14:$A780; Direct call from $1B:$92DF; Direct call from $1B:$A503; Direct call from $1B:$A726; Direct call from $1B:$ADA7; Direct call from $1E:$85DC; Direct call from $1E:$8672; Direct call from $1E:$877D; Direct call from $1E:$9AB4; Direct call from $1E:$9AC3	A,X,Y	A,P,X,Y	$0300+Y,$050A,$050B,$16,$17,$18,$1F	$C5DE,$C90C
1F	C5BF	UpperFixedEngine_Entry_C5BF	Direct call from $12:$97ED; Direct call from $12:$AA28; Direct call from $15:$B75D; Direct call from $17:$8081; Direct call from $17:$8A63; Direct call from $17:$9C41; Direct call from $1B:$A555; Direct call from $1B:$ABD2; Direct call from $1B:$ABFF; Direct call from $1B:$AD2C; Direct call from $1B:$AD41; Direct call from $1B:$B572; Direct call from $1C:$AF5F; Direct call from $1C:$B10F; Direct call from $1C:$B146; Direct call from $1C:$B3B6; Direct call from $1C:$B7B4; Direct call from $1C:$BBD1; Direct call from $1C:$BC9E; Direct call from $1C:$BDB2; Direct call from $1C:$BECB; Direct call from $1D:$8E0F; Direct call from $1D:$8E4C; Direct call from $1D:$A275; Direct call from $1D:$AA0B; Direct call from $1D:$AA6D; Direct call from $1D:$AB77; Direct call from $1D:$AD14; Direct call from $1D:$B062; Direct call from $1D:$B393; Direct call from $1D:$B540; Direct call from $1E:$8C5D; Direct call from $1E:$8F14; Direct call from $1E:$92E6; Direct call from $1E:$A365; Direct call from $1E:$A3D2; Direct call from $1E:$A4DC; Direct call from $1E:$A553	A,X	A,P,X	$16,$17	$C5DE,$C90C
1F	C5C5	UpperFixedEngine_Entry_C5C5	Direct call from $11:$80A3; Direct call from $12:$8732; Direct call from $12:$97D5; Direct call from $12:$A349; Direct call from $12:$AADF; Direct call from $12:$B507; Direct call from $15:$B743; Direct call from $17:$8052; Direct call from $17:$8A5D; Direct call from $17:$9C00; Direct call from $17:$9C25; Direct call from $1B:$8082; Direct call from $1B:$A547; Direct call from $1B:$A754; Direct call from $1B:$A77B; Direct call from $1B:$AB6A; Direct call from $1B:$AC79; Direct call from $1B:$B54C; Direct call from $1C:$B0FC; Direct call from $1C:$B120; Direct call from $1C:$BE6C; Direct call from $1C:$BE98; Direct call from $1D:$8DF4; Direct call from $1D:$8E20; Direct call from $1D:$A25D; Direct call from $1D:$A74B; Direct call from $1D:$A9F1; Direct call from $1D:$AA55; Direct call from $1D:$AB17; Direct call from $1D:$ACFF; Direct call from $1D:$B078; Direct call from $1D:$B37F; Direct call from $1D:$B39C; Direct call from $1D:$B52C; Direct call from $1D:$B971; Direct call from $1E:$86B6; Direct call from $1E:$86D7; Direct call from $1E:$9108; Direct call from $1E:$918F; Direct call from $1E:$929A; Direct call from $1E:$9C0A; Direct call from $1E:$9CEE; Direct call from $1E:$A1D2; Direct call from $1E:$A4E7; Direct call from $1E:$A563; Direct call from $1E:$ADB6; Direct call from $1E:$B014	A,X	A,P,X	$16,$17	$C5DE,$C90C
1F	C5DE	UpperFixedEngine_Entry_C5DE	Direct call from $12:$8A1C; Direct call from $1B:$9165; Direct call from $1B:$A83D; Direct call from $1B:$ADE1; Direct call from $1B:$B0A0; Direct call from $1F:$C5CC	A,X,Y	A,P,X,Y	$0300+Y,$050A,$050B,$18,$1F	
1F	C626	UpperFixedEngine_Entry_C626	Direct call from $12:$97F9; Direct call from $12:$9815; Direct call from $12:$981E; Direct call from $12:$987C; Direct call from $12:$9892; Direct call from $12:$98A1; Direct call from $12:$98BC; Direct call from $12:$9991; Direct call from $1B:$928E; Direct call from $1D:$8CA6; Direct call from $1E:$A80E	A	A,P	$1F	
1F	C62D	UpperFixedEngine_Entry_C62D	Direct call from $14:$82A0; Direct call from $14:$82AB; Direct call from $14:$82C0; Direct call from $14:$8851; Direct call from $14:$8D03; Direct call from $14:$A43D; Direct call from $14:$A8D9; Direct call from $14:$B0F6; Direct call from $16:$8134; Direct call from $16:$81A5; Direct call from $16:$83EC; Direct call from $16:$9C1C; Direct call from $17:$807B; Direct call from $17:$80FA; Direct call from $17:$842A; Direct call from $17:$885B; Direct call from $17:$886A; Direct call from $17:$899E; Direct call from $17:$8B0F; Direct call from $17:$8BAF; Direct call from $17:$9274; Direct call from $18:$AAD3; Direct call from $18:$ACDF; Direct call from $18:$AECC; Direct call from $18:$AFAF; Direct call from $18:$B19E; Direct call from $18:$B1CA; Direct call from $18:$B1FA; Direct call from $18:$B80B; Direct call from $1B:$87CA; Direct call from $1B:$9307; Direct call from $1B:$9EAB; Direct call from $1D:$904E; Direct call from $1D:$A106; Direct call from $1D:$BA01; Direct call from $1D:$BBF4; Direct call from $1D:$BC03; Direct call from $1D:$BC09; Direct call from $1D:$BDB4; Direct call from $1E:$87CE	A	A,P	$12,$1F	$C913
1F	C636	UpperFixedEngine_Entry_C636	Direct call from $17:$9CE7; Direct call from $17:$9CF5; Direct call from $17:$9D7C; Direct call from $17:$9D95	A,X	A,P,X	$0300+X,$050A,$050B,$1C,$1D	
1F	C65A	UpperFixedEngine_Entry_C65A	Direct call from $12:$863E; Direct call from $12:$BADE; Direct call from $12:$BAE6; Direct call from $12:$BAF6; Direct call from $14:$B00F; Direct call from $16:$81A2; Direct call from $16:$9C72; Direct call from $16:$A355; Direct call from $17:$8272; Direct call from $17:$829D; Direct call from $17:$8420; Direct call from $17:$8462; Direct call from $17:$8468; Direct call from $17:$846F; Direct call from $17:$8C16; Direct call from $17:$8C4F; Direct call from $17:$8C5B; Direct call from $17:$8E86; Direct call from $17:$8E8D; Direct call from $17:$8E94; Direct call from $17:$8E9B; Direct call from $18:$AD0E; Direct call from $18:$AD3B; Direct call from $18:$B194	A,X	A,P,X	$0300+X,$050A,$050B,$1C,$1D,$1E	$C662
1F	C662	UpperFixedEngine_Entry_C662	Direct call from $18:$B126; Direct call from $1B:$925A; Direct call from $1B:$9FA2; Direct call from $1C:$BE27; Direct call from $1D:$A61A; Direct call from $1D:$BD98; Direct call from $1E:$881E; Direct call from $1E:$A869; Direct call from $1E:$A89E; Direct call from $1E:$A8B0; Direct call from $1F:$C65C; Direct call from $1F:$C72B; Direct call from $1F:$F282	A	A,P	$1C,$1D	
1F	C6BF	UpperFixedEngine_Entry_C6BF	Direct call from $1D:$BEA8; Direct call from $1E:$A988	A,X	A,P,X	$0400+X,$0B,$0C,$0D,$0E,$0F,$1C,$1D	
1F	C6C3	UpperFixedEngine_Entry_C6C3	Direct call from $1F:$C72E	A,X	A,P,X	$0400+X,$0B,$0C,$0D,$0E,$0F,$1C,$1D	
1F	C727	UpperFixedEngine_Entry_C727	Direct call from $12:$983B; Direct call from $12:$9850; Direct call from $12:$9875; Direct call from $12:$998A; Direct call from $14:$A8C1; Direct call from $1E:$9F3A	A,X	A,P,X	$0300+X,$050A,$050B,$0D,$1C,$1D,$1E	$C662,$C6C3
1F	C73E	UpperFixedEngine_Entry_C73E	Direct call from $14:$83F7; Direct call from $14:$895F; Direct call from $14:$8991; Direct call from $14:$89BB; Direct call from $14:$89D4; Direct call from $14:$8C14; Direct call from $14:$8C51; Direct call from $14:$8C7D; Direct call from $14:$8CC0; Direct call from $14:$9073; Direct call from $14:$90AD; Direct call from $14:$919C; Direct call from $14:$91E1; Direct call from $14:$996B; Direct call from $14:$9A7C; Direct call from $14:$9B77; Direct call from $14:$9C29; Direct call from $14:$9C3D; Direct call from $14:$A108; Direct call from $14:$A456; Direct call from $14:$AA2D; Direct call from $14:$AEFC; Direct call from $14:$AFDD; Direct call from $1E:$8DB5; Direct call from $1E:$8DC2; Direct call from $1E:$8DD6; Direct call from $1E:$8DE3; Direct call from $1E:$8E14; Direct call from $1E:$8E34	A,X,Y	A,P,X,Y	$0200+Y,$0201+Y,$0202+Y,$0203+Y	$C78C
1F	C770	UpperFixedEngine_Entry_C770	Direct call from $14:$83E7; Direct call from $14:$8AF8; Direct call from $14:$8B1A; Direct call from $14:$8B48; Direct call from $14:$8B91; Direct call from $14:$8BF3; Direct call from $14:$90A1; Direct call from $14:$9176; Direct call from $14:$9A73; Direct call from $14:$9AF8; Direct call from $14:$9C34; Direct call from $14:$A44D; Direct call from $14:$AA0D; Direct call from $14:$AEEE; Direct call from $1E:$8DF1	A,X,Y	A,P,X,Y	$00+X,$01+X,$02+X,$03+X	$C78C
1F	C78C	UpperFixedEngine_Entry_C78C	Direct call from $12:$97DA; Direct call from $12:$9B28; Direct call from $12:$9B9D; Direct call from $12:$9BB7; Direct call from $1C:$B07C; Direct call from $1C:$B1D6; Direct call from $1C:$B453; Direct call from $1C:$B971; Direct call from $1D:$95D2; Direct call from $1E:$8AD7; Direct call from $1E:$8B77; Direct call from $1E:$8BBB; Direct call from $1E:$8CC9; Direct call from $1E:$8CF5; Direct call from $1E:$8F91; Direct call from $1F:$C740; Direct call from $1F:$C772; Direct call from $1F:$D812; Direct call from $1F:$E1A9; Direct call from $1F:$E205; Direct call from $1F:$E20E; Direct call from $1F:$E260; Direct call from $1F:$E269; Direct call from $1F:$E336	A,X,Y	A,P,X,Y	$16	
1F	C7E1	UpperFixedEngine_Entry_C7E1	Direct call from $14:$9F7F	A,X,Y	A,P,X,Y	$0108+Y,$0501,$0507,$BFFF,$FFFF	$FF91
1F	C7FB	UpperFixedEngine_Entry_C7FB	Direct call from $10:$948A; Direct call from $12:$AD0D; Direct call from $13:$AEBC; Direct call from $1F:$C807	A,X	A,P	$00+X,$01+X	
1F	C807	UpperFixedEngine_Entry_C807	Direct call from $1E:$A121	A,X,Y	A,P	$01+X	$C7FB
1F	C813	AddByteToPointer	Direct call from $10:$947A; Direct call from $10:$9A28; Direct call from $11:$8C98; Direct call from $11:$8C9C; Direct call from $11:$AEAC; Direct call from $11:$B7CD; Direct call from $12:$832C; Direct call from $12:$8384; Direct call from $12:$AC36; Direct call from $12:$AC69; Direct call from $12:$ACA2; Direct call from $13:$84F7; Direct call from $13:$84FB; Direct call from $13:$9963; Direct call from $13:$A52D; Direct call from $13:$A5CA; Direct call from $13:$AB1E; Direct call from $13:$B2CE; Direct call from $13:$B3A4; Direct call from $13:$B456; Direct call from $13:$B59E; Direct call from $1E:$9EB5; Direct call from $1F:$C81D	A,X	A,P	$00+X,$01+X	
1F	C81D	AddWordToPointer	Direct call from $10:$8ACB; Direct call from $11:$BA7A; Direct call from $12:$8F32; Direct call from $12:$90A2; Direct call from $12:$AB2A; Direct call from $12:$AB5A; Direct call from $12:$AB7F; Direct call from $12:$BC0D; Direct call from $12:$BC1D; Direct call from $12:$BC26; Direct call from $13:$A0B8; Direct call from $13:$AE60; Direct call from $18:$9C9D; Direct call from $18:$9E2A; Direct call from $1E:$8AB4; Direct call from $1E:$9EBC; Direct call from $1E:$A076; Direct call from $1F:$D401; Direct call from $1F:$D408	A,X,Y	A,P	$01+X	$C813
1F	C827	MultiplyPointerWord	Direct call from $10:$8BD6; Direct call from $10:$A1CC; Direct call from $10:$A6DD; Direct call from $11:$86A7; Direct call from $11:$94DF; Direct call from $11:$982B; Direct call from $11:$990D; Direct call from $11:$9932; Direct call from $11:$99F5; Direct call from $11:$99FC; Direct call from $11:$9C37; Direct call from $11:$9F8B; Direct call from $11:$B7C3; Direct call from $11:$BA73; Direct call from $12:$899A; Direct call from $12:$8F29; Direct call from $12:$9099; Direct call from $12:$9E00; Direct call from $12:$A41A; Direct call from $12:$AD28; Direct call from $12:$BBED; Direct call from $12:$BC04; Direct call from $13:$85DF; Direct call from $13:$8D83; Direct call from $13:$9186; Direct call from $13:$92CF; Direct call from $13:$9ED3; Direct call from $13:$9F4A; Direct call from $13:$B3D1; Direct call from $14:$BD0F; Direct call from $15:$A5F1; Direct call from $15:$A607; Direct call from $15:$AC6F; Direct call from $15:$B621; Direct call from $15:$B681; Direct call from $15:$B69A; Direct call from $17:$80F4; Direct call from $17:$82BB; Direct call from $18:$9B9E; Direct call from $18:$9C94; Direct call from $18:$9CEA; Direct call from $18:$9E21; Direct call from $18:$A1B9; Direct call from $18:$A934; Direct call from $1E:$9EB0; Direct call from $1E:$A06F; Direct call from $1E:$A161; Direct call from $1E:$A6B9; Direct call from $1E:$AE39; Direct call from $1E:$B493; Direct call from $1F:$D3FB	A,X	A,P	$00+X,$01+X,$16,$17,$18	
1F	C851	UpperFixedEngine_Entry_C851	Direct call from $10:$87C5; Direct call from $10:$A27D; Direct call from $10:$A9AD; Direct call from $11:$848E; Direct call from $11:$9937; Direct call from $11:$9996; Direct call from $11:$9A01; Direct call from $11:$B7C8; Direct call from $12:$899F; Direct call from $12:$9E05; Direct call from $12:$A41F; Direct call from $13:$9059; Direct call from $13:$908C; Direct call from $13:$976B; Direct call from $13:$998E; Direct call from $13:$9B60; Direct call from $13:$AD33; Direct call from $13:$ADF3; Direct call from $13:$B2C9; Direct call from $13:$B2EE; Direct call from $14:$A0F3; Direct call from $15:$A07F; Direct call from $15:$A266; Direct call from $15:$A43A; Direct call from $15:$B693; Direct call from $18:$A965	A,X,Y	A,P,Y	$00+X,$01+X,$16,$17,$18,$19	
1F	C888	UpperFixedEngine_Entry_C888	Direct call from $14:$9FCD; Direct call from $14:$9FD3; Direct call from $14:$9FD8; Direct call from $14:$9FDD; Direct call from $14:$9FE2; Direct call from $18:$B7C5	X	A,P	$00+X,$01+X	
1F	C891	UpperFixedEngine_Entry_C891	Direct call from $10:$AC89; Direct call from $10:$ADC6; Direct call from $10:$AF78; Direct call from $10:$B09A; Direct call from $10:$B0A1; Direct call from $11:$987D; Direct call from $11:$AD4B; Direct call from $11:$B310; Direct call from $11:$BE08; Direct call from $12:$91FD; Direct call from $12:$9232; Direct call from $12:$923E; Direct call from $12:$92D7; Direct call from $12:$A8DD; Direct call from $13:$92CA; Direct call from $13:$9ED8; Direct call from $13:$B091; Direct call from $14:$90FB; Direct call from $15:$A06E; Direct call from $15:$A258; Direct call from $15:$A2D8; Direct call from $15:$A31E; Direct call from $15:$A32C; Direct call from $15:$A33E; Direct call from $15:$A38B; Direct call from $15:$A3B7; Direct call from $15:$A426; Direct call from $15:$A42D; Direct call from $15:$A592; Direct call from $15:$A5E4; Direct call from $15:$A5FA; Direct call from $15:$AC62; Direct call from $15:$BEE9; Direct call from $17:$8658; Direct call from $17:$865F; Direct call from $17:$8666; Direct call from $17:$8726; Direct call from $17:$8753; Direct call from $17:$9C6B; Direct call from $17:$A186; Direct call from $17:$A18E; Direct call from $17:$A1E4; Direct call from $17:$A1F1; Direct call from $17:$A1F7; Direct call from $18:$9D06; Direct call from $18:$9DE4; Direct call from $18:$9ED8; Direct call from $18:$9F13; Direct call from $18:$9FA7; Direct call from $18:$A921; Direct call from $1B:$91C8; Direct call from $1D:$8CF3; Direct call from $1D:$8CFA; Direct call from $1D:$9AE2; Direct call from $1D:$A18C; Direct call from $1D:$A3E0; Direct call from $1E:$990B; Direct call from $1E:$B052; Direct call from $1F:$D49A; Direct call from $1F:$D8ED; Direct call from $1F:$DCF3; Direct call from $1F:$DD90	A,Y	A,P,Y	$050D,$16	$C8AD
1F	C8AD	UpperFixedEngine_Entry_C8AD	Direct call from $12:$ACB4; Direct call from $1F:$C897; Direct call from $1F:$C89E	A,Y	A,P,Y	$12,$13,$16	
1F	C8CC	UpperFixedEngine_Entry_C8CC	Direct call from $10:$81E8; Direct call from $10:$8206; Direct call from $12:$872F; Direct call from $12:$9418; Direct call from $15:$9905; Direct call from $15:$9F68; Direct call from $15:$A4C3; Direct call from $17:$83D3; Direct call from $1D:$8E1D; Direct call from $1E:$81FF; Direct call from $1E:$821F; Direct call from $1E:$84B6; Direct call from $1E:$B3F8; Direct call from $1F:$D1F0	A,X	A,P,X		$C8EC,$FF74
1F	C8E1	UpperFixedEngine_Entry_C8E1	Direct call from $12:$9CD5; Direct call from $12:$A5AC; Direct call from $12:$A5D5; Direct call from $12:$A6CA; Direct call from $12:$AEB5; Direct call from $12:$AEE9; Direct call from $12:$AEFE; Direct call from $12:$AF55; Direct call from $12:$AFCB; Direct call from $1B:$A751; Direct call from $1E:$B2D6		A,P		$C8EC,$FF74
1F	C8EC	UpperFixedEngine_Entry_C8EC	Direct call from $12:$861F; Direct call from $12:$864B; Direct call from $12:$88D7; Direct call from $12:$BC42; Direct call from $12:$BC9A; Direct call from $16:$81B0; Direct call from $16:$90D2; Direct call from $17:$810D; Direct call from $17:$8134; Direct call from $17:$8926; Direct call from $17:$89FA; Direct call from $17:$8B17; Direct call from $17:$8DC4; Direct call from $17:$9CA4; Direct call from $17:$9F07; Direct call from $17:$A050; Direct call from $17:$A099; Direct call from $18:$AD49; Direct call from $1B:$A7FC; Direct call from $1D:$A416; Direct call from $1F:$C8D0; Direct call from $1F:$C8E4; Direct call from $1F:$D233; Direct call from $1F:$F0D3	A,X,Y	A,P,X,Y	$14+X,$4016	$C8F3
1F	C8F3	UpperFixedEngine_Entry_C8F3	Direct call from $1F:$C8EE	A,X,Y	A,P,Y	$14+X,$4016	
1F	C90C	UpperFixedEngine_Entry_C90C	Direct call from $11:$817D; Direct call from $11:$81F7; Direct call from $11:$B686; Direct call from $11:$B68F; Direct call from $11:$BDA2; Direct call from $11:$BDDE; Direct call from $11:$BDE6; Direct call from $12:$8601; Direct call from $12:$97E7; Direct call from $12:$97FE; Direct call from $12:$9823; Direct call from $12:$990D; Direct call from $12:$A36F; Direct call from $12:$A498; Direct call from $12:$A7C7; Direct call from $12:$A848; Direct call from $12:$AF4E; Direct call from $12:$AFB6; Direct call from $12:$B1A3; Direct call from $14:$8314; Direct call from $14:$831F; Direct call from $14:$8358; Direct call from $14:$838A; Direct call from $14:$8392; Direct call from $14:$839A; Direct call from $14:$8401; Direct call from $14:$8439; Direct call from $14:$8444; Direct call from $14:$8967; Direct call from $14:$8BB4; Direct call from $14:$8C09; Direct call from $14:$8C3C; Direct call from $14:$8C46; Direct call from $14:$9085; Direct call from $14:$A4E9; Direct call from $14:$A4F6; Direct call from $14:$A56A; Direct call from $14:$A587; Direct call from $14:$A5AC; Direct call from $14:$A5B6; Direct call from $14:$A8A6; Direct call from $14:$A920; Direct call from $14:$A937; Direct call from $14:$A945; Direct call from $14:$A95D; Direct call from $14:$A970; Direct call from $14:$A988; Direct call from $14:$A99B; Direct call from $14:$A9B7; Direct call from $14:$A9C1; Direct call from $14:$A9CF; Direct call from $14:$A9E6; Direct call from $14:$A9F0; Direct call from $14:$AF0C; Direct call from $16:$8209; Direct call from $17:$86AF; Direct call from $17:$88EF; Direct call from $17:$8D1C; Direct call from $17:$8F20; Direct call from $17:$9448; Direct call from $17:$9C9C; Direct call from $17:$9F16; Direct call from $18:$A183; Direct call from $18:$B234; Direct call from $1B:$921E; Direct call from $1B:$936B; Direct call from $1B:$9E99; Direct call from $1B:$A544; Direct call from $1B:$A573; Direct call from $1B:$AB67; Direct call from $1B:$AC9A; Direct call from $1B:$AD55; Direct call from $1B:$AD5D; Direct call from $1B:$AD68; Direct call from $1B:$AFFC; Direct call from $1B:$B562; Direct call from $1B:$B591; Direct call from $1B:$B632; Direct call from $1B:$B637; Direct call from $1B:$B63C; Direct call from $1B:$B641; Direct call from $1B:$B646; Direct call from $1B:$B64B; Direct call from $1C:$ADF9; Direct call from $1C:$B380; Direct call from $1C:$B391; Direct call from $1C:$B412; Direct call from $1C:$B7B1; Direct call from $1C:$BBED; Direct call from $1C:$BC01; Direct call from $1C:$BEE5; Direct call from $1D:$94A2; Direct call from $1D:$94EB; Direct call from $1D:$9525; Direct call from $1D:$9597; Direct call from $1D:$9DFA; Direct call from $1D:$9E0E; Direct call from $1D:$A0DE; Direct call from $1D:$AD83; Direct call from $1D:$B9AF; Direct call from $1E:$85FC; Direct call from $1E:$8C6C; Direct call from $1E:$8D3E; Direct call from $1E:$BA60; Direct call from $1E:$BA69; Direct call from $1E:$BA91; Direct call from $1E:$BAC8; Direct call from $1F:$C5D1; Direct call from $1F:$F1C1	X	P,X		$FF74
1F	C913	UpperFixedEngine_Entry_C913	Direct call from $1F:$FF82	A,X,Y	A,P,X,Y		$C91F
1F	C91F	UpperFixedEngine_Entry_C91F	Direct call from $1F:$C917	A,X	A,P,X	$0513	$C94E
1F	C94E	UpperFixedEngine_Entry_C94E	Direct call from $1F:$C934; Direct call from $1F:$C93A	A,X,Y	A,P,X,Y	$0200+X,$0200+Y,$10	
1F	C983	UpperFixedEngine_Entry_C983	Direct call from $1F:$C968	A,X	A,P,X	$6CAD+X	
1F	C9ED	UpperFixedEngine_Entry_C9ED	Direct call from $1B:$ACBC		P		$CA21,$CB98,$CBB4,$D542,$E06E
1F	CA21	UpperFixedEngine_Entry_CA21	Direct call from $1F:$C9F3	A,X	A,P,X	$052F	$CA41,$CB1E,$CB71,$CBF8
1F	CA41	UpperFixedEngine_Entry_CA41	Direct call from $1F:$CA30	A,X,Y	A,P,X,Y	$0529,$058E,$058F,$0597,$14,$14+X,$4016,$56,$70E0+X	$C8F3,$D241,$DB18
1F	CB1E	UpperFixedEngine_Entry_CB1E	Direct call from $1F:$CA33	A,X	A,P,X		$CBBE,$CBCA,$CBD6,$CBE4
1F	CB71	UpperFixedEngine_Entry_CB71	Direct call from $1F:$CA39	A	A,P	$0539	
1F	CB98	UpperFixedEngine_Entry_CB98	Direct call from $1F:$C9F0	A,X	A,P,X	$0529,$052E,$4016	
1F	CBB4	UpperFixedEngine_Entry_CBB4	Direct call from $1D:$9612; Direct call from $1E:$853D; Direct call from $1E:$9D96; Direct call from $1F:$C9ED	A	A,P	$0526	
1F	CBBE	UpperFixedEngine_Entry_CBBE	Direct call from $1F:$CB46; Direct call from $1F:$CB4D; Direct call from $1F:$CB5D; Direct call from $1F:$CB64	A	A,P	$3D	$CC88,$CD85
1F	CBCA	UpperFixedEngine_Entry_CBCA	Direct call from $1F:$CB3D; Direct call from $1F:$CB50; Direct call from $1F:$CB5A; Direct call from $1F:$CB6D	A	A,P	$3D	$CC88,$CD85
1F	CBD6	UpperFixedEngine_Entry_CBD6	Direct call from $1F:$CB40; Direct call from $1F:$CB4A; Direct call from $1F:$CB60; Direct call from $1F:$CB6A	A	A,P	$3D	$CC88,$CD85
1F	CBE4	UpperFixedEngine_Entry_CBE4	Direct call from $1F:$CB43; Direct call from $1F:$CB53; Direct call from $1F:$CB57; Direct call from $1F:$CB67	A	A,P	$3D	$CC88,$CD85
1F	CBF8	UpperFixedEngine_Entry_CBF8	Direct call from $1F:$CA36	A,X	A,P,X,Y	$0529,$0539	$C8CC,$D1FD,$D251
1F	CC88	UpperFixedEngine_Entry_CC88	Direct call from $1F:$CBF1	A	A,P	$0528,$3E	$C007,$CC91,$CDDC,$CF91
1F	CC91	UpperFixedEngine_Entry_CC91	Direct call from $1F:$CC8B	A,X,Y	A,P,X,Y	$0201+X,$0202+X,$0205+X,$0206+X,$0209+X,$020A+X,$020D+X,$020E+X,$054E,$054F,$42+X,$43+X,$6195+X,$6196+X,$6F60,$6F60+X,$6F66+Y,$6F67+Y,$6F68+Y,$6F80,$6F80+X,$6F86+Y,$6F87+Y,$6F88+Y,$7000+X	$C78C,$CD0F,$CD52,$CD78,$D16F,$D7FC,$D864,$D876
1F	CD0F	UpperFixedEngine_Entry_CD0F	Direct call from $1F:$CCE6	A,X,Y	A,P,X,Y	$6FA7+X,$EC+X	$CD52,$D7FC
1F	CD52	UpperFixedEngine_Entry_CD52	Direct call from $1F:$CD4E	A,X	A,P,X	$6FE9	
1F	CD78	UpperFixedEngine_Entry_CD78	Direct call from $1F:$CCD5; Direct call from $1F:$CCDD; Direct call from $1F:$CCE1	A,Y	A,P	$7006+Y	
1F	CD85	UpperFixedEngine_Entry_CD85	Direct call from $1F:$CBC2; Direct call from $1F:$CBCE; Direct call from $1F:$CBDC; Direct call from $1F:$CBEA	A,Y	A,P,X,Y	$0539	$D1FD
1F	CDDC	UpperFixedEngine_Entry_CDDC	Direct call from $1F:$CDD8	A	A,P	$0516,$628C,$628D,$62ED	
1F	CF91	UpperFixedEngine_Entry_CF91	Direct call from $1F:$CC88	A,X,Y	A,P,X,Y	$0515,$0527,$059E,$54,$7000,$7000+X	$D16F,$D1C9,$D251,$D3E6,$D7FC
1F	D16F	UpperFixedEngine_Entry_D16F	Direct call from $1F:$CC91; Direct call from $1F:$CFA5	A,X,Y	A,P,X,Y	$52,$52+X,$53,$57,$58	
1F	D1C9	UpperFixedEngine_Entry_D1C9	Direct call from $1F:$D00C; Direct call from $1F:$D0B9	A	A,P	$7140,$7141,$7142,$7143	
1F	D1ED	UpperFixedEngine_Entry_D1ED	Direct call from $18:$A0F3	A	A,P	$0539	$C8CC,$D1FD
1F	D1F3	UpperFixedEngine_Entry_D1F3	Direct call from $12:$97A9; Direct call from $15:$ABC0; Direct call from $1B:$AFF7; Direct call from $1C:$AFAF; Direct call from $1C:$B185; Direct call from $1C:$B954; Direct call from $1D:$A045; Direct call from $1D:$A08F; Direct call from $1D:$A2E9; Direct call from $1D:$A4A3; Direct call from $1D:$A4FF; Direct call from $1D:$A5BE; Direct call from $1D:$A5FA; Direct call from $1D:$A8F2; Direct call from $1D:$A901; Direct call from $1D:$A94E; Direct call from $1D:$AAAE; Direct call from $1D:$AAEC; Direct call from $1D:$AB92; Direct call from $1D:$AB98; Direct call from $1D:$ADD1; Direct call from $1D:$ADFC; Direct call from $1D:$B5CD; Direct call from $1E:$8352; Direct call from $1E:$AD8D; Direct call from $1E:$ADA4; Direct call from $1E:$B00B; Direct call from $1E:$B0AD; Direct call from $1E:$B2D9; Direct call from $1E:$B32D; Direct call from $1E:$BA17	A	A,P	$0539	
1F	D1FD	UpperFixedEngine_Entry_D1FD	Direct call from $1F:$CDB9; Direct call from $1F:$D1ED; Direct call from $1F:$D207	A	P		
1F	D20A	UpperFixedEngine_Entry_D20A	Direct call from $1C:$AFC0; Direct call from $1C:$B036; Direct call from $1C:$BB32; Direct call from $1C:$BC26; Direct call from $1C:$BCE6; Direct call from $1C:$BE16; Direct call from $1D:$9B01; Direct call from $1D:$A02E; Direct call from $1D:$A252; Direct call from $1D:$A5F4; Direct call from $1D:$A71C; Direct call from $1D:$AA15; Direct call from $1D:$ACC0; Direct call from $1D:$AF48; Direct call from $1D:$B084; Direct call from $1D:$B0EE; Direct call from $1D:$B161; Direct call from $1D:$B1C9; Direct call from $1D:$B2C5; Direct call from $1D:$B3E3; Direct call from $1E:$94D3; Direct call from $1E:$94F8; Direct call from $1E:$9518; Direct call from $1E:$955B; Direct call from $1E:$B121	A	A,P	$0539	$D218
1F	D210	UpperFixedEngine_Entry_D210	Direct call from $15:$9DFF; Direct call from $15:$9E56; Direct call from $15:$A68B; Direct call from $15:$BF39; Direct call from $17:$884D; Direct call from $1C:$B182; Direct call from $1C:$BDEE; Direct call from $1D:$A5CA	A	A,P	$00	$D230
1F	D214	UpperFixedEngine_Entry_D214	Direct call from $15:$A0AB; Direct call from $15:$A0F3; Direct call from $15:$A0F9; Direct call from $15:$AA74; Direct call from $15:$AAEF; Direct call from $15:$ABBD; Direct call from $15:$AFB4; Direct call from $15:$AFF0; Direct call from $15:$B0D1; Direct call from $18:$AA4E; Direct call from $1D:$A08C; Direct call from $1D:$A4FC; Direct call from $1D:$A738; Direct call from $1D:$AAE9; Direct call from $1D:$B59A	A	A,P	$00	$D230
1F	D218	UpperFixedEngine_Entry_D218	Direct call from $12:$B1E1; Direct call from $12:$B2D6; Direct call from $12:$B39F; Direct call from $15:$990D; Direct call from $15:$A20C; Direct call from $15:$B0DA; Direct call from $15:$BEF9; Direct call from $18:$AA02; Direct call from $1B:$A745; Direct call from $1B:$ABE0; Direct call from $1C:$AFAC; Direct call from $1C:$AFF4; Direct call from $1C:$B11D; Direct call from $1C:$BAF5; Direct call from $1C:$BB45; Direct call from $1D:$A0BA; Direct call from $1D:$A8DC; Direct call from $1D:$A8EF; Direct call from $1D:$A94B; Direct call from $1D:$A9EB; Direct call from $1D:$AAAB; Direct call from $1D:$AB11; Direct call from $1D:$AB8F; Direct call from $1D:$ABB6; Direct call from $1D:$AFAA; Direct call from $1D:$B043; Direct call from $1F:$D20A; Pointer $15:$85C4 (Command $00 callback operand parsed from a pointer-delimited effect script)	A	A,P	$00	$D230
1F	D230	UpperFixedEngine_Entry_D230	Direct call from $1F:$D21C; Direct call from $1F:$D226		A,P		$C8EC,$FF74
1F	D241	UpperFixedEngine_Entry_D241	Direct call from $1F:$CA5C	A,X,Y	A,P,X,Y	$0529,$14,$14+X,$4016	$C8F3
1F	D251	UpperFixedEngine_Entry_D251	Direct call from $16:$8DF8; Direct call from $1E:$BADE; Direct call from $1F:$CC39; Direct call from $1F:$CFB3; Direct call from $1F:$D4DD	A	A,P	$04	$D266,$FF91
1F	D266	UpperFixedEngine_Entry_D266	Direct call from $1F:$D25B	X,Y	P	$00,$01	$D2B7,$D2E9,$D333,$D523
1F	D2B7	UpperFixedEngine_Entry_D2B7	Direct call from $1F:$D26A	A,X,Y	A,P,X,Y	$49,$4A	
1F	D2E9	UpperFixedEngine_Entry_D2E9	Direct call from $1F:$D26D	A,X,Y	A,P,X,Y	$02,$49,$4A	
1F	D333	UpperFixedEngine_Entry_D333	Direct call from $1F:$D270	A,Y	A,P,Y	$02,$03	$D38B
1F	D38B	UpperFixedEngine_Entry_D38B	Direct call from $1F:$D386	A,X,Y	A,P,X,Y	$02,$03	
1F	D3E6	UpperFixedEngine_Entry_D3E6	Direct call from $16:$8E01; Direct call from $1C:$98A3; Direct call from $1C:$9F4B; Direct call from $1C:$AD27; Direct call from $1D:$991A; Direct call from $1D:$A988; Direct call from $1D:$AC21; Direct call from $1E:$80CA; Direct call from $1E:$83E0; Direct call from $1E:$87A6; Direct call from $1E:$8F1C; Direct call from $1E:$8F35; Direct call from $1E:$8F63; Direct call from $1E:$90C0; Direct call from $1E:$A607; Direct call from $1E:$AAEE; Direct call from $1E:$B88A; Direct call from $1E:$B8B7; Direct call from $1E:$BA1E; Direct call from $1F:$D084; Direct call from $1F:$D699; Direct call from $1F:$DBEA	A,X,Y	A,P,X,Y	$00,$01	$C81D,$C827,$D459
1F	D459	UpperFixedEngine_Entry_D459	Direct call from $1F:$D416	A,X,Y	A,P,X,Y		
1F	D486	UpperFixedEngine_Entry_D486	Direct call from $16:$8DFB	A,X	A,P,X		$C891,$D4B5
1F	D4B5	UpperFixedEngine_Entry_D4B5	Direct call from $1F:$D48A	A	A,P	$53,$54,$59	$D4D9
1F	D4D9	UpperFixedEngine_Entry_D4D9	Direct call from $1F:$D4B9; Direct call from $1F:$D4C0; Direct call from $1F:$D4C7; Direct call from $1F:$D4CE	A	A,P,X,Y	$59	$D251
1F	D4F3	UpperFixedEngine_Entry_D4F3	Direct call from $16:$8E04; Direct call from $1E:$A93A	A,X	A,P,X		
1F	D523	UpperFixedEngine_Entry_D523	Direct call from $1F:$D273	A	A,P		
1F	D53B	UpperFixedEngine_Entry_D53B	Direct call from $1F:$D112	A,X	A,P,X	$07CA,$51,$56,$58,$6CDC,$6CDD,$7004+X,$7B,$7C	$D57F,$D59D,$D5AD,$D5C0,$FF91
1F	D542	UpperFixedEngine_Entry_D542	Direct call from $1E:$8531; Direct call from $1F:$C9F6	A,X	A,P,X	$07CA,$51,$56,$58,$6CDC,$6CDD,$7004+X,$7B,$7C	$D57F,$D59D,$D5AD,$D5C0,$FF91
1F	D57F	UpperFixedEngine_Entry_D57F	Direct call from $1F:$D571		P		$D5EE,$D607
1F	D59D	UpperFixedEngine_Entry_D59D	Direct call from $1F:$D59A	A,X	A,P,X	$7004+X	
1F	D5AD	UpperFixedEngine_Entry_D5AD	Direct call from $1F:$D595		A,P		$D5EE,$D5FE,$FF91
1F	D5C0	UpperFixedEngine_Entry_D5C0	Direct call from $1F:$D589	A,X	A,P,X	$51,$57	$D5EA,$D9CB
1F	D5EA	UpperFixedEngine_Entry_D5EA	Direct call from $1F:$D5D4		P		$D94B
1F	D5EE	UpperFixedEngine_Entry_D5EE	Direct call from $1F:$D582; Direct call from $1F:$D5B5	A	A,P	$51	$FF91
1F	D5FE	UpperFixedEngine_Entry_D5FE	Direct call from $1F:$D5B2	A,X,Y	A,P,X,Y	$0201+X,$0202+X,$0205+X,$0206+X,$0209+X,$020A+X,$020D+X,$020E+X,$54,$6F60+X,$6F80+X,$6FA0+X,$6FC0+X,$7000+X,$71E0+X	$C78C,$D621,$D63B,$D684,$D864,$D876,$D891,$FF91
1F	D607	UpperFixedEngine_Entry_D607	Direct call from $1F:$D57F	A,X,Y	A,P,X,Y	$0201+X,$0202+X,$0205+X,$0206+X,$0209+X,$020A+X,$020D+X,$020E+X,$54,$6F60+X,$6F80+X,$6FA0+X,$6FC0+X,$7000+X,$71E0+X	$C78C,$D621,$D63B,$D684,$D864,$D876,$D891,$FF91
1F	D621	UpperFixedEngine_Entry_D621	Direct call from $1F:$D615	A,X	A,P,X	$52,$53,$7020+X	$D6F4
1F	D63B	UpperFixedEngine_Entry_D63B	Direct call from $1F:$D610	A,X	A,P	$7040+X,$70E0+X	
1F	D684	UpperFixedEngine_Entry_D684	Direct call from $1F:$D61B	A,X	A,P,X,Y	$54,$55,$7140+X	$D3E6,$D6B6,$D6DB,$D6E8,$D6F4,$D722,$D752
1F	D6B6	UpperFixedEngine_Entry_D6B6	Direct call from $1F:$D6A2	A,X,Y	A,P,X,Y		
1F	D6DB	UpperFixedEngine_Entry_D6DB	Direct call from $1F:$D6A5	A	A,P		
1F	D6E8	UpperFixedEngine_Entry_D6E8	Direct call from $1F:$D6A8	A,X	A,P,X		
1F	D6F4	UpperFixedEngine_Entry_D6F4	Direct call from $1F:$D62B; Direct call from $1F:$D6AB	A	A,P	$5F,$60	
1F	D722	UpperFixedEngine_Entry_D722	Direct call from $1F:$D690	A,X	A,P,X		
1F	D752	UpperFixedEngine_Entry_D752	Direct call from $1F:$D685	A,X,Y	A,P,X,Y	$52,$53	
1F	D7D5	UpperFixedEngine_Entry_D7D5	Direct call from $1E:$8537; Direct call from $1E:$86E0; Direct call from $1E:$9D99	A	A,P,X		$D7F1
1F	D7F1	UpperFixedEngine_Entry_D7F1	Direct call from $1D:$A427; Direct call from $1D:$B94A; Direct call from $1F:$D7E1; Direct call from $1F:$D7E4; Direct call from $1F:$D7E7; Direct call from $1F:$D7EA; Direct call from $1F:$D7ED	A,X	A,P,X	$0201+X,$0202+X,$0205+X,$0206+X,$0209+X,$020A+X,$020D+X,$020E+X	$C78C,$D864,$D876
1F	D7FC	UpperFixedEngine_Entry_D7FC	Direct call from $15:$AF95; Direct call from $15:$AFEA; Direct call from $1E:$8117; Direct call from $1F:$CD42; Direct call from $1F:$CD4B; Direct call from $1F:$CFA2	A,X	A,P,X	$0201+X,$0202+X,$0205+X,$0206+X,$0209+X,$020A+X,$020D+X,$020E+X	$C78C,$D864,$D876
1F	D804	UpperFixedEngine_Entry_D804	Direct call from $1C:$B781; Direct call from $1D:$94BB; Direct call from $1D:$94CE; Direct call from $1D:$94FD; Direct call from $1D:$9560; Direct call from $1D:$9577; Direct call from $1D:$9586; Direct call from $1D:$960F; Direct call from $1E:$85E1; Direct call from $1E:$8618; Direct call from $1E:$8647; Direct call from $1E:$97F8; Direct call from $1E:$97FE; Direct call from $1E:$9804; Direct call from $1E:$980A; Direct call from $1E:$9811	A,X	A,P,X	$0201+X,$0202+X,$0205+X,$0206+X,$0209+X,$020A+X,$020D+X,$020E+X	$C78C,$D864,$D876
1F	D864	UpperFixedEngine_Entry_D864	Direct call from $12:$9B8D; Direct call from $1C:$BD01; Direct call from $1F:$D81A	A	A,P	$4F,$50	
1F	D876	UpperFixedEngine_Entry_D876	Direct call from $1C:$BD08; Direct call from $1F:$D822	A,X,Y	A,P,X,Y	$00+X	
1F	D891	UpperFixedEngine_Entry_D891	Direct call from $1F:$D618	A,X,Y	A,P,X,Y	$4D,$4E,$52,$53,$57	
1F	D8CB	UpperFixedEngine_Entry_D8CB	Pointer $1F:$DF02 (49-entry map-object command table selected at $D8A3-$D8B7; out-of-range values use entry zero)		A,P		$DA59,$DDE3
1F	D8CE	UpperFixedEngine_Entry_D8CE	Pointer $1F:$DF60 (49-entry map-object command table selected at $D8A3-$D8B7; out-of-range values use entry zero)		A,P		$DA59
1F	D8D4	UpperFixedEngine_Entry_D8D4	Pointer $1F:$DF04 (49-entry map-object command table selected at $D8A3-$D8B7; out-of-range values use entry zero)		A,P		$DA47,$DDE3
1F	D8D7	UpperFixedEngine_Entry_D8D7	Pointer $1F:$DF56 (49-entry map-object command table selected at $D8A3-$D8B7; out-of-range values use entry zero)		A,P		$DA47
1F	D8DD	UpperFixedEngine_Entry_D8DD	Pointer $1F:$DF06 (49-entry map-object command table selected at $D8A3-$D8B7; out-of-range values use entry zero)	A,X	A,P	$68,$7000+X	$C891,$DDE3
1F	D8E0	UpperFixedEngine_Entry_D8E0	Pointer $1F:$DF58 (49-entry map-object command table selected at $D8A3-$D8B7; out-of-range values use entry zero)	A,X	A,P	$68,$7000+X	$C891
1F	D90A	UpperFixedEngine_Entry_D90A	Pointer $1F:$DF0C (49-entry map-object command table selected at $D8A3-$D8B7; out-of-range values use entry zero)	A,X	A,P	$7000+X	$DDE3
1F	D928	UpperFixedEngine_Entry_D928	Pointer $1F:$DF0E (49-entry map-object command table selected at $D8A3-$D8B7; out-of-range values use entry zero)	A,X	A,P	$7000+X	$DDE3
1F	D931	UpperFixedEngine_Entry_D931	Pointer $1F:$DF10 (49-entry map-object command table selected at $D8A3-$D8B7; out-of-range values use entry zero)		A,P		$D9AB
1F	D937	UpperFixedEngine_Entry_D937	Pointer $1F:$DF12 (49-entry map-object command table selected at $D8A3-$D8B7; out-of-range values use entry zero)	A,X	A,P	$6F60+X,$6F80+X,$6FA0+X,$6FC0+X	$D9AB
1F	D94B	UpperFixedEngine_Entry_D94B	Direct call from $1F:$D5EA; Pointer $1F:$DF14 (49-entry map-object command table selected at $D8A3-$D8B7; out-of-range values use entry zero); Pointer $1F:$DF16 (49-entry map-object command table selected at $D8A3-$D8B7; out-of-range values use entry zero)	A,X	A,P,X	$7020+X,$7160+X	$DDE3
1F	D9AB	UpperFixedEngine_Entry_D9AB	Direct call from $1F:$D931; Direct call from $1F:$D937	A,X	A,P,X	$7020+X	$DDE7
1F	D9B8	UpperFixedEngine_Entry_D9B8	Pointer $1F:$DF18 (49-entry map-object command table selected at $D8A3-$D8B7; out-of-range values use entry zero)	A,X	A,P,X	$7020+X	$DA11,$DDE3
1F	D9CB	UpperFixedEngine_Entry_D9CB	Direct call from $1F:$D5DA; Pointer $1F:$DF1A (49-entry map-object command table selected at $D8A3-$D8B7; out-of-range values use entry zero)	A,X	A,P,X	$7020+X,$7160+X	$DA11,$DDE3
1F	DA11	UpperFixedEngine_Entry_DA11	Direct call from $1F:$D9C2; Direct call from $1F:$DA0B	A,X	A,P	$6FA0+X,$6FC0+X	
1F	DA1E	UpperFixedEngine_Entry_DA1E	Pointer $1F:$DF1C (49-entry map-object command table selected at $D8A3-$D8B7; out-of-range values use entry zero)		A,P,X		$DDF3
1F	DA2E	UpperFixedEngine_Entry_DA2E	Pointer $1F:$DF1E (49-entry map-object command table selected at $D8A3-$D8B7; out-of-range values use entry zero)	A,X	A,P,X	$70E0+X	$DDE3
1F	DA3E	UpperFixedEngine_Entry_DA3E	Pointer $1F:$DF20 (49-entry map-object command table selected at $D8A3-$D8B7; out-of-range values use entry zero)	A,X,Y	A,P,X,Y	$4D,$4E,$52,$53,$57	$DA47,$DDE3
1F	DA47	UpperFixedEngine_Entry_DA47	Direct call from $1F:$D8D7; Direct call from $1F:$DA3E	A,X	A,P	$70E0+X	
1F	DA50	UpperFixedEngine_Entry_DA50	Pointer $1F:$DF22 (49-entry map-object command table selected at $D8A3-$D8B7; out-of-range values use entry zero)	A,X,Y	A,P,X,Y	$4D,$4E,$52,$53,$57	$DA59,$DDE3
1F	DA59	UpperFixedEngine_Entry_DA59	Direct call from $1F:$D8CE; Direct call from $1F:$DA50	A,X	A,P	$70E0+X	
1F	DA62	UpperFixedEngine_Entry_DA62	Pointer $1F:$DF24 (49-entry map-object command table selected at $D8A3-$D8B7; out-of-range values use entry zero)	A,X,Y	A,P,X,Y	$4D,$4E,$52,$53,$57,$7040+X,$70E0+X	$DDE3
1F	DA75	UpperFixedEngine_Entry_DA75	Pointer $1F:$DF26 (49-entry map-object command table selected at $D8A3-$D8B7; out-of-range values use entry zero); Pointer $1F:$DF28 (49-entry map-object command table selected at $D8A3-$D8B7; out-of-range values use entry zero); Pointer $1F:$DF2A (49-entry map-object command table selected at $D8A3-$D8B7; out-of-range values use entry zero); Pointer $1F:$DF2C (49-entry map-object command table selected at $D8A3-$D8B7; out-of-range values use entry zero); Pointer $1F:$DF2E (49-entry map-object command table selected at $D8A3-$D8B7; out-of-range values use entry zero); Pointer $1F:$DF30 (49-entry map-object command table selected at $D8A3-$D8B7; out-of-range values use entry zero); Pointer $1F:$DF32 (49-entry map-object command table selected at $D8A3-$D8B7; out-of-range values use entry zero); Pointer $1F:$DF34 (49-entry map-object command table selected at $D8A3-$D8B7; out-of-range values use entry zero); Pointer $1F:$DF36 (49-entry map-object command table selected at $D8A3-$D8B7; out-of-range values use entry zero); Pointer $1F:$DF38 (49-entry map-object command table selected at $D8A3-$D8B7; out-of-range values use entry zero); Pointer $1F:$DF3A (49-entry map-object command table selected at $D8A3-$D8B7; out-of-range values use entry zero); Pointer $1F:$DF3C (49-entry map-object command table selected at $D8A3-$D8B7; out-of-range values use entry zero); Pointer $1F:$DF3E (49-entry map-object command table selected at $D8A3-$D8B7; out-of-range values use entry zero); Pointer $1F:$DF40 (49-entry map-object command table selected at $D8A3-$D8B7; out-of-range values use entry zero); Pointer $1F:$DF42 (49-entry map-object command table selected at $D8A3-$D8B7; out-of-range values use entry zero)	A,X,Y	A,P,X,Y	$4D,$4E,$52,$53,$57,$7040+X,$70E0+X	$DDE3
1F	DA97	UpperFixedEngine_Entry_DA97	Pointer $1F:$DF44 (49-entry map-object command table selected at $D8A3-$D8B7; out-of-range values use entry zero)	Y	A,P,Y		$DDE0
1F	DAA4	UpperFixedEngine_Entry_DAA4	Pointer $1F:$DF46 (49-entry map-object command table selected at $D8A3-$D8B7; out-of-range values use entry zero)	A	A,P,X		$DAC6,$DDE0,$FF91
1F	DAC6	UpperFixedEngine_Entry_DAC6	Direct call from $1F:$DAB4	A,X,Y	A,P,X,Y	$00,$01,$0530,$0531,$0532,$0533,$55,$56	$C3EA,$DB6A
1F	DB18	UpperFixedEngine_Entry_DB18	Direct call from $1F:$CA4A	A	A,P,X,Y	$00,$01,$0530,$0531,$0532,$0533	$C3EA,$DB6A
1F	DB6A	UpperFixedEngine_Entry_DB6A	Direct call from $1F:$DB0D; Direct call from $1F:$DB18	A	A,P,X,Y	$00,$01	$C3EA
1F	DB83	UpperFixedEngine_Entry_DB83	Pointer $1F:$DF48 (49-entry map-object command table selected at $D8A3-$D8B7; out-of-range values use entry zero)	A,X,Y	A,P,X,Y	$4D,$4E,$52,$53,$57,$6FE0+X	$DDE0,$DDF3
1F	DBAD	UpperFixedEngine_Entry_DBAD	Pointer $1F:$DF4A (49-entry map-object command table selected at $D8A3-$D8B7; out-of-range values use entry zero)	A,X,Y	A,P,X,Y	$4D,$4E,$52,$53,$57,$71A0+X,$71C0+X	$DDDD
1F	DBD0	UpperFixedEngine_Entry_DBD0	Pointer $1F:$DF4C (49-entry map-object command table selected at $D8A3-$D8B7; out-of-range values use entry zero)	A,X,Y	A,P,X,Y	$4D,$4E,$52,$53,$57,$6F60+X,$6F80+X,$6FA0+X,$6FC0+X,$7140+X	$D3E6,$DDDD
1F	DBF5	UpperFixedEngine_Entry_DBF5	Pointer $1F:$DF4E (49-entry map-object command table selected at $D8A3-$D8B7; out-of-range values use entry zero)	A,X,Y	A,P,X,Y	$0527,$0593,$0594,$059C	$DDDD
1F	DC16	UpperFixedEngine_Entry_DC16	Pointer $1F:$DF50 (49-entry map-object command table selected at $D8A3-$D8B7; out-of-range values use entry zero)	A,X,Y	A,P,X,Y	($52),Y,$4D,$4E,$52,$53,$57	$DC3B,$DDDA
1F	DC23	UpperFixedEngine_Entry_DC23	Pointer $1F:$DF52 (49-entry map-object command table selected at $D8A3-$D8B7; out-of-range values use entry zero)	A,X,Y	A,P,X,Y	($52),Y,$4D,$4E,$52,$53,$57	$DC3B,$DDDA
1F	DC30	UpperFixedEngine_Entry_DC30	Pointer $1F:$DF54 (49-entry map-object command table selected at $D8A3-$D8B7; out-of-range values use entry zero)	A,X,Y	A,P,X,Y	($52),Y,$4D,$4E,$52,$53,$57	$DC3B,$DDDA
1F	DC3B	UpperFixedEngine_Entry_DC3B	Direct call from $1F:$DC16; Direct call from $1F:$DC23; Direct call from $1F:$DC30	A,Y	A,P,Y	$52,$53	
1F	DC4B	UpperFixedEngine_Entry_DC4B	Direct call from $1E:$9DD7; Pointer $1F:$DF08 (49-entry map-object command table selected at $D8A3-$D8B7; out-of-range values use entry zero)	A,X,Y	A,P,Y	$52,$53,$54	$C891,$DDE3,$DDF3
1F	DCFF	UpperFixedEngine_Entry_DCFF	Pointer $1F:$DF0A (49-entry map-object command table selected at $D8A3-$D8B7; out-of-range values use entry zero)	A,X,Y	A,P,Y	$52,$53,$54	$C891,$DDE3,$DDF3
1F	DD06	UpperFixedEngine_Entry_DD06	Pointer $1F:$DF5A (49-entry map-object command table selected at $D8A3-$D8B7; out-of-range values use entry zero)	A,Y	A,P,X,Y		
1F	DD1F	UpperFixedEngine_Entry_DD1F	Pointer $1F:$DF5C (49-entry map-object command table selected at $D8A3-$D8B7; out-of-range values use entry zero)	A,X,Y	A,P,X,Y	$53,$54	$C891,$DDF3
1F	DDAF	UpperFixedEngine_Entry_DDAF	Pointer $1F:$DF5E (49-entry map-object command table selected at $D8A3-$D8B7; out-of-range values use entry zero)	A,X,Y	A,P,X,Y	$4D,$4E,$52,$53,$57	$DDDA
1F	DDCB	UpperFixedEngine_Entry_DDCB	Pointer $1F:$DF62 (49-entry map-object command table selected at $D8A3-$D8B7; out-of-range values use entry zero)	Y	A,P,Y		
1F	DDDA	UpperFixedEngine_Entry_DDDA	Direct call from $1F:$DC1D; Direct call from $1F:$DC2A; Direct call from $1F:$DC35; Direct call from $1F:$DDBE		P		$DDE7
1F	DDDD	UpperFixedEngine_Entry_DDDD	Direct call from $1F:$DBBB; Direct call from $1F:$DBCA; Direct call from $1F:$DBE5; Direct call from $1F:$DBFE; Direct call from $1F:$DE78; Direct call from $1F:$DECF		P		$DDE7
1F	DDE0	UpperFixedEngine_Entry_DDE0	Direct call from $1F:$DA9B; Direct call from $1F:$DAB9; Direct call from $1F:$DBA7; Direct call from $1F:$DE30		P		$DDE7
1F	DDE3	UpperFixedEngine_Entry_DDE3	Direct call from $1F:$D8CB; Direct call from $1F:$D8D4; Direct call from $1F:$D8DD; Direct call from $1F:$D922; Direct call from $1F:$D97F; Direct call from $1F:$D9C5; Direct call from $1F:$D9FB; Direct call from $1F:$DA38; Direct call from $1F:$DA41; Direct call from $1F:$DA53; Direct call from $1F:$DA6F; Direct call from $1F:$DA91; Direct call from $1F:$DCF9; Direct call from $1F:$DE21		P		$DDE7
1F	DDE7	UpperFixedEngine_Entry_DDE7	Direct call from $1F:$DDDA; Direct call from $1F:$DDDD; Direct call from $1F:$DDE0; Direct call from $1F:$DDE3	X	P	$7060+X,$7080+X	
1F	DDF3	UpperFixedEngine_Entry_DDF3	Direct call from $1F:$DA26; Direct call from $1F:$DB8A; Direct call from $1F:$DCEA; Direct call from $1F:$DDAA; Direct call from $1F:$DEE0	A,X	A,P	$7000+X	
1F	DE06	UpperFixedEngine_Entry_DE06	Pointer $1F:$DF64 (Eleven-entry high-bit map-object command table selected and dispatched at $D8BA-$D8C8)	A,X,Y	A,P,X,Y	$4D,$4E,$52,$53,$57,$7060+X,$7080+X	
1F	DE0B	UpperFixedEngine_Entry_DE0B	Pointer $1F:$DF66 (Eleven-entry high-bit map-object command table selected and dispatched at $D8BA-$D8C8)	A,X,Y	A,P,X,Y	$4D,$4E,$52,$53,$57,$7060+X,$7080+X,$7180+X	$DDE3
1F	DE27	UpperFixedEngine_Entry_DE27	Pointer $1F:$DF68 (Eleven-entry high-bit map-object command table selected and dispatched at $D8BA-$D8C8)	A,X,Y	A,P,X,Y	$4D,$4E,$52,$53,$57,$70A0+X,$70C0+X,$7180+X	$DDE0
1F	DE42	UpperFixedEngine_Entry_DE42	Pointer $1F:$DF6A (Eleven-entry high-bit map-object command table selected and dispatched at $D8BA-$D8C8)	A,X,Y	A,P,X,Y	$4D,$4E,$52,$53,$57,$7060+X,$7080+X	
1F	DE5D	UpperFixedEngine_Entry_DE5D	Pointer $1F:$DF6C (Eleven-entry high-bit map-object command table selected and dispatched at $D8BA-$D8C8)	A,X,Y	A,P,X,Y	$4D,$4E,$52,$53,$57,$7060+X,$7080+X	
1F	DE6D	UpperFixedEngine_Entry_DE6D	Pointer $1F:$DF6E (Eleven-entry high-bit map-object command table selected and dispatched at $D8BA-$D8C8)	A,X,Y	A,P,X,Y	$4D,$4E,$52,$53,$57,$7060+X,$7080+X,$70A0+X,$70C0+X	$DDDD
1F	DE92	UpperFixedEngine_Entry_DE92	Pointer $1F:$DF70 (Eleven-entry high-bit map-object command table selected and dispatched at $D8BA-$D8C8)	A,Y	A,P,Y	$52,$53	
1F	DEA9	UpperFixedEngine_Entry_DEA9	Pointer $1F:$DEA5 (Two-entry map-object operation table selected and dispatched at $DE92-$DEA2)	A,X,Y	A,P,X,Y	$4D,$4E,$52,$53,$57,$7060+X,$7080+X	
1F	DECE	UpperFixedEngine_Entry_DECE	Pointer $1F:$DEA7 (Two-entry map-object operation table selected and dispatched at $DE92-$DEA2)		P		
1F	DECF	UpperFixedEngine_Entry_DECF	Pointer $1F:$DF72 (Eleven-entry high-bit map-object command table selected and dispatched at $D8BA-$D8C8)	A	A,P		$DDDD,$DDF3
1F	DEE5	UpperFixedEngine_Entry_DEE5	Pointer $1F:$DF74 (Eleven-entry high-bit map-object command table selected and dispatched at $D8BA-$D8C8); Pointer $1F:$DF76 (Eleven-entry high-bit map-object command table selected and dispatched at $D8BA-$D8C8); Pointer $1F:$DF78 (Eleven-entry high-bit map-object command table selected and dispatched at $D8BA-$D8C8)	A,Y	A,P,Y		
1F	DF7A	UpperFixedEngine_Entry_DF7A	Direct call from $16:$8732; Direct call from $16:$87B3	A,Y	A,P,Y	$98,$99,$9A	$DF9F,$FF91
1F	DF9F	UpperFixedEngine_Entry_DF9F	Direct call from $1F:$DF89; Direct call from $1F:$DF90; Direct call from $1F:$DF97	A,X	A,P,X	$0507,$49,$4A,$51	$FF91
1F	DFF1	UpperFixedEngine_Entry_DFF1	Direct call from $16:$88AD; Direct call from $1D:$AD89; Direct call from $1E:$876C; Direct call from $1E:$8A17; Direct call from $1E:$A7F7	A,X	A,P,X	$07BB,$16,$61,$7000+X,$7100+X,$7120+X,$E4,$EA,$EB,$EC,$ED	$E147,$E160,$E169,$E368,$E402,$E4F6
1F	E06E	UpperFixedEngine_Entry_E06E	Direct call from $1E:$8534; Direct call from $1E:$85F6; Direct call from $1E:$86DD; Direct call from $1E:$9D93; Direct call from $1F:$C9F9	A,X,Y	A,P,X,Y	$00ED,$7000+X,$E2,$E3,$E4,$E5,$EA,$EB,$EC,$ED	$E147,$E160,$E169,$E2EE
1F	E147	UpperFixedEngine_Entry_E147	Direct call from $1F:$E029; Direct call from $1F:$E06E	A,Y	A,P,X,Y	$00,$01,$0200+Y,$0203+Y,$0204+Y,$0207+Y,$0208+Y,$020B+Y,$020C+Y,$020F+Y	$C78C
1F	E160	UpperFixedEngine_Entry_E160	Direct call from $1F:$E060; Direct call from $1F:$E0D6; Direct call from $1F:$E106	A,Y	A,P	$0200+Y,$0203+Y,$0204+Y,$0207+Y,$0208+Y,$020B+Y,$020C+Y,$020F+Y,$E2,$E4	$C78C,$E4BB
1F	E169	UpperFixedEngine_Entry_E169	Direct call from $1F:$E050; Direct call from $1F:$E0DC; Direct call from $1F:$E128	A,X,Y	A,P	$0200+Y,$0203+Y,$0204+Y,$0207+Y,$0208+Y,$020B+Y,$020C+Y,$020F+Y,$DE,$DF,$E0,$E1,$E2,$E4,$E6	$C78C,$E368,$E45C,$E4BB
1F	E178	UpperFixedEngine_Entry_E178	Direct call from $1F:$E44E	A,X,Y	A,P	$0200+Y,$0203+Y,$0204+Y,$0207+Y,$0208+Y,$020B+Y,$020C+Y,$020F+Y,$DE,$DF,$E0,$E1,$E2,$E4,$E6	$C78C,$E368,$E45C,$E4BB
1F	E2EE	UpperFixedEngine_Entry_E2EE	Direct call from $1F:$E10E; Direct call from $1F:$E125	A,X	A,P	$6FA0+X,$6FC0+X,$7100+X,$7120+X	
1F	E368	UpperFixedEngine_Entry_E368	Direct call from $1F:$E030; Direct call from $1F:$E05A; Direct call from $1F:$E208; Direct call from $1F:$E263; Direct call from $1F:$E453	A,X,Y	A,P,X,Y	$00,$01,$02,$0201+X,$0202+X,$0205+X,$0206+X,$0209+X,$020A+X,$020D+X,$020E+X,$03	
1F	E402	UpperFixedEngine_Entry_E402	Direct call from $1F:$DFFD	A,X	A,P,X	$70E0+X	
1F	E45C	UpperFixedEngine_Entry_E45C	Direct call from $1F:$E1F6; Direct call from $1F:$E251	A,X	A,P	$00,$01,$07BB,$61,$62,$70E0+X	
1F	E4BB	UpperFixedEngine_Entry_E4BB	Direct call from $1F:$E1AE; Direct call from $1F:$E43A	A	A,P	$00,$01,$61,$62	
1F	E4F6	UpperFixedEngine_Entry_E4F6	Direct call from $15:$B751; Direct call from $1F:$DFFA	A,X	A,P,X	$0200+X	
1F	E501	UpperFixedEngine_Entry_E501	Direct call from $15:$B757; Direct call from $1C:$BBCB; Direct call from $1D:$AD86; Direct call from $1E:$8769; Direct call from $1E:$878F; Direct call from $1E:$9595	A,X	A,P,X	$07BC,$61,$62,$7000+X	
1F	E52C	UpperFixedEngine_Entry_E52C	Direct call from $15:$A7E3	A	A,P	$FD,$FE,$FF	
1F	E66F	UpperFixedEngine_Entry_E66F	Direct call from $1E:$9F9C; Direct call from $1E:$9FA8	A	A,P	$49,$4A	
1F	E67B	UpperFixedEngine_Entry_E67B	Direct call from $1E:$9FF1; Direct call from $1E:$A010	A	A,P	$49,$4A	
1F	E739	UpperFixedEngine_Entry_E739	Direct call from $1F:$E6BD; Direct call from $1F:$E6FC; Direct call from $1F:$E703; Direct call from $1F:$E70A; Direct call from $1F:$E711	A,X,Y	A,P,X,Y	$4015	$EAFC,$ED69
1F	E771	ReadAudioSequenceByte	Direct call from $1F:$E7DC; Direct call from $1F:$E884; Direct call from $1F:$E904; Direct call from $1F:$E918; Direct call from $1F:$E927; Direct call from $1F:$E934; Direct call from $1F:$E970; Direct call from $1F:$E974; Direct call from $1F:$E99C; Direct call from $1F:$EA0D; Direct call from $1F:$EA1A; Direct call from $1F:$EA41; Direct call from $1F:$EFED	X	A,P,X	$A6+X,$A7+X	
1F	E77C	UpperFixedEngine_Entry_E77C	Direct call from $1F:$E6B6; Direct call from $1F:$E6D4; Direct call from $1F:$E6DB; Direct call from $1F:$E6E2; Direct call from $1F:$E6EC	A,X,Y	A,P,X,Y	$00B8+Y,$0102+X,$0103+X,$0620+X,$0621+X,$062A+X,$062B+X,$063C+X,$063D+X,$0646+Y,$10,$11,$4001+X,$4005,$6BFD+X,$6C09+Y,$A0,$A1,$A2,$A4,$A5,$B4,$BB	$E771,$EC59,$ED69,$EE8C,$F0E3,$F0F6
1F	E893	UpperFixedEngine_Entry_E893	Direct call from $1F:$E88D	A	A,P	$B0	
1F	EAFC	UpperFixedEngine_Entry_EAFC	Direct call from $1F:$E757	A,X,Y	A,P,X,Y	$00B5+Y,$00B8+Y,$10,$11,$4002+Y,$4003+Y,$400E,$400F,$6BFD+X,$A0,$A1,$A2,$A3,$A4,$A5,$B4,$B8+X	$ED4B
1F	EC59	UpperFixedEngine_Entry_EC59	Direct call from $1F:$EA31	A,X,Y	A,P,X,Y	$10,$11,$4002+Y,$4003+Y	$ED4B
1F	ED4B	UpperFixedEngine_Entry_ED4B	Direct call from $1F:$EBC2; Direct call from $1F:$EC60	A,X,Y	A,P,X		
1F	ED69	UpperFixedEngine_Entry_ED69	Direct call from $1F:$E75A; Direct call from $1F:$EAC7	A,X,Y	A,P,X,Y	$063C+X,$10,$11,$4000+Y,$6BFD+X,$A0,$A1,$A2	$2000,$EE8C,$EE8E
1F	EE8C	UpperFixedEngine_Entry_EE8C	Direct call from $1F:$EAA9; Direct call from $1F:$EDF7; Direct call from $1F:$EE65	A	A,P	$10,$11	
1F	EE8E	UpperFixedEngine_Entry_EE8E	Direct call from $1F:$EDD5	A	A,P	$10	
1F	EEB9	UpperFixedEngine_Entry_EEB9	Direct call from $1F:$EF00	A,X	A,P,X	$B0	
1F	EEC6	UpperFixedEngine_Entry_EEC6	Direct call from $14:$8385; Direct call from $14:$838D; Direct call from $14:$8395; Direct call from $14:$839D	A,X	A,P,X	$B0	
1F	EEE2	UpperFixedEngine_Entry_EEE2	Direct call from $1F:$E6EF	A,X	A,P,X	$B0,$BB	$EEB9
1F	EF5B	UpperFixedEngine_Entry_EF5B	Direct call from $1F:$F0AA; Direct call from $1F:$F0AF	A,X,Y	A,P,X,Y	$00,$00B1+Y,$00B5+Y,$01,$0620+X,$0621+X,$0628,$0629,$062A+X,$062B+X,$0632,$0633,$063C+X,$063D+X,$0644,$0645,$064B+Y,$064F,$23,$24,$4001,$4005,$4008,$4010,$4015,$4017,$6BF9,$6BFA,$6BFB,$6BFC,$6BFD+X,$6BFE+X,$6C09+Y,$A4,$A5,$A6,$A6+X,$A7,$A7+X,$AC,$AD,$AE,$AF,$B0,$BB,$BC,$BD,$BF	$C3CE,$C3EA,$E771,$EF5B,$F07A
1F	F07A	UpperFixedEngine_Entry_F07A	Direct call from $1F:$EF5B; Direct call from $1F:$F05E	A	A,P	$BF	
1F	F0C7	UpperFixedEngine_Entry_F0C7	Direct call from $17:$944B	A	A,P		$C8EC,$FF74
1F	F0E3	UpperFixedEngine_Entry_F0E3	Direct call from $1F:$E6CD; Direct call from $1F:$E7B8	A	A,P	$6E86	$FF94
1F	F0F6	UpperFixedEngine_Entry_F0F6	Direct call from $1F:$E6E5; Direct call from $1F:$E79F	A	A,P	$6E86	$FF94
1F	F104	UpperFixedEngine_Entry_F104	Direct call from $1E:$A368	A,X	A,P,X	$0480+X,$04F2,$04F3	
1F	F1BF	UpperFixedEngine_Entry_F1BF	Direct call from $1B:$9E93		P,X		$C90C
1F	F231	UpperFixedEngine_Entry_F231	Direct call from $1F:$F1FA	A,X	A,P,X	$0300+X,$0301+X,$0302+X,$0303+X,$0304+X,$0305+X,$0306+X,$0307+X,$0308+X,$0309+X,$050A,$050B	
1F	F271	UpperFixedEngine_Entry_F271	Direct ROM analysis: Coherent routine after RTS $F270 that loads the $F29C stream pointer into $49/$4A and calls $F293 and $C662	A,X	A,P,X	$49,$4A,$51,$52,$53,$54,$55	$C662,$F293
1F	F293	UpperFixedEngine_Entry_F293	Direct call from $1F:$F27F; Direct call from $1F:$F2B3	A	A,P	$00,$01	
1F	F29E	UpperFixedEngine_Entry_F29E	Direct ROM analysis: Coherent routine after the $F29C stream pointer that copies $7608-$760B into $52-$55 and returns at $F2B2	A	A,P	$52,$53,$54,$55	
1F	F2B3	UpperFixedEngine_Entry_F2B3	Direct ROM analysis: Coherent routine calling $F293 before JMP $C727 at $F2B7, immediately preceding the $F2BB stream	A,X	A,P,X	$0300+X,$050A,$050B,$0D,$1C,$1D,$1E	$C662,$C6C3,$F293
1F	F3FB	UpperFixedEngine_Entry_F3FB	Direct call from $1B:$A532; Direct call from $1B:$A798; Direct call from $1B:$A7C6; Direct call from $1B:$B554	A,X	A,P	$00,$01,$02,$05	$F405,$F41B,$F453
1F	F405	UpperFixedEngine_Entry_F405	Direct call from $1F:$F400	A	A,P	$00,$01,$02	$F41B,$F453
1F	F41B	UpperFixedEngine_Entry_F41B	Direct call from $1F:$F408	A,X,Y	A,P,X,Y	$06,$2007	
1F	F453	UpperFixedEngine_Entry_F453	Direct call from $1F:$F405	A,X,Y	A,P,X,Y	$00+X,$2006	
1F	F6D0	UpperFixedEngine_Entry_F6D0	Direct call from $15:$A247		P		$0F10
1F	FDFB	UpperFixedEngine_Entry_FDFB	Direct call from $1D:$B61F		P		$FE0B,$FE27,$FE52,$FE6B
1F	FE0B	UpperFixedEngine_Entry_FE0B	Direct call from $1F:$FE07	X	P,X		$FE1A,$FF74
1F	FE1A	UpperFixedEngine_Entry_FE1A	Direct call from $1F:$FE0D; Direct call from $1F:$FE10		P	$0210,$0214,$0218,$021C	
1F	FE27	UpperFixedEngine_Entry_FE27	Direct call from $1F:$FE01	A,X,Y	A,P,X,Y	$0200+Y	
1F	FE52	UpperFixedEngine_Entry_FE52	Direct call from $1F:$FDFE; Direct call from $1F:$FE04	X	P,X		$FE5E,$FF74
1F	FE5E	UpperFixedEngine_Entry_FE5E	Direct call from $1F:$FE54		P	$0210,$0214,$0218,$021C	
1F	FE6B	UpperFixedEngine_Entry_FE6B	Direct call from $1F:$FDFB	A,X	A,P,X	$0300,$0301,$0302,$0303+X,$050B,$1F	
1F	FECD	UpperFixedEngine_Entry_FECD	Direct call from $1B:$A7DA; Direct call from $1B:$AD6E	A,X	A,P,X	$0200,$0201,$0202,$0203,$0300,$0301,$0302,$0303+X,$050B,$1F,$7B,$7C,$7F	$C118
1F	FF10	UpperFixedEngine_Entry_FF10	Direct call from $1B:$A7F0; Direct call from $1B:$A840; Direct call from $1B:$A843; Direct call from $1B:$A846; Direct call from $1B:$A849; Direct call from $1B:$A84C; Direct call from $1B:$A84F; Direct call from $1B:$ADE4; Direct call from $1B:$ADE7; Direct call from $1B:$ADEA; Direct call from $1B:$ADF7	A,X,Y	A,P,X,Y	$12,$2005,$7B,$7C,$7F	$C913
1F	FF74	WaitForNmi	Direct call from $12:$8648; Direct call from $12:$9818; Direct call from $12:$9867; Direct call from $12:$987F; Direct call from $12:$98BF; Direct call from $12:$9994; Direct call from $12:$9B07; Direct call from $12:$9B3D; Direct call from $12:$A32C; Direct call from $12:$A379; Direct call from $12:$BC84; Direct call from $12:$BCA8; Direct call from $14:$81C9; Direct call from $14:$8274; Direct call from $14:$83C2; Direct call from $14:$88A5; Direct call from $14:$8BAF; Direct call from $14:$8BC2; Direct call from $14:$8ED9; Direct call from $14:$9079; Direct call from $14:$90B5; Direct call from $14:$91A5; Direct call from $14:$91B9; Direct call from $14:$91F1; Direct call from $14:$91F7; Direct call from $14:$9A88; Direct call from $14:$A0C6; Direct call from $14:$A461; Direct call from $14:$A554; Direct call from $15:$AF9E; Direct call from $15:$B75A; Direct call from $16:$8669; Direct call from $16:$88BD; Direct call from $17:$810A; Direct call from $17:$8131; Direct call from $17:$8487; Direct call from $17:$8499; Direct call from $17:$87AC; Direct call from $17:$88AD; Direct call from $17:$8923; Direct call from $17:$8A11; Direct call from $17:$8D9A; Direct call from $17:$9372; Direct call from $17:$9C56; Direct call from $17:$9CB2; Direct call from $17:$9E1F; Direct call from $17:$9FA0; Direct call from $17:$A07E; Direct call from $18:$AE56; Direct call from $18:$AE86; Direct call from $1B:$9141; Direct call from $1B:$9151; Direct call from $1B:$915A; Direct call from $1B:$91B7; Direct call from $1B:$9357; Direct call from $1B:$9360; Direct call from $1B:$9F0D; Direct call from $1B:$A2DF; Direct call from $1B:$A51A; Direct call from $1B:$A73F; Direct call from $1B:$A7CF; Direct call from $1B:$A7DD; Direct call from $1B:$AD4C; Direct call from $1B:$AD71; Direct call from $1B:$ADB0; Direct call from $1B:$B01B; Direct call from $1B:$B332; Direct call from $1C:$B0A1; Direct call from $1C:$B201; Direct call from $1C:$B23C; Direct call from $1C:$B243; Direct call from $1C:$B3EF; Direct call from $1C:$B441; Direct call from $1C:$B469; Direct call from $1C:$B4F1; Direct call from $1C:$B98C; Direct call from $1C:$BB6E; Direct call from $1C:$BC0C; Direct call from $1C:$BF08; Direct call from $1D:$8F58; Direct call from $1D:$8F7C; Direct call from $1D:$9230; Direct call from $1D:$9431; Direct call from $1D:$95AB; Direct call from $1D:$95C1; Direct call from $1D:$9616; Direct call from $1D:$AE27; Direct call from $1D:$B9D5; Direct call from $1D:$BA50; Direct call from $1E:$811A; Direct call from $1E:$837F; Direct call from $1E:$853A; Direct call from $1E:$85A4; Direct call from $1E:$8621; Direct call from $1E:$869E; Direct call from $1E:$8700; Direct call from $1E:$8780; Direct call from $1E:$891F; Direct call from $1E:$8A1A; Direct call from $1E:$8AE9; Direct call from $1E:$8B42; Direct call from $1E:$8B63; Direct call from $1E:$8CA1; Direct call from $1E:$90A8; Direct call from $1E:$988B; Direct call from $1E:$9A89; Direct call from $1E:$9AB7; Direct call from $1E:$9ABA; Direct call from $1E:$9AC6; Direct call from $1E:$9D9C; Direct call from $1E:$A3D5; Direct call from $1E:$A7FA; Direct call from $1E:$A9A7; Direct call from $1E:$B845; Direct call from $1F:$C0C4; Direct call from $1F:$C563; Direct call from $1F:$C8D3; Direct call from $1F:$C8E1; Direct call from $1F:$C90C; Direct call from $1F:$D230; Direct call from $1F:$F0B4; Direct call from $1F:$F0B7; Direct call from $1F:$F0BA; Direct call from $1F:$F0BD; Direct call from $1F:$F0C7; Direct call from $1F:$F0CA; Direct call from $1F:$F0CD; Direct call from $1F:$F0D0; Direct call from $1F:$FE13; Direct call from $1F:$FE57	A	A,P	$12	$C913
1F	FF91	SelectPrgBank	Direct call from $1F:$C1B3; Direct call from $1F:$C3B0; Direct call from $1F:$C3BC; Direct call from $1F:$C3DA; Direct call from $1F:$C3F2; Direct call from $1F:$C402; Direct call from $1F:$C7E7; Direct call from $1F:$C9E5; Direct call from $1F:$D258; Direct call from $1F:$D261; Direct call from $1F:$D56E; Direct call from $1F:$D5AF; Direct call from $1F:$D5F8; Direct call from $1F:$DAAF; Direct call from $1F:$DAC0; Direct call from $1F:$DF80; Direct call from $1F:$DF9B; Direct call from $1F:$DFBB; Direct call from $1F:$DFC9; Direct call from $1F:$DFE2; Direct call from $1F:$E611	A	A,P	$0501,$0507,$BFFF,$FFFF	
1F	FF94	UpperFixedEngine_Entry_FF94	Direct call from $1F:$E693; Direct call from $1F:$F0F2; Direct call from $1F:$F100	A	A,P	$0501,$BFFF,$FFFF	
1F	FFD8	Reset	CPU vector: RESET vector target	A,X	A,P,X	$00+X,$0300+X,$0400+X,$0500,$0501,$0502,$0503,$0504,$0505,$0505+X,$0506,$0600+X,$0700+X,$2000,$2001,$2006,$2007,$39,$FFDF,$FFFF	$C104,$C52F,$C543,$C569,$C983,$FF74
